I,II,III,aVR,aVL,aVF,V1,V2,V3,V4,V5,V6
-168.0,-303.0,-429.0,-554.0,-698.0,-833.0,-129,-250,-377,-523,-666,-783
-168.0,-303.0,-430.0,-554.0,-698.0,-833.0,-129,-250,-377,-523,-666,-783
-168.0,-303.0,-431.0,-554.0,-698.0,-833.0,-129,-249,-376,-523,-667,-783
-167.0,-303.0,-430.0,-555.0,-698.0,-833.0,-129,-248,-375,-524,-668,-782
-167.0,-303.0,-429.0,-555.0,-698.0,-833.0,-129,-247,-374,-524,-669,-781
-166.0,-303.0,-430.0,-556.0,-698.0,-834.0,-129,-245,-373,-525,-669,-779
-165.0,-303.0,-430.0,-557.0,-697.0,-835.0,-129,-242,-371,-525,-670,-778
-163.0,-302.0,-433.0,-558.0,-696.0,-834.0,-129,-244,-368,-526,-671,-776
-163.0,-302.0,-431.0,-559.0,-696.0,-833.0,-128,-245,-371,-528,-673,-774
-163.0,-300.0,-430.0,-559.0,-696.0,-833.0,-127,-246,-372,-526,-671,-776
-163.0,-299.0,-429.0,-559.0,-696.0,-832.0,-126,-247,-373,-526,-670,-776
-164.0,-299.0,-429.0,-559.0,-696.0,-831.0,-125,-248,-375,-525,-669,-777
-165.0,-298.0,-429.0,-558.0,-697.0,-830.0,-123,-249,-380,-523,-668,-778
-166.0,-298.0,-429.0,-557.0,-697.0,-830.0,-123,-251,-382,-522,-666,-792
-169.0,-299.0,-429.0,-554.0,-697.0,-830.0,-123,-252,-386,-516,-665,-793
-166.0,-299.0,-428.0,-557.0,-698.0,-831.0,-123,-253,-387,-520,-661,-793
-165.0,-303.0,-428.0,-558.0,-700.0,-833.0,-123,-254,-389,-521,-658,-793
-164.0,-300.0,-428.0,-559.0,-698.0,-831.0,-123,-255,-390,-522,-658,-793
-164.0,-299.0,-427.0,-560.0,-697.0,-830.0,-124,-255,-391,-523,-659,-794
-164.0,-298.0,-426.0,-560.0,-698.0,-829.0,-124,-256,-392,-524,-660,-794
-163.0,-296.0,-425.0,-561.0,-698.0,-829.0,-125,-257,-393,-524,-661,-795
-163.0,-295.0,-424.0,-561.0,-699.0,-828.0,-124,-257,-393,-525,-662,-796
-163.0,-294.0,-423.0,-562.0,-700.0,-827.0,-124,-257,-395,-526,-663,-797
-163.0,-293.0,-422.0,-562.0,-700.0,-826.0,-124,-257,-393,-526,-663,-797
-163.0,-292.0,-421.0,-563.0,-701.0,-825.0,-123,-257,-393,-528,-664,-798
-164.0,-291.0,-419.0,-563.0,-702.0,-824.0,-123,-257,-392,-527,-664,-798
-168.0,-290.0,-418.0,-563.0,-703.0,-823.0,-123,-257,-391,-526,-664,-798
-165.0,-289.0,-416.0,-564.0,-704.0,-821.0,-123,-257,-391,-526,-666,-798
-164.0,-288.0,-414.0,-564.0,-704.0,-820.0,-123,-257,-391,-525,-664,-799
-164.0,-287.0,-413.0,-565.0,-705.0,-818.0,-123,-257,-391,-525,-664,-798
-163.0,-285.0,-412.0,-567.0,-705.0,-817.0,-123,-257,-390,-525,-664,-798
-164.0,-283.0,-411.0,-569.0,-706.0,-815.0,-123,-257,-390,-524,-664,-798
-165.0,-281.0,-407.0,-567.0,-707.0,-814.0,-123,-257,-390,-524,-663,-798
-167.0,-280.0,-409.0,-566.0,-709.0,-810.0,-123,-257,-390,-524,-663,-798
-165.0,-278.0,-410.0,-566.0,-707.0,-812.0,-123,-257,-389,-523,-663,-797
-164.0,-280.0,-411.0,-566.0,-706.0,-813.0,-123,-257,-389,-523,-662,-796
-163.0,-280.0,-413.0,-566.0,-705.0,-814.0,-123,-257,-389,-523,-661,-795
-162.0,-281.0,-415.0,-566.0,-703.0,-815.0,-123,-257,-389,-520,-660,-794
-161.0,-282.0,-416.0,-566.0,-701.0,-816.0,-123,-257,-389,-523,-660,-794
-161.0,-283.0,-418.0,-566.0,-700.0,-817.0,-123,-257,-389,-523,-660,-794
-161.0,-284.0,-421.0,-566.0,-699.0,-819.0,-123,-257,-389,-523,-663,-795
-161.0,-285.0,-422.0,-565.0,-698.0,-821.0,-123,-257,-388,-522,-661,-797
-161.0,-287.0,-425.0,-564.0,-697.0,-822.0,-123,-257,-386,-521,-660,-795
-161.0,-289.0,-426.0,-563.0,-696.0,-824.0,-124,-257,-388,-519,-660,-794
-161.0,-290.0,-427.0,-562.0,-696.0,-826.0,-124,-257,-389,-521,-660,-794
-161.0,-292.0,-428.0,-562.0,-696.0,-827.0,-125,-258,-389,-522,-660,-794
-161.0,-293.0,-428.0,-562.0,-696.0,-828.0,-124,-258,-390,-523,-660,-794
-161.0,-294.0,-428.0,-562.0,-696.0,-829.0,-124,-258,-390,-523,-661,-794
-161.0,-295.0,-428.0,-562.0,-696.0,-830.0,-124,-258,-390,-523,-661,-794
-161.0,-295.0,-428.0,-562.0,-696.0,-830.0,-123,-258,-390,-523,-661,-794
-161.0,-295.0,-428.0,-562.0,-696.0,-830.0,-123,-258,-390,-523,-661,-794
-161.0,-295.0,-428.0,-562.0,-696.0,-830.0,-123,-258,-390,-523,-661,-794
-161.0,-295.0,-428.0,-562.0,-696.0,-830.0,-123,-259,-390,-523,-661,-794
-161.0,-295.0,-429.0,-561.0,-696.0,-830.0,-124,-259,-390,-523,-661,-794
-160.0,-295.0,-429.0,-562.0,-695.0,-830.0,-124,-259,-390,-524,-661,-794
-159.0,-296.0,-429.0,-563.0,-694.0,-831.0,-124,-260,-390,-524,-661,-795
-159.0,-295.0,-431.0,-562.0,-694.0,-830.0,-124,-260,-390,-524,-661,-795
-160.0,-295.0,-430.0,-562.0,-690.0,-830.0,-124,-261,-391,-524,-661,-795
-160.0,-295.0,-429.0,-561.0,-694.0,-830.0,-124,-262,-391,-524,-662,-795
-160.0,-295.0,-429.0,-561.0,-695.0,-830.0,-125,-261,-391,-524,-663,-796
-160.0,-295.0,-429.0,-561.0,-695.0,-830.0,-124,-261,-391,-524,-665,-796
-160.0,-295.0,-428.0,-564.0,-695.0,-830.0,-124,-260,-391,-524,-663,-798
-160.0,-295.0,-428.0,-562.0,-695.0,-830.0,-124,-260,-391,-524,-662,-796
-161.0,-295.0,-428.0,-561.0,-695.0,-829.0,-124,-261,-391,-524,-662,-796
-162.0,-294.0,-428.0,-561.0,-696.0,-829.0,-124,-261,-391,-524,-662,-795
-166.0,-295.0,-428.0,-560.0,-696.0,-829.0,-124,-261,-391,-524,-662,-795
-163.0,-295.0,-428.0,-556.0,-698.0,-830.0,-124,-261,-392,-524,-662,-796
-162.0,-296.0,-428.0,-560.0,-696.0,-831.0,-123,-261,-391,-524,-663,-796
-161.0,-299.0,-428.0,-561.0,-696.0,-830.0,-123,-262,-391,-526,-663,-797
-160.0,-296.0,-428.0,-562.0,-695.0,-830.0,-123,-262,-391,-524,-663,-797
-160.0,-295.0,-428.0,-564.0,-695.0,-829.0,-123,-263,-391,-525,-664,-797
-160.0,-294.0,-428.0,-562.0,-695.0,-829.0,-123,-262,-391,-526,-663,-797
-160.0,-294.0,-428.0,-561.0,-695.0,-829.0,-123,-262,-391,-525,-663,-797
-161.0,-294.0,-428.0,-561.0,-696.0,-829.0,-123,-262,-391,-525,-663,-800
-161.0,-294.0,-428.0,-560.0,-696.0,-829.0,-123,-261,-391,-524,-663,-798
-163.0,-295.0,-428.0,-560.0,-697.0,-829.0,-123,-261,-391,-524,-662,-797
-162.0,-295.0,-428.0,-560.0,-696.0,-829.0,-123,-261,-390,-523,-662,-796
-161.0,-295.0,-428.0,-560.0,-696.0,-830.0,-123,-261,-390,-523,-660,-795
-161.0,-295.0,-429.0,-561.0,-696.0,-830.0,-123,-261,-390,-523,-660,-795
-161.0,-295.0,-430.0,-561.0,-695.0,-830.0,-123,-261,-390,-523,-660,-795
-160.0,-296.0,-433.0,-562.0,-694.0,-830.0,-123,-261,-389,-522,-660,-794
-159.0,-296.0,-431.0,-562.0,-694.0,-831.0,-124,-261,-389,-522,-659,-794
-156.0,-299.0,-430.0,-565.0,-690.0,-833.0,-125,-260,-387,-520,-659,-793
-159.0,-296.0,-429.0,-563.0,-693.0,-831.0,-126,-260,-386,-519,-658,-793
-159.0,-295.0,-428.0,-562.0,-694.0,-830.0,-126,-260,-383,-515,-656,-792
-160.0,-294.0,-429.0,-562.0,-694.0,-829.0,-129,-261,-386,-518,-655,-791
-160.0,-294.0,-429.0,-561.0,-695.0,-829.0,-127,-261,-387,-519,-654,-790
-162.0,-294.0,-430.0,-561.0,-696.0,-830.0,-126,-263,-388,-519,-654,-788
-161.0,-294.0,-430.0,-561.0,-695.0,-830.0,-125,-261,-388,-520,-654,-790
-160.0,-295.0,-432.0,-561.0,-695.0,-830.0,-124,-261,-388,-520,-652,-790
-160.0,-297.0,-430.0,-562.0,-694.0,-830.0,-124,-260,-388,-520,-654,-791
-159.0,-296.0,-430.0,-562.0,-694.0,-830.0,-123,-259,-389,-521,-654,-791
-156.0,-295.0,-430.0,-562.0,-691.0,-831.0,-123,-259,-389,-521,-654,-791
-158.0,-295.0,-429.0,-563.0,-693.0,-830.0,-123,-260,-389,-522,-655,-791
-159.0,-295.0,-429.0,-563.0,-694.0,-830.0,-122,-261,-391,-523,-656,-792
-159.0,-294.0,-429.0,-563.0,-694.0,-830.0,-122,-261,-391,-524,-657,-793
-158.0,-294.0,-429.0,-563.0,-694.0,-830.0,-122,-262,-392,-524,-658,-794
-158.0,-294.0,-429.0,-564.0,-694.0,-830.0,-122,-262,-392,-525,-659,-795
-157.0,-293.0,-428.0,-565.0,-695.0,-829.0,-122,-262,-393,-525,-659,-796
-157.0,-292.0,-427.0,-567.0,-695.0,-828.0,-122,-262,-393,-526,-659,-796
-156.0,-291.0,-425.0,-568.0,-695.0,-827.0,-122,-262,-393,-526,-659,-796
-156.0,-289.0,-424.0,-570.0,-695.0,-825.0,-122,-262,-393,-527,-659,-797
-154.0,-287.0,-418.0,-572.0,-697.0,-823.0,-123,-264,-394,-526,-659,-796
-153.0,-284.0,-421.0,-576.0,-695.0,-821.0,-124,-262,-395,-526,-659,-796
-153.0,-282.0,-423.0,-573.0,-695.0,-816.0,-123,-262,-394,-526,-659,-796
-152.0,-277.0,-425.0,-572.0,-694.0,-819.0,-123,-262,-393,-525,-659,-795
-149.0,-281.0,-426.0,-571.0,-692.0,-820.0,-122,-262,-393,-525,-659,-795
-152.0,-282.0,-428.0,-571.0,-691.0,-822.0,-122,-262,-393,-525,-659,-795
-153.0,-283.0,-430.0,-569.0,-687.0,-823.0,-121,-262,-393,-525,-659,-795
-154.0,-285.0,-432.0,-568.0,-690.0,-825.0,-119,-261,-393,-526,-659,-795
-155.0,-287.0,-430.0,-566.0,-691.0,-827.0,-118,-259,-396,-526,-660,-796
-158.0,-288.0,-429.0,-565.0,-693.0,-827.0,-117,-257,-393,-529,-664,-797
-159.0,-290.0,-429.0,-563.0,-694.0,-828.0,-117,-252,-388,-525,-661,-800
-162.0,-292.0,-431.0,-562.0,-694.0,-829.0,-123,-248,-375,-517,-659,-797
-160.0,-294.0,-432.0,-561.0,-694.0,-830.0,-128,-241,-360,-498,-648,-793
-159.0,-295.0,-434.0,-561.0,-693.0,-831.0,-133,-236,-349,-487,-629,-777
-159.0,-297.0,-435.0,-561.0,-691.0,-833.0,-139,-223,-336,-474,-618,-766
-159.0,-298.0,-438.0,-560.0,-689.0,-834.0,-150,-232,-303,-461,-610,-758
-160.0,-298.0,-435.0,-560.0,-691.0,-835.0,-139,-239,-335,-430,-571,-748
-161.0,-299.0,-434.0,-559.0,-692.0,-835.0,-137,-249,-350,-474,-596,-722
-162.0,-300.0,-434.0,-559.0,-692.0,-835.0,-132,-259,-373,-491,-616,-752
-161.0,-300.0,-434.0,-559.0,-692.0,-835.0,-127,-268,-392,-512,-632,-767
-161.0,-300.0,-434.0,-558.0,-692.0,-835.0,-123,-277,-411,-534,-653,-780
-160.0,-300.0,-435.0,-556.0,-692.0,-835.0,-121,-290,-420,-549,-669,-794
-160.0,-300.0,-436.0,-558.0,-691.0,-835.0,-119,-280,-438,-570,-681,-809
-158.0,-301.0,-437.0,-559.0,-690.0,-836.0,-119,-276,-421,-555,-697,-823
-154.0,-301.0,-440.0,-560.0,-687.0,-837.0,-120,-271,-413,-548,-680,-813
-157.0,-303.0,-438.0,-561.0,-689.0,-839.0,-120,-268,-407,-542,-675,-809
-159.0,-301.0,-437.0,-559.0,-690.0,-837.0,-121,-266,-402,-537,-671,-805
-160.0,-301.0,-435.0,-558.0,-691.0,-837.0,-121,-264,-398,-532,-666,-801
-162.0,-300.0,-434.0,-553.0,-692.0,-836.0,-121,-263,-397,-530,-664,-799
-167.0,-301.0,-431.0,-557.0,-694.0,-836.0,-121,-263,-396,-529,-663,-798
-161.0,-303.0,-430.0,-560.0,-693.0,-834.0,-121,-263,-396,-528,-662,-797
-151.0,-301.0,-433.0,-566.0,-688.0,-833.0,-123,-263,-396,-528,-662,-797
-140.0,-300.0,-438.0,-572.0,-682.0,-832.0,-121,-263,-396,-528,-662,-796
-133.0,-298.0,-444.0,-577.0,-673.0,-832.0,-121,-263,-396,-528,-662,-796
-102.0,-294.0,-455.0,-583.0,-664.0,-834.0,-121,-263,-396,-527,-661,-796
-128.0,-291.0,-466.0,-594.0,-655.0,-838.0,-121,-263,-395,-527,-661,-796
-102.0,-281.0,-475.0,-575.0,-637.0,-844.0,-121,-263,-395,-527,-661,-796
-132.0,-290.0,-482.0,-566.0,-648.0,-853.0,-121,-263,-395,-527,-661,-795
-139.0,-299.0,-495.0,-561.0,-653.0,-859.0,-121,-263,-395,-527,-660,-795
-150.0,-308.0,-479.0,-553.0,-661.0,-866.0,-121,-263,-395,-527,-660,-795
-162.0,-316.0,-471.0,-533.0,-671.0,-883.0,-121,-262,-395,-527,-660,-795
-175.0,-327.0,-463.0,-541.0,-678.0,-871.0,-121,-262,-395,-528,-660,-794
-168.0,-344.0,-453.0,-544.0,-683.0,-867.0,-121,-262,-395,-528,-660,-794
-166.0,-333.0,-446.0,-547.0,-689.0,-860.0,-121,-262,-395,-529,-660,-794
-163.0,-326.0,-441.0,-551.0,-692.0,-853.0,-121,-262,-395,-529,-660,-794
-161.0,-320.0,-437.0,-555.0,-691.0,-846.0,-121,-261,-395,-530,-660,-794
-160.0,-313.0,-436.0,-557.0,-691.0,-842.0,-121,-261,-394,-529,-660,-794
-159.0,-307.0,-435.0,-560.0,-691.0,-838.0,-121,-261,-394,-529,-660,-794
-158.0,-303.0,-434.0,-560.0,-690.0,-836.0,-123,-260,-394,-528,-660,-793
-158.0,-301.0,-434.0,-561.0,-690.0,-835.0,-121,-260,-393,-528,-659,-793
-157.0,-299.0,-436.0,-561.0,-690.0,-835.0,-121,-259,-392,-527,-659,-793
-157.0,-298.0,-435.0,-561.0,-690.0,-834.0,-121,-258,-391,-526,-658,-792
-157.0,-298.0,-434.0,-561.0,-690.0,-834.0,-121,-257,-390,-525,-657,-792
-157.0,-298.0,-434.0,-561.0,-690.0,-834.0,-121,-257,-390,-524,-657,-791
-157.0,-297.0,-435.0,-561.0,-690.0,-833.0,-121,-257,-389,-524,-656,-791
-157.0,-297.0,-435.0,-561.0,-690.0,-834.0,-121,-257,-388,-523,-656,-790
-156.0,-298.0,-437.0,-561.0,-689.0,-834.0,-121,-256,-387,-522,-655,-789
-155.0,-301.0,-435.0,-562.0,-689.0,-837.0,-121,-256,-386,-522,-654,-789
-154.0,-298.0,-435.0,-563.0,-689.0,-834.0,-121,-256,-386,-521,-654,-788
-152.0,-297.0,-434.0,-566.0,-687.0,-834.0,-121,-256,-385,-520,-653,-787
-154.0,-295.0,-434.0,-564.0,-689.0,-833.0,-120,-256,-384,-519,-652,-787
-155.0,-295.0,-434.0,-563.0,-689.0,-832.0,-120,-256,-383,-518,-651,-786
-156.0,-294.0,-434.0,-563.0,-689.0,-832.0,-119,-255,-382,-517,-650,-785
-157.0,-294.0,-433.0,-562.0,-690.0,-832.0,-119,-255,-382,-517,-649,-784
-158.0,-294.0,-432.0,-561.0,-691.0,-832.0,-119,-255,-382,-517,-649,-784
-159.0,-296.0,-431.0,-562.0,-692.0,-831.0,-117,-255,-382,-516,-649,-784
-158.0,-295.0,-431.0,-562.0,-693.0,-831.0,-119,-254,-380,-516,-649,-783
-157.0,-294.0,-430.0,-563.0,-693.0,-830.0,-119,-254,-382,-516,-647,-781
-157.0,-294.0,-430.0,-563.0,-692.0,-829.0,-119,-252,-382,-514,-649,-783
-156.0,-294.0,-430.0,-563.0,-691.0,-829.0,-119,-254,-382,-516,-649,-783
-156.0,-293.0,-429.0,-564.0,-689.0,-829.0,-120,-254,-382,-516,-649,-784
-155.0,-293.0,-429.0,-564.0,-691.0,-829.0,-120,-254,-382,-516,-649,-784
-153.0,-292.0,-428.0,-565.0,-692.0,-829.0,-121,-255,-383,-517,-650,-784
-155.0,-291.0,-428.0,-565.0,-692.0,-828.0,-121,-255,-384,-518,-650,-785
-155.0,-290.0,-426.0,-566.0,-693.0,-827.0,-122,-255,-385,-519,-652,-785
-156.0,-289.0,-424.0,-567.0,-694.0,-826.0,-122,-256,-386,-520,-652,-786
-157.0,-288.0,-422.0,-567.0,-695.0,-824.0,-122,-256,-387,-521,-653,-786
-158.0,-286.0,-420.0,-568.0,-696.0,-823.0,-122,-256,-389,-522,-654,-787
-158.0,-285.0,-418.0,-569.0,-697.0,-821.0,-122,-257,-389,-523,-654,-788
-158.0,-284.0,-416.0,-570.0,-698.0,-819.0,-122,-257,-389,-523,-655,-788
-158.0,-281.0,-415.0,-570.0,-699.0,-817.0,-122,-258,-390,-524,-656,-789
-159.0,-280.0,-414.0,-570.0,-700.0,-815.0,-122,-258,-391,-524,-656,-789
-159.0,-279.0,-412.0,-570.0,-701.0,-814.0,-122,-258,-391,-525,-657,-790
-159.0,-278.0,-410.0,-570.0,-704.0,-813.0,-122,-258,-391,-525,-657,-790
-159.0,-277.0,-412.0,-571.0,-702.0,-813.0,-122,-258,-391,-526,-657,-791
-157.0,-277.0,-413.0,-571.0,-701.0,-813.0,-122,-259,-391,-526,-658,-791
-156.0,-277.0,-413.0,-572.0,-701.0,-812.0,-122,-260,-392,-526,-658,-791
-156.0,-276.0,-413.0,-573.0,-700.0,-812.0,-122,-259,-391,-528,-658,-791
-155.0,-275.0,-413.0,-574.0,-699.0,-810.0,-122,-258,-391,-527,-658,-791
-154.0,-275.0,-414.0,-577.0,-698.0,-812.0,-122,-258,-391,-526,-658,-791
-153.0,-274.0,-415.0,-575.0,-698.0,-812.0,-122,-258,-391,-526,-658,-791
-151.0,-271.0,-416.0,-574.0,-697.0,-812.0,-122,-257,-391,-526,-658,-791
-153.0,-274.0,-418.0,-573.0,-696.0,-813.0,-122,-257,-390,-525,-658,-791
-154.0,-275.0,-419.0,-572.0,-695.0,-815.0,-122,-256,-390,-525,-657,-791
-155.0,-277.0,-420.0,-571.0,-695.0,-816.0,-122,-256,-390,-524,-657,-791
-155.0,-279.0,-421.0,-570.0,-695.0,-818.0,-122,-256,-390,-524,-657,-791
-154.0,-280.0,-423.0,-569.0,-694.0,-819.0,-122,-256,-390,-524,-657,-791
-154.0,-282.0,-424.0,-569.0,-694.0,-820.0,-122,-256,-389,-524,-657,-791
-151.0,-283.0,-425.0,-569.0,-694.0,-821.0,-122,-256,-389,-523,-657,-791
-153.0,-283.0,-426.0,-569.0,-693.0,-822.0,-122,-256,-387,-523,-656,-791
-154.0,-284.0,-426.0,-568.0,-690.0,-823.0,-122,-256,-389,-522,-654,-790
-155.0,-285.0,-426.0,-567.0,-693.0,-823.0,-122,-256,-389,-523,-656,-788
-156.0,-286.0,-427.0,-566.0,-694.0,-824.0,-122,-256,-390,-523,-656,-790
-157.0,-287.0,-427.0,-565.0,-694.0,-824.0,-122,-256,-390,-523,-657,-791
-157.0,-288.0,-427.0,-565.0,-694.0,-825.0,-122,-256,-390,-524,-657,-791
-156.0,-289.0,-427.0,-566.0,-694.0,-825.0,-122,-257,-390,-524,-657,-791
-154.0,-289.0,-427.0,-568.0,-693.0,-826.0,-122,-257,-390,-524,-657,-791
-150.0,-288.0,-427.0,-572.0,-693.0,-826.0,-123,-257,-390,-524,-657,-791
-154.0,-287.0,-428.0,-568.0,-689.0,-823.0,-123,-257,-390,-525,-657,-791
-155.0,-283.0,-429.0,-567.0,-693.0,-825.0,-123,-257,-391,-525,-657,-791
-156.0,-287.0,-428.0,-566.0,-693.0,-826.0,-123,-257,-391,-525,-657,-791
-157.0,-288.0,-427.0,-565.0,-694.0,-827.0,-124,-257,-391,-525,-657,-791
-157.0,-290.0,-427.0,-566.0,-694.0,-827.0,-123,-258,-391,-526,-657,-791
-156.0,-291.0,-426.0,-566.0,-695.0,-826.0,-123,-258,-392,-526,-657,-791
-155.0,-289.0,-425.0,-567.0,-695.0,-825.0,-123,-260,-394,-526,-658,-791
-152.0,-288.0,-425.0,-570.0,-695.0,-824.0,-123,-258,-392,-526,-658,-792
-155.0,-287.0,-425.0,-568.0,-695.0,-823.0,-123,-258,-392,-526,-658,-792
-155.0,-286.0,-424.0,-567.0,-695.0,-823.0,-122,-257,-391,-526,-658,-792
-157.0,-283.0,-424.0,-567.0,-695.0,-823.0,-122,-257,-391,-526,-657,-792
-157.0,-285.0,-421.0,-566.0,-695.0,-820.0,-122,-258,-391,-526,-655,-791
-158.0,-286.0,-423.0,-565.0,-695.0,-822.0,-122,-258,-391,-526,-657,-789
-158.0,-286.0,-424.0,-564.0,-695.0,-823.0,-122,-259,-392,-526,-657,-791
-157.0,-287.0,-425.0,-565.0,-695.0,-824.0,-122,-259,-392,-526,-658,-792
-157.0,-288.0,-425.0,-565.0,-695.0,-824.0,-122,-259,-392,-526,-658,-792
-157.0,-288.0,-424.0,-566.0,-696.0,-824.0,-122,-259,-392,-526,-659,-792
-155.0,-288.0,-423.0,-566.0,-696.0,-824.0,-122,-260,-392,-526,-659,-792
-157.0,-287.0,-422.0,-566.0,-696.0,-823.0,-122,-259,-392,-526,-659,-792
-157.0,-286.0,-421.0,-569.0,-696.0,-822.0,-122,-259,-392,-526,-659,-792
-157.0,-286.0,-421.0,-567.0,-696.0,-821.0,-123,-259,-392,-527,-659,-792
-158.0,-282.0,-421.0,-566.0,-696.0,-821.0,-125,-259,-394,-527,-660,-792
-159.0,-284.0,-421.0,-565.0,-697.0,-819.0,-123,-259,-393,-528,-659,-792
-160.0,-285.0,-421.0,-564.0,-697.0,-821.0,-123,-258,-392,-527,-659,-792
-161.0,-286.0,-421.0,-562.0,-698.0,-821.0,-122,-258,-392,-527,-659,-792
-162.0,-287.0,-421.0,-561.0,-699.0,-822.0,-122,-258,-392,-526,-659,-792
-164.0,-288.0,-421.0,-560.0,-700.0,-823.0,-122,-257,-391,-526,-659,-792
-165.0,-290.0,-420.0,-557.0,-701.0,-824.0,-122,-257,-391,-525,-658,-791
-168.0,-291.0,-419.0,-560.0,-702.0,-824.0,-122,-257,-390,-525,-658,-791
-165.0,-292.0,-419.0,-561.0,-702.0,-823.0,-122,-257,-390,-524,-658,-791
-165.0,-292.0,-418.0,-564.0,-702.0,-822.0,-122,-257,-390,-524,-657,-791
-166.0,-290.0,-417.0,-561.0,-703.0,-822.0,-122,-257,-390,-524,-657,-790
-166.0,-289.0,-417.0,-560.0,-703.0,-821.0,-123,-257,-389,-523,-657,-790
-168.0,-286.0,-416.0,-559.0,-704.0,-819.0,-124,-257,-389,-523,-656,-789
-168.0,-289.0,-416.0,-558.0,-704.0,-821.0,-125,-257,-388,-522,-655,-789
-168.0,-290.0,-416.0,-558.0,-705.0,-821.0,-126,-257,-388,-522,-655,-788
-169.0,-292.0,-416.0,-556.0,-705.0,-822.0,-126,-257,-387,-521,-654,-787
-169.0,-292.0,-415.0,-558.0,-705.0,-822.0,-129,-257,-385,-519,-653,-786
-170.0,-292.0,-415.0,-558.0,-705.0,-822.0,-127,-257,-387,-521,-650,-783
-173.0,-292.0,-414.0,-558.0,-706.0,-821.0,-126,-257,-388,-521,-653,-785
-170.0,-291.0,-413.0,-559.0,-707.0,-820.0,-126,-257,-389,-522,-654,-786
-170.0,-291.0,-412.0,-560.0,-707.0,-820.0,-125,-257,-389,-523,-655,-787
-169.0,-289.0,-412.0,-560.0,-707.0,-819.0,-124,-257,-390,-523,-656,-788
-168.0,-288.0,-410.0,-561.0,-707.0,-818.0,-123,-258,-390,-524,-656,-789
-168.0,-287.0,-409.0,-562.0,-707.0,-817.0,-122,-258,-390,-525,-657,-790
-168.0,-286.0,-408.0,-563.0,-708.0,-815.0,-122,-258,-392,-526,-658,-790
-167.0,-284.0,-407.0,-563.0,-711.0,-814.0,-122,-259,-392,-527,-659,-791
-166.0,-282.0,-403.0,-564.0,-709.0,-813.0,-122,-260,-393,-528,-659,-792
-165.0,-281.0,-406.0,-568.0,-708.0,-811.0,-122,-260,-394,-529,-661,-792
-165.0,-279.0,-408.0,-565.0,-707.0,-808.0,-122,-260,-395,-529,-661,-793
-165.0,-276.0,-409.0,-564.0,-706.0,-811.0,-122,-260,-395,-530,-662,-794
-166.0,-279.0,-410.0,-563.0,-706.0,-812.0,-122,-260,-395,-530,-662,-794
-167.0,-281.0,-411.0,-562.0,-706.0,-813.0,-122,-260,-395,-530,-662,-794
-168.0,-282.0,-412.0,-560.0,-706.0,-815.0,-122,-261,-396,-530,-662,-794
-169.0,-284.0,-412.0,-559.0,-709.0,-816.0,-122,-261,-396,-531,-663,-795
-170.0,-286.0,-414.0,-558.0,-707.0,-817.0,-122,-263,-396,-532,-663,-795
-171.0,-288.0,-416.0,-556.0,-706.0,-819.0,-122,-261,-396,-531,-666,-797
-171.0,-290.0,-417.0,-555.0,-705.0,-821.0,-122,-261,-396,-531,-663,-796
-171.0,-292.0,-419.0,-554.0,-704.0,-823.0,-122,-260,-396,-530,-663,-795
-172.0,-294.0,-421.0,-553.0,-704.0,-825.0,-122,-260,-396,-530,-662,-795
-173.0,-296.0,-420.0,-551.0,-704.0,-827.0,-120,-261,-396,-530,-662,-794
-174.0,-298.0,-416.0,-551.0,-705.0,-828.0,-119,-264,-396,-530,-662,-794
-177.0,-299.0,-419.0,-550.0,-706.0,-828.0,-118,-260,-399,-533,-663,-795
-175.0,-299.0,-420.0,-547.0,-708.0,-828.0,-116,-259,-396,-531,-664,-796
-174.0,-300.0,-421.0,-550.0,-706.0,-829.0,-111,-254,-391,-528,-667,-800
-172.0,-301.0,-422.0,-551.0,-704.0,-829.0,-122,-246,-379,-521,-660,-796
-172.0,-301.0,-423.0,-552.0,-703.0,-829.0,-127,-218,-365,-506,-649,-789
-171.0,-301.0,-425.0,-553.0,-702.0,-829.0,-132,-256,-352,-495,-638,-780
-171.0,-301.0,-425.0,-553.0,-702.0,-829.0,-137,-256,-341,-482,-629,-770
-171.0,-301.0,-424.0,-553.0,-702.0,-829.0,-144,-256,-322,-468,-616,-761
-172.0,-301.0,-423.0,-552.0,-702.0,-829.0,-154,-256,-302,-437,-605,-750
-173.0,-301.0,-422.0,-551.0,-703.0,-830.0,-141,-209,-345,-470,-583,-730
-173.0,-301.0,-421.0,-551.0,-703.0,-829.0,-136,-247,-358,-484,-619,-756
-173.0,-301.0,-421.0,-550.0,-704.0,-829.0,-131,-260,-381,-500,-632,-765
-174.0,-301.0,-421.0,-547.0,-704.0,-829.0,-126,-271,-405,-519,-655,-780
-178.0,-301.0,-418.0,-550.0,-707.0,-829.0,-122,-279,-418,-543,-668,-793
-172.0,-301.0,-421.0,-553.0,-704.0,-829.0,-119,-290,-440,-555,-683,-806
-165.0,-303.0,-422.0,-557.0,-701.0,-829.0,-116,-277,-424,-572,-700,-823
-159.0,-302.0,-424.0,-561.0,-698.0,-829.0,-118,-273,-417,-553,-685,-813
-153.0,-299.0,-428.0,-566.0,-693.0,-829.0,-119,-269,-409,-547,-678,-809
-145.0,-295.0,-434.0,-572.0,-687.0,-828.0,-120,-266,-404,-541,-674,-805
-128.0,-292.0,-441.0,-583.0,-681.0,-828.0,-120,-264,-400,-537,-669,-801
-138.0,-289.0,-447.0,-571.0,-676.0,-832.0,-120,-264,-399,-534,-666,-799
-143.0,-279.0,-454.0,-563.0,-663.0,-838.0,-122,-263,-398,-533,-665,-797
-150.0,-294.0,-460.0,-553.0,-671.0,-844.0,-120,-263,-398,-532,-665,-796
-160.0,-300.0,-469.0,-547.0,-676.0,-850.0,-120,-263,-398,-532,-664,-796
-168.0,-311.0,-457.0,-540.0,-680.0,-857.0,-120,-263,-397,-531,-664,-795
-173.0,-321.0,-452.0,-529.0,-687.0,-869.0,-120,-263,-397,-531,-663,-795
-178.0,-327.0,-445.0,-536.0,-691.0,-861.0,-120,-262,-397,-531,-663,-794
-182.0,-341.0,-438.0,-539.0,-696.0,-856.0,-120,-262,-397,-531,-663,-794
-178.0,-330.0,-432.0,-542.0,-699.0,-851.0,-121,-262,-397,-531,-663,-794
-177.0,-325.0,-427.0,-545.0,-703.0,-844.0,-121,-262,-396,-530,-663,-794
-176.0,-319.0,-424.0,-548.0,-704.0,-839.0,-121,-262,-396,-530,-663,-794
-174.0,-314.0,-419.0,-549.0,-707.0,-834.0,-121,-262,-396,-530,-663,-794
-173.0,-309.0,-422.0,-550.0,-704.0,-832.0,-121,-262,-396,-530,-663,-794
-172.0,-305.0,-424.0,-551.0,-703.0,-830.0,-121,-262,-396,-530,-662,-794
-171.0,-303.0,-425.0,-551.0,-702.0,-830.0,-121,-262,-395,-530,-662,-794
-171.0,-302.0,-425.0,-551.0,-701.0,-830.0,-121,-262,-395,-529,-662,-793
-171.0,-302.0,-425.0,-551.0,-701.0,-831.0,-121,-262,-395,-529,-662,-793
-171.0,-302.0,-425.0,-551.0,-701.0,-832.0,-122,-261,-395,-529,-662,-793
-170.0,-302.0,-425.0,-551.0,-701.0,-831.0,-123,-261,-394,-529,-662,-793
-170.0,-302.0,-425.0,-552.0,-701.0,-830.0,-122,-260,-394,-528,-662,-793
-170.0,-302.0,-425.0,-551.0,-701.0,-830.0,-121,-260,-393,-528,-662,-793
-171.0,-302.0,-425.0,-551.0,-701.0,-830.0,-121,-259,-393,-527,-662,-792
-174.0,-301.0,-425.0,-549.0,-701.0,-830.0,-121,-258,-392,-526,-661,-792
-171.0,-301.0,-425.0,-551.0,-703.0,-830.0,-121,-258,-391,-526,-660,-791
-171.0,-301.0,-425.0,-551.0,-702.0,-830.0,-121,-257,-390,-525,-659,-790
-170.0,-301.0,-425.0,-551.0,-701.0,-830.0,-121,-256,-389,-524,-658,-790
-169.0,-301.0,-425.0,-552.0,-701.0,-830.0,-121,-256,-388,-523,-657,-789
-168.0,-301.0,-425.0,-552.0,-700.0,-830.0,-120,-255,-387,-522,-656,-789
-169.0,-301.0,-425.0,-552.0,-700.0,-830.0,-120,-254,-386,-521,-656,-787
-171.0,-301.0,-425.0,-552.0,-700.0,-830.0,-120,-254,-385,-520,-655,-786
-169.0,-301.0,-425.0,-553.0,-700.0,-830.0,-120,-253,-383,-519,-654,-785
-167.0,-300.0,-425.0,-554.0,-700.0,-830.0,-119,-253,-382,-518,-653,-784
-166.0,-300.0,-425.0,-555.0,-700.0,-830.0,-119,-252,-382,-517,-652,-783
-165.0,-299.0,-425.0,-556.0,-698.0,-829.0,-119,-252,-381,-515,-651,-782
-164.0,-298.0,-426.0,-557.0,-697.0,-829.0,-119,-251,-380,-515,-650,-781
-163.0,-297.0,-429.0,-557.0,-696.0,-829.0,-119,-251,-379,-514,-649,-781
-163.0,-296.0,-427.0,-557.0,-696.0,-829.0,-118,-251,-379,-513,-648,-780
-164.0,-296.0,-426.0,-557.0,-696.0,-829.0,-118,-250,-378,-513,-648,-780
-164.0,-296.0,-425.0,-557.0,-697.0,-829.0,-117,-250,-378,-512,-647,-780
-164.0,-296.0,-424.0,-557.0,-698.0,-829.0,-117,-249,-377,-512,-647,-779
-166.0,-295.0,-422.0,-558.0,-699.0,-827.0,-115,-249,-377,-511,-646,-779
-164.0,-295.0,-421.0,-559.0,-700.0,-826.0,-117,-248,-377,-511,-646,-778
-164.0,-293.0,-420.0,-559.0,-700.0,-825.0,-117,-248,-374,-511,-645,-778
-164.0,-292.0,-419.0,-559.0,-701.0,-824.0,-117,-246,-376,-508,-643,-776
-163.0,-291.0,-418.0,-560.0,-701.0,-823.0,-118,-248,-377,-510,-645,-778
-163.0,-290.0,-416.0,-561.0,-701.0,-822.0,-119,-248,-378,-511,-645,-778
-163.0,-289.0,-415.0,-561.0,-702.0,-820.0,-119,-249,-379,-512,-646,-778
-164.0,-288.0,-413.0,-561.0,-703.0,-819.0,-120,-250,-380,-513,-647,-779
-167.0,-286.0,-413.0,-562.0,-703.0,-818.0,-120,-250,-381,-514,-648,-779
-165.0,-285.0,-412.0,-562.0,-704.0,-817.0,-121,-251,-383,-515,-649,-780
-164.0,-284.0,-411.0,-563.0,-704.0,-817.0,-121,-252,-384,-517,-650,-781
-163.0,-283.0,-410.0,-564.0,-706.0,-816.0,-121,-253,-385,-518,-651,-781
-162.0,-282.0,-407.0,-565.0,-704.0,-814.0,-123,-254,-386,-519,-652,-782
-161.0,-281.0,-410.0,-565.0,-704.0,-813.0,-121,-254,-387,-521,-652,-782
-161.0,-276.0,-411.0,-567.0,-703.0,-810.0,-121,-255,-388,-522,-653,-783
-160.0,-279.0,-412.0,-565.0,-703.0,-813.0,-121,-255,-388,-523,-654,-784
-160.0,-280.0,-413.0,-565.0,-702.0,-814.0,-120,-255,-388,-523,-654,-784
-160.0,-280.0,-415.0,-564.0,-700.0,-815.0,-119,-254,-388,-523,-654,-784
-160.0,-282.0,-417.0,-564.0,-699.0,-816.0,-119,-254,-388,-522,-654,-784
-160.0,-283.0,-418.0,-563.0,-698.0,-817.0,-119,-253,-388,-522,-654,-784
-160.0,-284.0,-420.0,-563.0,-697.0,-819.0,-119,-253,-388,-522,-654,-784
-160.0,-285.0,-421.0,-562.0,-697.0,-820.0,-119,-253,-388,-522,-654,-784
-161.0,-287.0,-422.0,-561.0,-697.0,-821.0,-119,-253,-388,-522,-654,-784
-164.0,-288.0,-422.0,-560.0,-700.0,-823.0,-118,-252,-388,-522,-654,-785
-161.0,-290.0,-423.0,-560.0,-697.0,-824.0,-118,-252,-387,-521,-654,-785
-161.0,-291.0,-425.0,-560.0,-697.0,-825.0,-118,-252,-387,-521,-654,-785
-160.0,-292.0,-426.0,-560.0,-696.0,-827.0,-118,-252,-387,-521,-653,-786
-160.0,-293.0,-427.0,-560.0,-695.0,-827.0,-117,-251,-386,-520,-653,-786
-160.0,-294.0,-427.0,-559.0,-695.0,-828.0,-117,-251,-386,-520,-653,-786
-160.0,-294.0,-427.0,-557.0,-695.0,-828.0,-117,-250,-386,-520,-653,-787
-159.0,-294.0,-427.0,-559.0,-694.0,-829.0,-117,-250,-386,-520,-653,-787
-159.0,-294.0,-428.0,-560.0,-694.0,-829.0,-115,-250,-386,-519,-651,-787
-158.0,-295.0,-429.0,-560.0,-693.0,-829.0,-117,-248,-385,-519,-653,-787
-156.0,-294.0,-431.0,-561.0,-689.0,-830.0,-117,-250,-383,-517,-653,-787
-158.0,-294.0,-429.0,-561.0,-692.0,-829.0,-117,-250,-385,-519,-653,-787
-158.0,-294.0,-429.0,-562.0,-693.0,-829.0,-117,-250,-385,-519,-653,-787
-159.0,-294.0,-428.0,-561.0,-693.0,-829.0,-118,-250,-386,-519,-653,-788
-159.0,-294.0,-427.0,-561.0,-694.0,-828.0,-119,-251,-387,-520,-654,-788
-159.0,-293.0,-427.0,-560.0,-694.0,-828.0,-119,-252,-388,-521,-654,-789
-159.0,-293.0,-427.0,-560.0,-694.0,-828.0,-120,-252,-388,-522,-654,-789
-159.0,-293.0,-427.0,-560.0,-694.0,-828.0,-120,-253,-389,-522,-655,-790
-159.0,-293.0,-427.0,-561.0,-694.0,-829.0,-121,-253,-389,-523,-655,-790
-158.0,-294.0,-427.0,-561.0,-694.0,-831.0,-121,-254,-390,-523,-656,-790
-155.0,-294.0,-427.0,-562.0,-694.0,-829.0,-121,-254,-390,-524,-656,-791
-158.0,-297.0,-427.0,-564.0,-691.0,-828.0,-121,-253,-390,-524,-657,-791
-158.0,-292.0,-428.0,-562.0,-693.0,-828.0,-121,-253,-390,-524,-657,-791
-159.0,-292.0,-429.0,-561.0,-694.0,-828.0,-121,-253,-391,-524,-657,-791
-159.0,-292.0,-428.0,-561.0,-694.0,-828.0,-121,-253,-391,-524,-657,-791
-159.0,-293.0,-428.0,-561.0,-694.0,-828.0,-121,-253,-391,-524,-658,-791
-158.0,-293.0,-427.0,-561.0,-694.0,-828.0,-121,-253,-391,-525,-658,-792
-157.0,-293.0,-427.0,-562.0,-693.0,-828.0,-121,-253,-391,-525,-658,-792
-157.0,-293.0,-427.0,-564.0,-693.0,-828.0,-122,-253,-392,-525,-660,-792
-154.0,-292.0,-427.0,-562.0,-693.0,-828.0,-122,-253,-392,-526,-659,-793
-157.0,-288.0,-427.0,-562.0,-690.0,-828.0,-122,-253,-393,-526,-658,-793
-157.0,-291.0,-427.0,-561.0,-692.0,-828.0,-122,-253,-393,-526,-659,-793
-157.0,-292.0,-427.0,-561.0,-693.0,-828.0,-123,-253,-394,-526,-659,-793
-158.0,-292.0,-427.0,-561.0,-693.0,-828.0,-122,-253,-394,-527,-660,-794
-158.0,-293.0,-427.0,-561.0,-693.0,-828.0,-122,-253,-396,-527,-660,-794
-158.0,-293.0,-427.0,-561.0,-694.0,-828.0,-122,-252,-394,-529,-660,-794
-158.0,-293.0,-427.0,-561.0,-694.0,-828.0,-122,-252,-394,-527,-662,-795
-158.0,-293.0,-427.0,-563.0,-694.0,-828.0,-121,-251,-393,-527,-660,-794
-158.0,-292.0,-427.0,-561.0,-694.0,-828.0,-121,-251,-393,-527,-660,-794
-158.0,-292.0,-427.0,-561.0,-694.0,-828.0,-120,-250,-392,-527,-660,-794
-158.0,-289.0,-427.0,-561.0,-694.0,-828.0,-120,-250,-392,-526,-659,-794
-158.0,-292.0,-427.0,-561.0,-693.0,-828.0,-119,-249,-391,-526,-659,-793
-158.0,-292.0,-428.0,-561.0,-693.0,-828.0,-117,-247,-391,-525,-658,-793
-155.0,-292.0,-428.0,-561.0,-692.0,-828.0,-119,-249,-390,-525,-658,-792
-157.0,-293.0,-430.0,-561.0,-690.0,-828.0,-120,-250,-390,-524,-658,-792
-158.0,-293.0,-428.0,-561.0,-692.0,-829.0,-121,-250,-390,-524,-657,-792
-158.0,-293.0,-428.0,-561.0,-692.0,-830.0,-121,-250,-390,-524,-657,-792
-159.0,-295.0,-427.0,-561.0,-693.0,-829.0,-122,-250,-390,-524,-657,-792
-160.0,-293.0,-426.0,-561.0,-694.0,-828.0,-122,-250,-389,-524,-657,-792
-160.0,-293.0,-425.0,-561.0,-697.0,-828.0,-122,-250,-389,-523,-656,-791
-158.0,-293.0,-425.0,-562.0,-695.0,-827.0,-124,-250,-389,-523,-656,-790
-157.0,-292.0,-425.0,-564.0,-694.0,-826.0,-124,-250,-387,-522,-655,-790
-156.0,-291.0,-425.0,-565.0,-694.0,-826.0,-125,-250,-389,-520,-654,-788
-154.0,-290.0,-425.0,-566.0,-693.0,-825.0,-127,-250,-389,-522,-651,-786
-153.0,-288.0,-424.0,-567.0,-691.0,-824.0,-125,-250,-389,-523,-654,-788
-151.0,-286.0,-422.0,-569.0,-693.0,-823.0,-125,-250,-390,-524,-655,-789
-153.0,-284.0,-420.0,-570.0,-694.0,-821.0,-124,-250,-390,-524,-656,-789
-154.0,-283.0,-418.0,-571.0,-695.0,-820.0,-123,-250,-390,-525,-656,-790
-154.0,-281.0,-416.0,-572.0,-696.0,-818.0,-122,-250,-390,-525,-656,-791
-154.0,-279.0,-412.0,-574.0,-699.0,-816.0,-122,-250,-392,-526,-656,-791
-154.0,-276.0,-416.0,-572.0,-697.0,-811.0,-122,-251,-392,-527,-656,-791
-154.0,-273.0,-418.0,-571.0,-695.0,-814.0,-122,-252,-394,-528,-656,-792
-151.0,-276.0,-419.0,-570.0,-695.0,-815.0,-122,-253,-395,-529,-656,-793
-153.0,-278.0,-422.0,-568.0,-694.0,-817.0,-122,-253,-396,-530,-657,-794
-154.0,-279.0,-424.0,-567.0,-693.0,-819.0,-122,-254,-397,-531,-657,-795
-154.0,-281.0,-425.0,-566.0,-693.0,-821.0,-122,-254,-397,-531,-657,-796
-156.0,-283.0,-426.0,-564.0,-691.0,-823.0,-122,-254,-397,-531,-657,-796
-157.0,-285.0,-426.0,-562.0,-693.0,-824.0,-122,-254,-397,-531,-657,-798
-158.0,-288.0,-427.0,-562.0,-693.0,-826.0,-122,-254,-397,-531,-657,-796
-159.0,-289.0,-427.0,-560.0,-694.0,-827.0,-122,-254,-397,-531,-657,-796
-159.0,-291.0,-428.0,-560.0,-694.0,-828.0,-122,-254,-398,-531,-657,-795
-159.0,-292.0,-428.0,-559.0,-693.0,-828.0,-122,-254,-397,-531,-657,-795
-161.0,-293.0,-429.0,-559.0,-693.0,-829.0,-122,-254,-397,-531,-657,-795
-160.0,-294.0,-429.0,-559.0,-693.0,-830.0,-122,-255,-397,-531,-657,-795
-159.0,-295.0,-430.0,-558.0,-693.0,-830.0,-121,-255,-397,-531,-657,-795
-160.0,-296.0,-430.0,-558.0,-693.0,-831.0,-120,-255,-397,-531,-658,-795
-160.0,-297.0,-430.0,-558.0,-693.0,-832.0,-119,-254,-397,-531,-658,-795
-161.0,-297.0,-430.0,-558.0,-693.0,-832.0,-118,-253,-397,-531,-659,-796
-160.0,-297.0,-430.0,-558.0,-693.0,-832.0,-112,-250,-395,-534,-662,-799
-160.0,-299.0,-430.0,-556.0,-692.0,-832.0,-116,-245,-391,-528,-659,-797
-160.0,-298.0,-430.0,-558.0,-692.0,-833.0,-119,-239,-381,-521,-655,-796
-159.0,-297.0,-432.0,-558.0,-690.0,-832.0,-128,-232,-364,-504,-645,-787
-159.0,-297.0,-431.0,-558.0,-692.0,-832.0,-132,-226,-352,-494,-634,-776
-159.0,-297.0,-430.0,-558.0,-692.0,-832.0,-137,-219,-342,-479,-618,-767
-161.0,-297.0,-429.0,-558.0,-693.0,-832.0,-143,-207,-303,-463,-608,-760
-161.0,-297.0,-428.0,-558.0,-695.0,-831.0,-153,-225,-331,-437,-575,-749
-157.0,-297.0,-426.0,-561.0,-694.0,-830.0,-140,-233,-348,-473,-601,-726
-149.0,-296.0,-427.0,-566.0,-689.0,-830.0,-136,-246,-367,-491,-618,-755
-143.0,-295.0,-430.0,-571.0,-685.0,-829.0,-131,-255,-387,-510,-632,-766
-135.0,-291.0,-435.0,-576.0,-678.0,-828.0,-125,-266,-412,-532,-649,-780
-128.0,-288.0,-443.0,-582.0,-670.0,-827.0,-121,-283,-424,-547,-670,-794
-111.0,-285.0,-451.0,-591.0,-663.0,-830.0,-119,-272,-441,-558,-681,-806
-120.0,-274.0,-460.0,-579.0,-658.0,-834.0,-119,-267,-423,-573,-696,-823
-126.0,-284.0,-470.0,-571.0,-646.0,-840.0,-120,-263,-416,-554,-680,-812
-135.0,-291.0,-487.0,-564.0,-656.0,-849.0,-120,-259,-408,-546,-673,-808
-143.0,-301.0,-475.0,-556.0,-660.0,-856.0,-121,-257,-403,-541,-669,-805
-149.0,-308.0,-466.0,-547.0,-667.0,-862.0,-121,-256,-400,-537,-665,-801
-159.0,-318.0,-461.0,-537.0,-674.0,-877.0,-121,-255,-399,-534,-662,-799
-169.0,-326.0,-454.0,-546.0,-681.0,-862.0,-121,-255,-398,-533,-661,-797
-165.0,-338.0,-444.0,-548.0,-686.0,-858.0,-121,-255,-398,-532,-660,-796
-163.0,-325.0,-437.0,-551.0,-689.0,-852.0,-121,-255,-397,-532,-660,-795
-162.0,-318.0,-434.0,-554.0,-692.0,-843.0,-122,-255,-397,-531,-659,-794
-160.0,-312.0,-432.0,-556.0,-692.0,-838.0,-122,-255,-397,-531,-659,-793
-160.0,-306.0,-431.0,-556.0,-692.0,-835.0,-122,-255,-396,-531,-659,-793
-163.0,-301.0,-431.0,-556.0,-692.0,-833.0,-122,-255,-396,-530,-659,-793
-161.0,-299.0,-432.0,-557.0,-692.0,-833.0,-122,-255,-396,-530,-659,-792
-160.0,-300.0,-434.0,-558.0,-692.0,-836.0,-122,-255,-396,-530,-659,-792
-159.0,-304.0,-432.0,-558.0,-691.0,-834.0,-122,-255,-396,-530,-659,-792
-158.0,-300.0,-431.0,-560.0,-691.0,-833.0,-122,-255,-396,-530,-659,-792
-158.0,-298.0,-431.0,-559.0,-691.0,-833.0,-122,-255,-395,-530,-659,-792
-158.0,-297.0,-431.0,-559.0,-691.0,-832.0,-123,-255,-395,-530,-659,-792
-157.0,-296.0,-431.0,-559.0,-691.0,-831.0,-122,-255,-395,-530,-659,-792
-155.0,-295.0,-431.0,-559.0,-691.0,-831.0,-122,-255,-395,-529,-659,-792
-157.0,-295.0,-431.0,-559.0,-688.0,-831.0,-122,-255,-394,-529,-659,-792
-158.0,-296.0,-431.0,-559.0,-691.0,-831.0,-122,-255,-394,-529,-659,-792
-158.0,-296.0,-431.0,-558.0,-691.0,-831.0,-122,-255,-394,-528,-659,-792
-159.0,-296.0,-431.0,-555.0,-692.0,-832.0,-122,-255,-393,-528,-658,-792
-159.0,-297.0,-430.0,-558.0,-692.0,-834.0,-122,-254,-392,-527,-657,-791
-158.0,-299.0,-430.0,-559.0,-692.0,-832.0,-122,-254,-391,-526,-657,-791
-158.0,-297.0,-430.0,-559.0,-692.0,-832.0,-122,-253,-390,-525,-657,-791
-158.0,-297.0,-430.0,-560.0,-692.0,-831.0,-122,-252,-390,-524,-656,-790
-158.0,-296.0,-430.0,-560.0,-692.0,-831.0,-121,-252,-389,-524,-655,-790
-158.0,-295.0,-430.0,-560.0,-691.0,-831.0,-121,-251,-388,-523,-655,-789
-157.0,-295.0,-430.0,-560.0,-691.0,-831.0,-121,-250,-387,-522,-654,-788
-153.0,-295.0,-430.0,-560.0,-689.0,-831.0,-121,-250,-386,-521,-653,-788
-156.0,-294.0,-430.0,-561.0,-691.0,-830.0,-123,-249,-385,-520,-652,-787
-157.0,-294.0,-429.0,-561.0,-691.0,-830.0,-122,-249,-384,-519,-652,-787
-157.0,-293.0,-428.0,-561.0,-692.0,-829.0,-121,-248,-383,-518,-651,-786
-159.0,-293.0,-427.0,-561.0,-693.0,-829.0,-121,-248,-382,-516,-650,-785
-159.0,-292.0,-426.0,-562.0,-693.0,-828.0,-120,-247,-381,-515,-650,-785
-158.0,-292.0,-425.0,-562.0,-694.0,-827.0,-119,-247,-380,-514,-648,-784
-158.0,-290.0,-424.0,-563.0,-694.0,-826.0,-119,-244,-379,-513,-647,-783
-157.0,-289.0,-422.0,-564.0,-694.0,-825.0,-119,-246,-378,-512,-647,-782
-154.0,-288.0,-421.0,-565.0,-695.0,-823.0,-119,-247,-378,-512,-646,-781
-157.0,-286.0,-419.0,-566.0,-696.0,-822.0,-117,-247,-378,-512,-646,-779
-157.0,-284.0,-417.0,-566.0,-697.0,-820.0,-119,-247,-378,-512,-646,-781
-158.0,-283.0,-415.0,-566.0,-698.0,-818.0,-119,-246,-378,-512,-646,-782
-158.0,-281.0,-414.0,-567.0,-699.0,-816.0,-119,-246,-377,-511,-644,-782
-158.0,-280.0,-413.0,-567.0,-699.0,-815.0,-119,-245,-375,-511,-646,-782
-158.0,-279.0,-412.0,-567.0,-699.0,-814.0,-120,-243,-377,-509,-646,-779
-158.0,-278.0,-409.0,-567.0,-700.0,-813.0,-120,-245,-377,-511,-646,-781
-158.0,-277.0,-412.0,-567.0,-702.0,-810.0,-121,-246,-378,-511,-646,-782
-157.0,-274.0,-413.0,-568.0,-700.0,-812.0,-121,-247,-379,-512,-647,-782
-156.0,-277.0,-415.0,-568.0,-699.0,-813.0,-121,-248,-380,-513,-648,-782
-155.0,-278.0,-416.0,-569.0,-697.0,-814.0,-122,-249,-381,-514,-649,-783
-150.0,-278.0,-418.0,-572.0,-696.0,-815.0,-122,-250,-382,-515,-650,-784
-153.0,-278.0,-419.0,-569.0,-695.0,-815.0,-122,-251,-383,-517,-650,-784
-154.0,-278.0,-420.0,-568.0,-694.0,-816.0,-123,-252,-384,-518,-651,-785
-155.0,-279.0,-421.0,-567.0,-694.0,-818.0,-122,-252,-385,-519,-652,-786
-156.0,-281.0,-423.0,-565.0,-694.0,-819.0,-122,-253,-386,-520,-653,-787
-156.0,-283.0,-424.0,-564.0,-694.0,-821.0,-122,-253,-388,-521,-654,-788
-157.0,-284.0,-425.0,-563.0,-694.0,-822.0,-122,-254,-388,-521,-655,-789
-157.0,-286.0,-426.0,-563.0,-693.0,-823.0,-121,-254,-388,-522,-655,-789
-157.0,-288.0,-426.0,-562.0,-693.0,-825.0,-121,-254,-388,-522,-656,-789
-156.0,-289.0,-427.0,-562.0,-692.0,-826.0,-121,-254,-388,-522,-655,-789
-156.0,-290.0,-427.0,-562.0,-692.0,-827.0,-121,-254,-388,-522,-653,-789
-155.0,-291.0,-428.0,-562.0,-691.0,-827.0,-121,-254,-388,-522,-655,-789
-155.0,-291.0,-428.0,-562.0,-691.0,-828.0,-121,-254,-388,-519,-655,-789
-154.0,-291.0,-428.0,-563.0,-691.0,-828.0,-121,-254,-388,-522,-656,-790
-152.0,-292.0,-428.0,-563.0,-690.0,-828.0,-121,-254,-388,-522,-656,-790
-154.0,-292.0,-429.0,-566.0,-688.0,-828.0,-121,-255,-388,-522,-656,-790
-155.0,-291.0,-428.0,-563.0,-690.0,-828.0,-123,-255,-388,-522,-657,-790
-156.0,-288.0,-428.0,-562.0,-691.0,-828.0,-122,-255,-388,-522,-657,-790
-157.0,-291.0,-428.0,-562.0,-691.0,-828.0,-121,-255,-388,-522,-657,-790
-158.0,-291.0,-428.0,-560.0,-692.0,-828.0,-121,-255,-387,-521,-657,-790
-158.0,-292.0,-427.0,-560.0,-692.0,-829.0,-121,-254,-387,-521,-656,-790
-158.0,-292.0,-427.0,-560.0,-693.0,-828.0,-121,-252,-386,-520,-656,-790
-158.0,-293.0,-427.0,-561.0,-693.0,-828.0,-121,-254,-386,-520,-655,-790
-157.0,-293.0,-427.0,-561.0,-693.0,-828.0,-121,-254,-386,-520,-655,-790
-157.0,-293.0,-427.0,-561.0,-693.0,-828.0,-121,-255,-386,-520,-655,-790
-157.0,-292.0,-427.0,-561.0,-692.0,-828.0,-121,-255,-386,-520,-655,-790
-156.0,-292.0,-427.0,-562.0,-692.0,-828.0,-121,-255,-384,-520,-655,-790
-153.0,-292.0,-430.0,-563.0,-689.0,-828.0,-121,-255,-386,-520,-655,-790
-156.0,-292.0,-427.0,-563.0,-692.0,-828.0,-121,-255,-386,-519,-653,-790
-156.0,-292.0,-427.0,-563.0,-692.0,-827.0,-121,-255,-386,-519,-655,-790
-157.0,-291.0,-426.0,-563.0,-692.0,-827.0,-121,-255,-386,-516,-655,-788
-157.0,-290.0,-426.0,-563.0,-693.0,-824.0,-121,-255,-386,-518,-655,-790
-156.0,-290.0,-426.0,-563.0,-693.0,-826.0,-121,-255,-387,-519,-655,-790
-152.0,-290.0,-426.0,-563.0,-693.0,-827.0,-121,-256,-387,-520,-655,-790
-155.0,-290.0,-426.0,-567.0,-692.0,-827.0,-121,-256,-388,-521,-655,-790
-156.0,-287.0,-427.0,-564.0,-689.0,-827.0,-121,-257,-388,-521,-656,-791
-157.0,-290.0,-427.0,-563.0,-692.0,-827.0,-121,-257,-389,-522,-656,-791
-158.0,-290.0,-428.0,-562.0,-693.0,-827.0,-121,-257,-389,-522,-656,-791
-158.0,-291.0,-427.0,-561.0,-693.0,-827.0,-121,-257,-389,-522,-656,-791
-157.0,-292.0,-427.0,-561.0,-693.0,-827.0,-121,-257,-389,-521,-656,-791
-157.0,-293.0,-426.0,-562.0,-693.0,-827.0,-121,-258,-389,-519,-656,-791
-153.0,-292.0,-426.0,-565.0,-692.0,-827.0,-123,-258,-389,-521,-656,-791
-156.0,-292.0,-426.0,-562.0,-689.0,-827.0,-121,-258,-389,-522,-656,-790
-157.0,-287.0,-426.0,-562.0,-692.0,-827.0,-122,-258,-389,-522,-656,-790
-158.0,-291.0,-426.0,-561.0,-693.0,-827.0,-122,-258,-389,-522,-656,-789
-158.0,-292.0,-426.0,-561.0,-693.0,-827.0,-122,-258,-389,-522,-657,-790
-158.0,-292.0,-426.0,-561.0,-693.0,-827.0,-122,-258,-389,-522,-657,-790
-158.0,-292.0,-426.0,-561.0,-693.0,-827.0,-123,-258,-389,-522,-657,-791
-158.0,-288.0,-426.0,-561.0,-693.0,-827.0,-122,-258,-389,-522,-657,-791
-158.0,-291.0,-426.0,-561.0,-693.0,-827.0,-122,-258,-389,-522,-657,-792
-158.0,-292.0,-425.0,-562.0,-693.0,-827.0,-122,-258,-389,-522,-657,-792
-157.0,-292.0,-425.0,-562.0,-693.0,-827.0,-122,-258,-389,-522,-657,-792
-153.0,-291.0,-425.0,-565.0,-693.0,-826.0,-121,-258,-389,-522,-657,-792
-156.0,-290.0,-426.0,-562.0,-693.0,-823.0,-121,-258,-389,-522,-657,-791
-157.0,-286.0,-427.0,-561.0,-692.0,-825.0,-121,-258,-389,-521,-657,-791
-158.0,-290.0,-431.0,-561.0,-690.0,-827.0,-121,-258,-389,-521,-657,-791
-155.0,-292.0,-428.0,-560.0,-692.0,-827.0,-121,-258,-389,-521,-657,-791
-158.0,-292.0,-427.0,-560.0,-693.0,-832.0,-121,-258,-388,-520,-657,-791
-158.0,-294.0,-426.0,-561.0,-693.0,-828.0,-121,-258,-388,-520,-657,-791
-158.0,-293.0,-425.0,-561.0,-693.0,-827.0,-121,-258,-387,-519,-657,-791
-158.0,-292.0,-425.0,-561.0,-694.0,-826.0,-121,-258,-387,-518,-656,-791
-158.0,-291.0,-425.0,-561.0,-694.0,-826.0,-122,-258,-386,-518,-656,-790
-158.0,-291.0,-425.0,-561.0,-694.0,-826.0,-122,-258,-386,-518,-655,-790
-158.0,-291.0,-424.0,-561.0,-694.0,-826.0,-123,-258,-385,-517,-654,-789
-158.0,-291.0,-423.0,-562.0,-695.0,-825.0,-123,-258,-384,-516,-653,-788
-159.0,-290.0,-422.0,-562.0,-695.0,-825.0,-123,-258,-381,-513,-652,-787
-158.0,-289.0,-421.0,-563.0,-698.0,-823.0,-126,-258,-384,-516,-648,-783
-157.0,-288.0,-421.0,-564.0,-695.0,-823.0,-124,-258,-385,-516,-652,-786
-156.0,-288.0,-421.0,-565.0,-695.0,-822.0,-123,-258,-386,-517,-653,-787
-155.0,-287.0,-421.0,-566.0,-694.0,-822.0,-123,-258,-387,-518,-654,-788
-155.0,-285.0,-419.0,-568.0,-694.0,-821.0,-122,-258,-387,-519,-655,-789
-154.0,-283.0,-418.0,-569.0,-695.0,-819.0,-121,-258,-388,-519,-655,-789
-153.0,-282.0,-417.0,-571.0,-698.0,-817.0,-121,-259,-388,-520,-656,-790
-152.0,-280.0,-413.0,-572.0,-695.0,-816.0,-121,-260,-389,-521,-657,-791
-149.0,-277.0,-416.0,-576.0,-695.0,-815.0,-120,-262,-390,-522,-659,-793
-151.0,-276.0,-417.0,-572.0,-694.0,-810.0,-120,-260,-391,-523,-660,-794
-152.0,-271.0,-418.0,-570.0,-694.0,-813.0,-119,-259,-391,-524,-660,-795
-153.0,-275.0,-420.0,-568.0,-694.0,-815.0,-115,-259,-391,-524,-660,-798
-155.0,-277.0,-421.0,-566.0,-694.0,-816.0,-118,-259,-391,-521,-660,-795
-156.0,-280.0,-422.0,-564.0,-694.0,-818.0,-119,-259,-391,-524,-660,-795
-157.0,-282.0,-424.0,-563.0,-694.0,-820.0,-120,-261,-392,-524,-661,-795
-157.0,-284.0,-425.0,-561.0,-694.0,-822.0,-120,-261,-393,-525,-661,-796
-158.0,-287.0,-426.0,-560.0,-693.0,-824.0,-120,-263,-393,-525,-663,-797
-158.0,-289.0,-427.0,-560.0,-693.0,-825.0,-120,-261,-395,-526,-663,-797
-158.0,-290.0,-428.0,-559.0,-693.0,-827.0,-120,-261,-394,-526,-663,-799
-158.0,-292.0,-430.0,-559.0,-693.0,-828.0,-119,-261,-393,-526,-663,-798
-158.0,-293.0,-428.0,-559.0,-692.0,-828.0,-119,-260,-393,-526,-663,-797
-158.0,-293.0,-428.0,-558.0,-690.0,-831.0,-118,-260,-393,-526,-663,-797
-159.0,-293.0,-427.0,-558.0,-692.0,-828.0,-117,-259,-393,-526,-663,-797
-160.0,-293.0,-427.0,-557.0,-693.0,-828.0,-115,-259,-393,-526,-663,-798
-161.0,-294.0,-427.0,-555.0,-693.0,-829.0,-113,-257,-396,-529,-665,-799
-163.0,-295.0,-427.0,-557.0,-694.0,-829.0,-108,-253,-393,-527,-666,-800
-161.0,-295.0,-427.0,-557.0,-694.0,-829.0,-115,-249,-387,-524,-670,-805
-160.0,-296.0,-427.0,-558.0,-693.0,-831.0,-120,-245,-372,-510,-659,-800
-159.0,-299.0,-427.0,-558.0,-693.0,-830.0,-125,-240,-359,-492,-640,-789
-156.0,-296.0,-429.0,-558.0,-691.0,-829.0,-130,-236,-349,-484,-627,-775
-159.0,-295.0,-427.0,-558.0,-693.0,-829.0,-147,-225,-338,-471,-617,-765
-160.0,-295.0,-427.0,-558.0,-693.0,-829.0,-128,-234,-305,-430,-602,-757
-161.0,-295.0,-426.0,-557.0,-694.0,-829.0,-147,-242,-337,-456,-572,-723
-163.0,-295.0,-426.0,-556.0,-695.0,-829.0,-133,-249,-349,-474,-604,-743
-164.0,-295.0,-425.0,-553.0,-696.0,-828.0,-127,-257,-371,-492,-620,-755
-168.0,-296.0,-424.0,-555.0,-699.0,-828.0,-123,-268,-390,-515,-638,-769
-163.0,-297.0,-421.0,-556.0,-697.0,-828.0,-119,-272,-408,-532,-658,-782
-157.0,-296.0,-423.0,-561.0,-694.0,-827.0,-116,-284,-419,-549,-673,-795
-148.0,-296.0,-426.0,-567.0,-688.0,-827.0,-113,-275,-436,-569,-686,-809
-140.0,-294.0,-433.0,-571.0,-683.0,-826.0,-115,-272,-420,-556,-699,-822
-132.0,-290.0,-442.0,-577.0,-673.0,-826.0,-116,-268,-415,-551,-684,-814
-125.0,-287.0,-450.0,-592.0,-667.0,-830.0,-116,-265,-408,-545,-679,-811
-107.0,-276.0,-459.0,-577.0,-660.0,-834.0,-116,-262,-402,-539,-675,-808
-126.0,-284.0,-467.0,-570.0,-644.0,-841.0,-116,-260,-399,-534,-671,-804
-134.0,-290.0,-485.0,-561.0,-655.0,-848.0,-117,-260,-397,-532,-668,-802
-143.0,-298.0,-474.0,-552.0,-660.0,-854.0,-117,-260,-397,-530,-667,-800
-152.0,-305.0,-467.0,-544.0,-668.0,-862.0,-118,-260,-397,-530,-667,-800
-160.0,-317.0,-459.0,-531.0,-676.0,-875.0,-118,-259,-397,-530,-667,-800
-167.0,-326.0,-453.0,-539.0,-681.0,-864.0,-117,-259,-396,-530,-667,-800
-173.0,-340.0,-443.0,-542.0,-686.0,-859.0,-117,-258,-396,-530,-666,-799
-168.0,-328.0,-436.0,-546.0,-690.0,-854.0,-114,-258,-396,-530,-666,-799
-166.0,-323.0,-431.0,-550.0,-695.0,-847.0,-116,-258,-396,-530,-666,-798
-164.0,-316.0,-428.0,-552.0,-695.0,-839.0,-117,-258,-396,-530,-666,-798
-163.0,-309.0,-427.0,-554.0,-694.0,-835.0,-117,-258,-396,-530,-666,-798
-162.0,-304.0,-427.0,-555.0,-694.0,-833.0,-118,-258,-396,-530,-666,-799
-161.0,-300.0,-428.0,-555.0,-694.0,-830.0,-118,-258,-396,-530,-667,-799
-161.0,-298.0,-428.0,-556.0,-694.0,-830.0,-119,-258,-396,-530,-668,-801
-160.0,-298.0,-430.0,-556.0,-691.0,-831.0,-119,-258,-396,-530,-667,-800
-160.0,-298.0,-428.0,-556.0,-693.0,-832.0,-119,-257,-396,-529,-666,-799
-161.0,-298.0,-428.0,-556.0,-694.0,-831.0,-119,-257,-395,-529,-666,-799
-162.0,-297.0,-427.0,-555.0,-694.0,-831.0,-118,-257,-395,-528,-666,-798
-165.0,-297.0,-426.0,-552.0,-694.0,-830.0,-118,-256,-394,-528,-665,-797
-163.0,-297.0,-426.0,-555.0,-697.0,-830.0,-118,-256,-394,-528,-665,-797
-162.0,-297.0,-426.0,-555.0,-695.0,-829.0,-118,-256,-393,-527,-665,-797
-161.0,-297.0,-426.0,-556.0,-694.0,-828.0,-118,-256,-393,-527,-665,-797
-160.0,-296.0,-427.0,-557.0,-694.0,-828.0,-118,-255,-392,-526,-664,-797
-159.0,-296.0,-427.0,-558.0,-693.0,-828.0,-118,-255,-391,-526,-664,-797
-160.0,-295.0,-427.0,-558.0,-693.0,-829.0,-118,-255,-391,-525,-663,-797
-160.0,-295.0,-427.0,-557.0,-693.0,-829.0,-118,-254,-390,-525,-662,-796
-160.0,-295.0,-427.0,-554.0,-691.0,-829.0,-118,-253,-389,-524,-662,-795
-160.0,-295.0,-427.0,-556.0,-693.0,-829.0,-118,-253,-389,-523,-662,-795
-160.0,-295.0,-427.0,-557.0,-693.0,-829.0,-118,-252,-388,-522,-661,-794
-160.0,-296.0,-430.0,-557.0,-693.0,-829.0,-118,-252,-387,-522,-660,-793
-160.0,-298.0,-428.0,-557.0,-693.0,-831.0,-118,-251,-386,-521,-659,-793
-161.0,-296.0,-427.0,-557.0,-694.0,-829.0,-118,-251,-385,-520,-658,-792
-164.0,-295.0,-425.0,-557.0,-695.0,-829.0,-118,-250,-384,-519,-657,-791
-161.0,-295.0,-425.0,-558.0,-695.0,-828.0,-118,-250,-383,-518,-657,-790
-160.0,-295.0,-423.0,-559.0,-695.0,-828.0,-118,-250,-382,-517,-656,-790
-160.0,-293.0,-422.0,-559.0,-695.0,-826.0,-118,-250,-382,-516,-656,-790
-159.0,-292.0,-422.0,-560.0,-695.0,-826.0,-118,-250,-382,-516,-656,-790
-159.0,-292.0,-421.0,-560.0,-695.0,-825.0,-117,-249,-382,-516,-656,-789
-160.0,-291.0,-420.0,-560.0,-696.0,-824.0,-114,-249,-382,-516,-656,-789
-161.0,-290.0,-419.0,-559.0,-697.0,-823.0,-117,-249,-382,-516,-655,-789
-162.0,-289.0,-418.0,-559.0,-698.0,-822.0,-117,-249,-382,-516,-655,-789
-163.0,-289.0,-416.0,-556.0,-699.0,-822.0,-118,-249,-382,-516,-655,-789
-166.0,-289.0,-415.0,-559.0,-700.0,-821.0,-118,-249,-382,-516,-655,-789
-163.0,-289.0,-414.0,-560.0,-701.0,-820.0,-117,-248,-382,-516,-655,-789
-161.0,-287.0,-412.0,-563.0,-702.0,-819.0,-113,-247,-379,-515,-655,-789
-160.0,-285.0,-411.0,-564.0,-702.0,-817.0,-116,-245,-381,-512,-654,-788
-159.0,-282.0,-409.0,-566.0,-702.0,-815.0,-117,-247,-382,-515,-651,-787
-159.0,-280.0,-409.0,-569.0,-702.0,-813.0,-117,-248,-383,-516,-654,-784
-160.0,-278.0,-407.0,-566.0,-704.0,-812.0,-118,-249,-384,-517,-655,-787
-161.0,-273.0,-405.0,-565.0,-706.0,-810.0,-118,-250,-385,-519,-656,-789
-163.0,-276.0,-407.0,-565.0,-704.0,-808.0,-119,-251,-387,-520,-657,-789
-161.0,-277.0,-408.0,-565.0,-704.0,-810.0,-119,-252,-388,-522,-658,-790
-160.0,-277.0,-409.0,-565.0,-703.0,-810.0,-119,-253,-389,-522,-659,-791
-159.0,-277.0,-411.0,-564.0,-701.0,-811.0,-119,-253,-389,-523,-660,-792
-159.0,-278.0,-412.0,-564.0,-700.0,-812.0,-119,-254,-390,-523,-661,-792
-159.0,-279.0,-414.0,-563.0,-699.0,-814.0,-120,-254,-390,-524,-661,-793
-159.0,-281.0,-416.0,-563.0,-699.0,-815.0,-120,-255,-391,-525,-662,-794
-159.0,-282.0,-417.0,-563.0,-698.0,-816.0,-120,-255,-392,-525,-663,-794
-158.0,-283.0,-418.0,-562.0,-697.0,-818.0,-120,-255,-392,-526,-663,-795
-158.0,-284.0,-419.0,-562.0,-696.0,-819.0,-119,-255,-394,-526,-664,-795
-158.0,-285.0,-420.0,-561.0,-695.0,-820.0,-119,-255,-392,-528,-664,-796
-158.0,-285.0,-422.0,-561.0,-695.0,-821.0,-119,-255,-392,-526,-665,-798
-156.0,-286.0,-422.0,-560.0,-694.0,-822.0,-118,-255,-391,-526,-664,-797
-158.0,-288.0,-424.0,-560.0,-694.0,-823.0,-116,-254,-391,-525,-664,-796
-158.0,-289.0,-424.0,-560.0,-694.0,-824.0,-118,-254,-390,-525,-663,-796
-158.0,-290.0,-425.0,-560.0,-694.0,-825.0,-118,-254,-390,-524,-663,-796
-158.0,-291.0,-425.0,-559.0,-694.0,-826.0,-119,-253,-390,-524,-663,-796
-159.0,-291.0,-425.0,-559.0,-694.0,-826.0,-119,-253,-389,-524,-663,-796
-160.0,-291.0,-425.0,-557.0,-694.0,-826.0,-119,-253,-389,-523,-662,-796
-163.0,-291.0,-425.0,-554.0,-694.0,-826.0,-119,-250,-389,-523,-662,-796
-160.0,-292.0,-425.0,-557.0,-694.0,-826.0,-119,-253,-389,-523,-662,-796
-159.0,-293.0,-425.0,-558.0,-694.0,-827.0,-119,-253,-389,-523,-662,-796
-156.0,-293.0,-425.0,-559.0,-691.0,-827.0,-119,-253,-388,-522,-662,-796
-158.0,-293.0,-425.0,-559.0,-693.0,-827.0,-119,-253,-388,-522,-662,-796
-159.0,-293.0,-425.0,-558.0,-694.0,-827.0,-118,-253,-388,-522,-662,-795
-159.0,-292.0,-425.0,-556.0,-694.0,-826.0,-116,-253,-386,-522,-662,-795
-159.0,-292.0,-424.0,-558.0,-694.0,-826.0,-118,-253,-388,-520,-662,-795
-159.0,-292.0,-424.0,-558.0,-694.0,-826.0,-119,-253,-388,-522,-662,-795
-159.0,-292.0,-423.0,-559.0,-695.0,-826.0,-119,-253,-388,-522,-661,-795
-160.0,-292.0,-423.0,-559.0,-696.0,-826.0,-120,-253,-388,-522,-661,-795
-160.0,-291.0,-419.0,-559.0,-696.0,-825.0,-120,-253,-389,-522,-661,-795
-162.0,-289.0,-422.0,-559.0,-698.0,-822.0,-120,-254,-389,-522,-661,-795
-160.0,-291.0,-423.0,-556.0,-696.0,-825.0,-121,-254,-389,-523,-661,-795
-160.0,-291.0,-424.0,-558.0,-696.0,-825.0,-121,-255,-389,-523,-662,-795
-159.0,-292.0,-425.0,-559.0,-695.0,-826.0,-123,-255,-390,-524,-662,-795
-159.0,-292.0,-424.0,-560.0,-694.0,-826.0,-121,-255,-391,-524,-664,-795
-156.0,-292.0,-424.0,-560.0,-694.0,-826.0,-121,-255,-393,-524,-663,-795
-158.0,-292.0,-423.0,-563.0,-694.0,-825.0,-121,-255,-391,-524,-662,-795
-159.0,-290.0,-420.0,-560.0,-694.0,-821.0,-120,-255,-390,-524,-662,-795
-160.0,-287.0,-422.0,-559.0,-695.0,-824.0,-121,-255,-390,-524,-662,-794
-162.0,-290.0,-423.0,-559.0,-697.0,-825.0,-121,-255,-390,-524,-662,-794
-160.0,-290.0,-423.0,-559.0,-695.0,-825.0,-121,-255,-390,-524,-662,-794
-159.0,-291.0,-424.0,-559.0,-695.0,-826.0,-121,-255,-391,-524,-662,-794
-159.0,-291.0,-424.0,-559.0,-694.0,-826.0,-121,-256,-391,-525,-663,-794
-159.0,-291.0,-424.0,-559.0,-694.0,-826.0,-121,-256,-392,-525,-663,-795
-160.0,-291.0,-423.0,-558.0,-695.0,-826.0,-122,-256,-392,-525,-663,-795
-163.0,-291.0,-423.0,-558.0,-695.0,-826.0,-121,-256,-392,-525,-663,-795
-161.0,-292.0,-421.0,-556.0,-697.0,-826.0,-121,-256,-393,-526,-663,-795
-160.0,-292.0,-423.0,-558.0,-695.0,-826.0,-121,-256,-392,-526,-663,-795
-160.0,-292.0,-423.0,-558.0,-695.0,-826.0,-121,-256,-392,-527,-664,-795
-159.0,-292.0,-424.0,-559.0,-694.0,-826.0,-121,-256,-392,-526,-665,-795
-159.0,-292.0,-425.0,-559.0,-694.0,-826.0,-121,-256,-392,-526,-664,-796
-159.0,-292.0,-425.0,-559.0,-691.0,-826.0,-120,-256,-391,-526,-664,-797
-159.0,-292.0,-425.0,-559.0,-693.0,-827.0,-120,-256,-391,-525,-663,-796
-159.0,-292.0,-425.0,-558.0,-694.0,-827.0,-120,-256,-391,-525,-663,-795
-159.0,-292.0,-424.0,-558.0,-694.0,-827.0,-120,-256,-390,-524,-662,-795
-160.0,-292.0,-424.0,-558.0,-695.0,-826.0,-120,-256,-390,-523,-662,-795
-160.0,-292.0,-421.0,-556.0,-695.0,-826.0,-120,-255,-389,-523,-661,-794
-162.0,-292.0,-423.0,-558.0,-697.0,-826.0,-120,-253,-389,-523,-661,-794
-160.0,-292.0,-424.0,-558.0,-695.0,-826.0,-120,-255,-389,-522,-660,-793
-160.0,-292.0,-424.0,-558.0,-695.0,-826.0,-121,-255,-388,-522,-660,-792
-160.0,-292.0,-425.0,-558.0,-694.0,-826.0,-121,-256,-388,-522,-659,-792
-159.0,-292.0,-425.0,-559.0,-693.0,-826.0,-122,-256,-388,-521,-658,-791
-158.0,-293.0,-425.0,-560.0,-691.0,-826.0,-123,-257,-388,-521,-657,-790
-155.0,-293.0,-424.0,-560.0,-693.0,-826.0,-124,-257,-386,-518,-656,-790
-157.0,-292.0,-423.0,-564.0,-694.0,-825.0,-126,-258,-388,-521,-654,-790
-158.0,-290.0,-421.0,-561.0,-695.0,-825.0,-124,-257,-388,-521,-656,-788
-159.0,-289.0,-420.0,-560.0,-695.0,-824.0,-124,-257,-388,-521,-656,-790
-159.0,-289.0,-420.0,-561.0,-698.0,-823.0,-123,-257,-388,-522,-657,-790
-158.0,-289.0,-419.0,-562.0,-695.0,-822.0,-123,-256,-389,-522,-658,-790
-157.0,-288.0,-418.0,-564.0,-695.0,-821.0,-122,-256,-389,-522,-659,-791
-156.0,-286.0,-417.0,-565.0,-695.0,-820.0,-122,-256,-389,-523,-660,-792
-156.0,-284.0,-416.0,-567.0,-695.0,-818.0,-121,-256,-390,-524,-661,-793
-155.0,-282.0,-412.0,-568.0,-698.0,-817.0,-121,-256,-391,-525,-662,-794
-154.0,-280.0,-415.0,-568.0,-696.0,-815.0,-121,-257,-392,-526,-663,-796
-150.0,-278.0,-417.0,-572.0,-695.0,-812.0,-121,-258,-393,-527,-664,-797
-153.0,-274.0,-418.0,-568.0,-694.0,-815.0,-121,-258,-394,-528,-665,-798
-154.0,-277.0,-420.0,-567.0,-693.0,-816.0,-121,-259,-395,-529,-666,-799
-155.0,-278.0,-421.0,-565.0,-693.0,-817.0,-121,-261,-395,-529,-667,-800
-156.0,-280.0,-422.0,-563.0,-693.0,-819.0,-121,-259,-396,-530,-667,-802
-157.0,-282.0,-422.0,-562.0,-693.0,-820.0,-121,-258,-396,-530,-669,-800
-157.0,-284.0,-423.0,-560.0,-693.0,-821.0,-121,-258,-396,-530,-668,-800
-158.0,-286.0,-424.0,-559.0,-693.0,-823.0,-121,-258,-396,-530,-667,-799
-158.0,-287.0,-425.0,-558.0,-693.0,-824.0,-121,-258,-396,-530,-667,-798
-159.0,-289.0,-426.0,-557.0,-693.0,-825.0,-121,-258,-397,-530,-666,-797
-159.0,-290.0,-426.0,-556.0,-693.0,-826.0,-121,-258,-396,-530,-666,-797
-160.0,-292.0,-426.0,-556.0,-693.0,-828.0,-121,-258,-396,-530,-666,-797
-160.0,-294.0,-426.0,-556.0,-693.0,-828.0,-120,-258,-396,-531,-665,-797
-161.0,-294.0,-426.0,-555.0,-693.0,-829.0,-119,-258,-396,-531,-665,-797
-162.0,-295.0,-426.0,-555.0,-693.0,-829.0,-118,-258,-396,-533,-664,-797
-165.0,-295.0,-426.0,-551.0,-693.0,-829.0,-116,-255,-396,-532,-663,-797
-162.0,-296.0,-426.0,-554.0,-693.0,-830.0,-110,-251,-393,-531,-661,-797
-161.0,-296.0,-427.0,-555.0,-693.0,-830.0,-115,-245,-385,-525,-657,-796
-160.0,-301.0,-427.0,-555.0,-693.0,-830.0,-121,-239,-373,-511,-648,-791
-160.0,-297.0,-427.0,-555.0,-693.0,-830.0,-127,-233,-362,-498,-637,-782
-160.0,-296.0,-427.0,-555.0,-692.0,-830.0,-131,-224,-348,-489,-625,-772
-161.0,-296.0,-428.0,-554.0,-690.0,-830.0,-136,-219,-332,-471,-614,-763
-161.0,-296.0,-430.0,-553.0,-692.0,-831.0,-150,-209,-303,-436,-600,-753
-161.0,-297.0,-428.0,-553.0,-693.0,-831.0,-143,-226,-335,-463,-573,-726
-162.0,-299.0,-427.0,-553.0,-694.0,-834.0,-138,-235,-348,-475,-602,-744
-163.0,-302.0,-426.0,-550.0,-695.0,-831.0,-134,-245,-364,-492,-616,-755
-168.0,-299.0,-424.0,-552.0,-696.0,-830.0,-129,-255,-389,-513,-636,-768
-164.0,-298.0,-420.0,-555.0,-700.0,-829.0,-123,-268,-406,-532,-652,-783
-156.0,-297.0,-424.0,-561.0,-693.0,-827.0,-119,-284,-418,-547,-664,-793
-147.0,-297.0,-429.0,-567.0,-687.0,-827.0,-118,-275,-438,-571,-677,-805
-139.0,-294.0,-434.0,-571.0,-678.0,-827.0,-117,-271,-420,-555,-690,-817
-132.0,-290.0,-443.0,-577.0,-670.0,-826.0,-115,-266,-413,-550,-672,-806
-121.0,-286.0,-452.0,-589.0,-661.0,-829.0,-117,-263,-407,-544,-667,-802
-108.0,-275.0,-461.0,-579.0,-655.0,-833.0,-118,-259,-401,-538,-663,-798
-121.0,-284.0,-470.0,-571.0,-642.0,-839.0,-118,-257,-397,-532,-659,-795
-130.0,-290.0,-477.0,-562.0,-650.0,-846.0,-119,-259,-396,-530,-656,-792
-140.0,-297.0,-486.0,-553.0,-655.0,-854.0,-119,-258,-396,-530,-656,-791
-148.0,-307.0,-471.0,-545.0,-662.0,-861.0,-120,-257,-396,-530,-656,-791
-157.0,-319.0,-465.0,-531.0,-670.0,-876.0,-120,-257,-396,-530,-656,-791
-164.0,-327.0,-456.0,-537.0,-678.0,-867.0,-120,-257,-396,-530,-656,-791
-173.0,-340.0,-446.0,-541.0,-684.0,-861.0,-119,-257,-395,-530,-656,-791
-168.0,-330.0,-439.0,-544.0,-688.0,-855.0,-119,-256,-395,-529,-656,-791
-166.0,-324.0,-434.0,-546.0,-691.0,-847.0,-119,-256,-394,-529,-656,-791
-165.0,-317.0,-430.0,-550.0,-693.0,-841.0,-119,-256,-394,-529,-655,-790
-163.0,-312.0,-428.0,-551.0,-693.0,-836.0,-119,-256,-394,-528,-655,-790
-163.0,-307.0,-428.0,-552.0,-693.0,-833.0,-119,-256,-394,-528,-655,-790
-163.0,-302.0,-428.0,-552.0,-693.0,-833.0,-119,-256,-394,-528,-655,-790
-162.0,-301.0,-428.0,-552.0,-693.0,-833.0,-119,-256,-394,-528,-655,-790
-161.0,-300.0,-428.0,-552.0,-693.0,-833.0,-119,-255,-393,-528,-655,-790
-161.0,-300.0,-428.0,-553.0,-693.0,-832.0,-119,-255,-393,-527,-655,-790
-161.0,-299.0,-428.0,-553.0,-693.0,-832.0,-116,-255,-393,-527,-655,-790
-161.0,-299.0,-428.0,-553.0,-693.0,-832.0,-118,-255,-392,-526,-655,-790
-161.0,-299.0,-427.0,-553.0,-693.0,-832.0,-119,-255,-392,-526,-655,-789
-160.0,-298.0,-427.0,-554.0,-693.0,-831.0,-119,-255,-391,-526,-655,-789
-160.0,-298.0,-427.0,-555.0,-693.0,-831.0,-119,-255,-391,-525,-654,-789
-159.0,-298.0,-427.0,-556.0,-692.0,-830.0,-119,-255,-390,-525,-654,-789
-156.0,-297.0,-428.0,-556.0,-692.0,-830.0,-119,-254,-389,-524,-654,-789
-158.0,-296.0,-432.0,-556.0,-688.0,-830.0,-118,-253,-389,-523,-653,-788
-159.0,-296.0,-430.0,-556.0,-691.0,-831.0,-118,-253,-388,-522,-652,-787
-159.0,-297.0,-429.0,-556.0,-692.0,-833.0,-118,-252,-387,-522,-651,-786
-159.0,-299.0,-428.0,-556.0,-692.0,-831.0,-117,-251,-387,-521,-650,-786
-160.0,-297.0,-427.0,-555.0,-693.0,-831.0,-117,-251,-385,-520,-649,-785
-161.0,-296.0,-426.0,-552.0,-693.0,-829.0,-116,-250,-384,-519,-649,-784
-164.0,-295.0,-426.0,-554.0,-694.0,-829.0,-116,-249,-383,-518,-648,-783
-161.0,-295.0,-426.0,-555.0,-694.0,-829.0,-116,-248,-381,-517,-647,-782
-160.0,-298.0,-425.0,-556.0,-694.0,-828.0,-116,-248,-380,-515,-646,-781
-159.0,-296.0,-425.0,-557.0,-693.0,-828.0,-115,-247,-380,-514,-644,-780
-158.0,-295.0,-426.0,-558.0,-693.0,-827.0,-115,-247,-379,-513,-643,-779
-158.0,-294.0,-427.0,-557.0,-693.0,-827.0,-115,-247,-378,-512,-643,-779
-158.0,-293.0,-426.0,-554.0,-691.0,-827.0,-114,-246,-377,-511,-642,-778
-158.0,-293.0,-426.0,-557.0,-693.0,-827.0,-114,-246,-376,-510,-642,-778
-158.0,-293.0,-425.0,-557.0,-693.0,-827.0,-113,-245,-376,-510,-642,-777
-156.0,-292.0,-424.0,-558.0,-693.0,-827.0,-113,-245,-375,-509,-641,-777
-158.0,-292.0,-423.0,-559.0,-693.0,-826.0,-111,-245,-375,-509,-641,-777
-158.0,-291.0,-422.0,-559.0,-694.0,-825.0,-113,-244,-373,-506,-639,-777
-158.0,-290.0,-419.0,-560.0,-695.0,-824.0,-113,-242,-375,-508,-641,-775
-158.0,-289.0,-417.0,-562.0,-696.0,-822.0,-114,-244,-375,-509,-641,-777
-158.0,-287.0,-415.0,-562.0,-698.0,-820.0,-114,-244,-375,-509,-642,-777
-159.0,-285.0,-412.0,-565.0,-699.0,-818.0,-114,-245,-376,-509,-642,-777
-160.0,-283.0,-410.0,-563.0,-701.0,-816.0,-115,-245,-377,-510,-642,-777
-161.0,-281.0,-409.0,-562.0,-702.0,-814.0,-116,-246,-378,-511,-643,-777
-164.0,-280.0,-408.0,-562.0,-706.0,-813.0,-116,-247,-379,-513,-644,-778
-161.0,-279.0,-406.0,-563.0,-704.0,-812.0,-117,-249,-381,-514,-645,-779
-160.0,-279.0,-408.0,-564.0,-703.0,-812.0,-117,-250,-382,-515,-646,-780
-159.0,-278.0,-409.0,-565.0,-702.0,-812.0,-118,-250,-383,-517,-648,-781
-158.0,-278.0,-410.0,-565.0,-701.0,-811.0,-117,-251,-385,-518,-649,-782
-158.0,-277.0,-411.0,-567.0,-700.0,-809.0,-115,-252,-385,-519,-649,-783
-157.0,-275.0,-412.0,-565.0,-699.0,-811.0,-117,-252,-386,-520,-650,-783
-155.0,-277.0,-413.0,-565.0,-698.0,-812.0,-118,-252,-386,-520,-651,-784
-157.0,-278.0,-414.0,-564.0,-697.0,-813.0,-118,-252,-387,-521,-651,-784
-158.0,-279.0,-415.0,-562.0,-697.0,-814.0,-118,-252,-388,-521,-652,-785
-158.0,-280.0,-417.0,-561.0,-697.0,-816.0,-118,-253,-388,-522,-653,-785
-158.0,-282.0,-418.0,-560.0,-696.0,-817.0,-118,-253,-388,-522,-653,-786
-157.0,-283.0,-419.0,-561.0,-695.0,-819.0,-118,-253,-388,-522,-653,-786
-157.0,-284.0,-421.0,-563.0,-694.0,-820.0,-115,-253,-388,-522,-653,-786
-157.0,-286.0,-422.0,-561.0,-693.0,-821.0,-118,-253,-388,-522,-654,-786
-157.0,-287.0,-424.0,-560.0,-693.0,-822.0,-118,-253,-388,-522,-654,-786
-157.0,-287.0,-424.0,-560.0,-693.0,-823.0,-118,-253,-388,-522,-654,-787
-157.0,-288.0,-425.0,-560.0,-692.0,-824.0,-117,-252,-388,-522,-654,-787
-157.0,-289.0,-425.0,-560.0,-692.0,-825.0,-117,-252,-387,-522,-654,-786
-154.0,-289.0,-426.0,-559.0,-692.0,-825.0,-117,-252,-387,-521,-654,-786
-156.0,-290.0,-427.0,-559.0,-688.0,-826.0,-117,-252,-387,-521,-651,-786
-157.0,-291.0,-430.0,-558.0,-691.0,-826.0,-115,-252,-387,-521,-653,-786
-157.0,-292.0,-427.0,-558.0,-692.0,-827.0,-117,-250,-387,-521,-654,-786
-158.0,-292.0,-426.0,-556.0,-692.0,-827.0,-117,-252,-387,-521,-654,-786
-158.0,-293.0,-425.0,-558.0,-693.0,-827.0,-117,-252,-386,-520,-654,-786
-158.0,-293.0,-425.0,-558.0,-693.0,-827.0,-117,-252,-386,-520,-654,-786
-158.0,-292.0,-425.0,-559.0,-692.0,-827.0,-117,-252,-384,-517,-654,-785
-154.0,-292.0,-426.0,-559.0,-692.0,-827.0,-118,-252,-386,-519,-654,-783
-156.0,-292.0,-426.0,-559.0,-689.0,-827.0,-118,-252,-386,-520,-654,-785
-157.0,-292.0,-428.0,-559.0,-691.0,-827.0,-118,-253,-387,-520,-654,-786
-157.0,-292.0,-426.0,-559.0,-692.0,-827.0,-118,-253,-387,-521,-655,-786
-157.0,-292.0,-426.0,-559.0,-692.0,-827.0,-118,-253,-387,-521,-655,-786
-158.0,-292.0,-426.0,-558.0,-692.0,-827.0,-118,-253,-388,-521,-655,-786
-158.0,-292.0,-425.0,-558.0,-693.0,-827.0,-118,-253,-388,-521,-655,-786
-158.0,-292.0,-425.0,-556.0,-693.0,-827.0,-118,-253,-388,-521,-655,-786
-158.0,-292.0,-425.0,-558.0,-693.0,-827.0,-118,-254,-388,-521,-655,-786
-158.0,-292.0,-425.0,-558.0,-693.0,-826.0,-118,-254,-388,-521,-655,-786
-158.0,-292.0,-425.0,-559.0,-693.0,-826.0,-119,-254,-388,-522,-655,-786
-157.0,-291.0,-425.0,-559.0,-693.0,-826.0,-119,-254,-388,-522,-655,-786
-154.0,-291.0,-425.0,-559.0,-692.0,-824.0,-119,-254,-388,-522,-656,-786
-156.0,-291.0,-425.0,-559.0,-692.0,-826.0,-119,-254,-389,-522,-656,-787
-157.0,-289.0,-425.0,-559.0,-689.0,-826.0,-119,-254,-389,-522,-656,-787
-157.0,-291.0,-425.0,-559.0,-692.0,-826.0,-119,-254,-389,-522,-656,-787
-158.0,-291.0,-425.0,-559.0,-692.0,-827.0,-119,-255,-389,-522,-656,-787
-158.0,-291.0,-425.0,-559.0,-693.0,-827.0,-120,-255,-389,-523,-656,-787
-158.0,-292.0,-425.0,-559.0,-693.0,-827.0,-120,-255,-390,-523,-656,-788
-158.0,-292.0,-425.0,-559.0,-693.0,-826.0,-120,-255,-390,-523,-657,-788
-158.0,-292.0,-425.0,-559.0,-693.0,-826.0,-120,-255,-390,-523,-657,-788
-158.0,-292.0,-425.0,-559.0,-693.0,-826.0,-120,-255,-390,-523,-657,-788
-158.0,-292.0,-425.0,-559.0,-693.0,-826.0,-120,-255,-390,-523,-657,-788
-158.0,-292.0,-425.0,-559.0,-693.0,-824.0,-120,-255,-390,-524,-657,-788
-158.0,-292.0,-425.0,-559.0,-693.0,-826.0,-120,-255,-390,-524,-657,-788
-158.0,-292.0,-425.0,-559.0,-693.0,-826.0,-120,-255,-390,-524,-657,-789
-158.0,-292.0,-425.0,-558.0,-692.0,-826.0,-120,-255,-390,-524,-657,-789
-158.0,-292.0,-425.0,-558.0,-690.0,-826.0,-120,-255,-389,-523,-657,-789
-158.0,-292.0,-425.0,-558.0,-692.0,-827.0,-120,-255,-389,-523,-657,-789
-158.0,-292.0,-425.0,-557.0,-692.0,-827.0,-120,-255,-389,-523,-656,-786
-159.0,-292.0,-425.0,-557.0,-693.0,-827.0,-120,-255,-389,-523,-656,-788
-160.0,-292.0,-424.0,-554.0,-694.0,-827.0,-120,-255,-389,-523,-656,-789
-163.0,-292.0,-423.0,-557.0,-695.0,-826.0,-119,-255,-389,-523,-656,-788
-160.0,-292.0,-421.0,-557.0,-697.0,-826.0,-117,-255,-388,-522,-656,-788
-160.0,-292.0,-423.0,-558.0,-695.0,-826.0,-119,-255,-388,-522,-655,-787
-158.0,-292.0,-423.0,-558.0,-694.0,-825.0,-120,-255,-387,-521,-655,-786
-157.0,-292.0,-424.0,-559.0,-693.0,-823.0,-121,-255,-387,-521,-654,-785
-157.0,-291.0,-424.0,-559.0,-692.0,-825.0,-122,-255,-387,-520,-654,-784
-155.0,-291.0,-425.0,-559.0,-690.0,-826.0,-123,-255,-387,-520,-653,-784
-157.0,-291.0,-424.0,-559.0,-692.0,-826.0,-124,-255,-386,-519,-652,-783
-157.0,-291.0,-424.0,-559.0,-693.0,-826.0,-125,-255,-384,-517,-650,-783
-158.0,-291.0,-423.0,-559.0,-693.0,-826.0,-126,-256,-386,-519,-652,-780
-158.0,-290.0,-423.0,-559.0,-693.0,-825.0,-128,-256,-387,-520,-652,-782
-158.0,-290.0,-422.0,-559.0,-694.0,-825.0,-126,-256,-387,-521,-653,-783
-158.0,-290.0,-421.0,-560.0,-694.0,-823.0,-125,-256,-388,-521,-654,-784
-158.0,-289.0,-420.0,-561.0,-695.0,-822.0,-124,-256,-388,-522,-654,-785
-158.0,-288.0,-419.0,-561.0,-695.0,-821.0,-123,-256,-389,-522,-655,-786
-157.0,-286.0,-418.0,-562.0,-696.0,-820.0,-122,-256,-389,-523,-656,-787
-156.0,-285.0,-416.0,-564.0,-698.0,-819.0,-122,-256,-390,-523,-656,-788
-155.0,-283.0,-415.0,-566.0,-696.0,-818.0,-122,-256,-391,-525,-657,-788
-153.0,-282.0,-412.0,-568.0,-695.0,-816.0,-122,-257,-392,-526,-658,-789
-152.0,-279.0,-414.0,-572.0,-694.0,-814.0,-122,-257,-393,-527,-659,-790
-149.0,-278.0,-416.0,-569.0,-693.0,-810.0,-122,-258,-393,-528,-660,-790
-152.0,-276.0,-417.0,-567.0,-691.0,-813.0,-122,-258,-394,-528,-661,-791
-154.0,-272.0,-419.0,-565.0,-693.0,-814.0,-122,-259,-394,-529,-661,-791
-156.0,-277.0,-419.0,-563.0,-694.0,-816.0,-122,-259,-395,-529,-662,-792
-157.0,-279.0,-418.0,-561.0,-695.0,-818.0,-122,-259,-395,-529,-662,-793
-158.0,-281.0,-416.0,-560.0,-698.0,-819.0,-122,-261,-396,-529,-662,-793
-158.0,-283.0,-418.0,-559.0,-696.0,-820.0,-122,-260,-397,-530,-664,-793
-158.0,-285.0,-420.0,-558.0,-695.0,-821.0,-121,-259,-396,-531,-663,-795
-158.0,-287.0,-422.0,-557.0,-694.0,-822.0,-121,-259,-396,-530,-662,-793
-159.0,-289.0,-424.0,-557.0,-693.0,-823.0,-123,-259,-395,-529,-662,-793
-160.0,-290.0,-424.0,-556.0,-691.0,-825.0,-122,-258,-395,-529,-662,-793
-161.0,-291.0,-425.0,-555.0,-693.0,-826.0,-121,-258,-395,-529,-662,-792
-163.0,-292.0,-425.0,-552.0,-694.0,-827.0,-120,-258,-395,-529,-663,-793
-161.0,-294.0,-425.0,-555.0,-693.0,-827.0,-118,-258,-397,-531,-663,-793
-160.0,-294.0,-425.0,-556.0,-693.0,-828.0,-117,-257,-395,-530,-664,-794
-160.0,-294.0,-425.0,-556.0,-691.0,-828.0,-113,-253,-392,-529,-666,-797
-160.0,-294.0,-425.0,-555.0,-693.0,-828.0,-118,-246,-386,-524,-664,-795
-160.0,-294.0,-425.0,-555.0,-693.0,-828.0,-124,-238,-375,-513,-659,-793
-161.0,-294.0,-425.0,-554.0,-693.0,-828.0,-131,-229,-358,-498,-647,-785
-162.0,-295.0,-425.0,-553.0,-694.0,-829.0,-138,-219,-343,-487,-634,-775
-163.0,-296.0,-425.0,-552.0,-694.0,-829.0,-145,-211,-331,-468,-624,-765
-166.0,-296.0,-425.0,-549.0,-694.0,-830.0,-156,-198,-302,-439,-611,-756
-164.0,-297.0,-425.0,-552.0,-695.0,-829.0,-148,-222,-337,-460,-589,-734
-163.0,-297.0,-425.0,-552.0,-695.0,-829.0,-141,-235,-352,-479,-615,-751
-163.0,-299.0,-424.0,-553.0,-695.0,-829.0,-136,-250,-374,-498,-633,-764
-164.0,-297.0,-423.0,-550.0,-696.0,-828.0,-130,-265,-402,-520,-652,-779
-168.0,-297.0,-421.0,-552.0,-697.0,-828.0,-125,-275,-417,-543,-669,-793
-165.0,-296.0,-417.0,-553.0,-701.0,-827.0,-122,-287,-440,-556,-686,-807
-158.0,-296.0,-420.0,-555.0,-695.0,-826.0,-121,-278,-426,-571,-701,-823
-151.0,-295.0,-423.0,-560.0,-691.0,-826.0,-121,-272,-419,-555,-687,-814
-143.0,-293.0,-426.0,-567.0,-685.0,-825.0,-121,-268,-411,-548,-681,-809
-131.0,-290.0,-434.0,-573.0,-676.0,-825.0,-121,-264,-405,-542,-676,-805
-124.0,-287.0,-442.0,-587.0,-668.0,-825.0,-122,-262,-400,-537,-671,-801
-112.0,-283.0,-451.0,-577.0,-661.0,-830.0,-122,-261,-399,-535,-668,-799
-124.0,-275.0,-459.0,-570.0,-651.0,-836.0,-122,-261,-398,-533,-667,-797
-135.0,-283.0,-467.0,-558.0,-660.0,-843.0,-122,-261,-398,-532,-667,-797
-144.0,-293.0,-476.0,-550.0,-665.0,-851.0,-123,-261,-398,-532,-666,-797
-154.0,-303.0,-461.0,-540.0,-673.0,-860.0,-122,-261,-398,-532,-666,-796
-164.0,-313.0,-453.0,-529.0,-681.0,-870.0,-122,-260,-397,-531,-666,-796
-175.0,-325.0,-443.0,-537.0,-686.0,-861.0,-122,-260,-397,-531,-665,-796
-171.0,-338.0,-437.0,-541.0,-692.0,-856.0,-122,-260,-397,-531,-665,-796
-169.0,-327.0,-430.0,-545.0,-695.0,-847.0,-122,-260,-397,-531,-665,-796
-167.0,-320.0,-427.0,-548.0,-695.0,-841.0,-121,-260,-397,-531,-665,-796
-166.0,-313.0,-425.0,-550.0,-695.0,-835.0,-121,-260,-397,-531,-665,-796
-165.0,-307.0,-425.0,-550.0,-696.0,-832.0,-121,-259,-396,-530,-665,-796
-164.0,-302.0,-424.0,-551.0,-696.0,-830.0,-121,-259,-396,-530,-664,-795
-164.0,-299.0,-424.0,-551.0,-697.0,-828.0,-120,-258,-396,-530,-663,-795
-164.0,-298.0,-422.0,-552.0,-696.0,-828.0,-121,-258,-396,-529,-662,-794
-163.0,-297.0,-424.0,-552.0,-696.0,-827.0,-121,-258,-395,-529,-661,-794
-163.0,-296.0,-424.0,-552.0,-695.0,-827.0,-121,-258,-395,-529,-660,-794
-163.0,-296.0,-425.0,-551.0,-695.0,-828.0,-122,-258,-395,-529,-660,-794
-164.0,-296.0,-425.0,-550.0,-695.0,-828.0,-121,-257,-395,-529,-659,-794
-167.0,-297.0,-425.0,-547.0,-697.0,-829.0,-121,-256,-395,-528,-658,-793
-165.0,-297.0,-425.0,-550.0,-696.0,-830.0,-121,-256,-394,-528,-658,-793
-164.0,-298.0,-425.0,-552.0,-695.0,-829.0,-121,-255,-393,-527,-657,-792
-163.0,-301.0,-424.0,-553.0,-695.0,-829.0,-120,-255,-392,-526,-657,-792
-162.0,-298.0,-424.0,-554.0,-695.0,-828.0,-120,-254,-391,-525,-656,-791
-162.0,-297.0,-424.0,-553.0,-695.0,-827.0,-120,-254,-390,-524,-655,-790
-163.0,-295.0,-424.0,-552.0,-696.0,-824.0,-120,-253,-389,-522,-654,-790
-166.0,-294.0,-423.0,-549.0,-696.0,-826.0,-120,-252,-389,-522,-654,-789
-164.0,-295.0,-421.0,-551.0,-696.0,-827.0,-120,-252,-388,-521,-653,-789
-163.0,-298.0,-423.0,-552.0,-696.0,-827.0,-119,-251,-387,-521,-652,-788
-163.0,-296.0,-423.0,-552.0,-696.0,-827.0,-118,-250,-387,-520,-651,-787
-163.0,-295.0,-424.0,-553.0,-696.0,-827.0,-118,-249,-386,-519,-649,-786
-163.0,-295.0,-424.0,-553.0,-696.0,-827.0,-118,-248,-384,-517,-648,-785
-163.0,-295.0,-424.0,-560.0,-694.0,-827.0,-117,-248,-383,-516,-647,-784
-162.0,-295.0,-425.0,-560.0,-694.0,-827.0,-117,-248,-382,-515,-646,-783
-159.0,-295.0,-425.0,-560.0,-694.0,-827.0,-116,-248,-381,-514,-644,-782
-159.0,-294.0,-425.0,-560.0,-694.0,-827.0,-116,-247,-381,-513,-644,-782
-159.0,-292.0,-425.0,-560.0,-694.0,-827.0,-116,-247,-380,-512,-643,-781
-159.0,-292.0,-425.0,-560.0,-694.0,-827.0,-116,-247,-380,-512,-642,-780
-159.0,-292.0,-425.0,-560.0,-694.0,-827.0,-115,-246,-380,-511,-641,-780
-159.0,-292.0,-425.0,-560.0,-694.0,-827.0,-113,-245,-379,-511,-641,-779
-159.0,-292.0,-425.0,-560.0,-694.0,-827.0,-115,-244,-379,-510,-641,-779
-159.0,-292.0,-425.0,-560.0,-694.0,-827.0,-115,-244,-378,-510,-641,-779
-159.0,-292.0,-425.0,-560.0,-694.0,-827.0,-116,-241,-375,-510,-641,-777
-159.0,-292.0,-425.0,-560.0,-694.0,-827.0,-117,-244,-378,-510,-641,-779
