DateTime,ECG
2023-10-04 14:46:03.500999936,1.7411477411477412
2023-10-04 14:46:03.506000128,1.7411477411477412
2023-10-04 14:46:03.511000064,1.7411477411477412
2023-10-04 14:46:03.516000256,1.7546275946275947
2023-10-04 14:46:03.521000448,1.74002442002442
2023-10-04 14:46:03.526000384,1.7523809523809524
2023-10-04 14:46:03.531000576,1.7332844932844933
2023-10-04 14:46:03.536000768,1.7535042735042734
2023-10-04 14:46:03.541000960,1.7445177045177045
2023-10-04 14:46:03.546000896,1.731037851037851
2023-10-04 14:46:03.551001088,1.7276678876678877
2023-10-04 14:46:03.556001280,1.7265445665445665
2023-10-04 14:46:03.561001216,1.7681074481074481
2023-10-04 14:46:03.566001408,1.75013431013431
2023-10-04 14:46:03.571001600,1.823150183150183
2023-10-04 14:46:03.576001536,1.9017826617826619
2023-10-04 14:46:03.581001728,1.9759218559218559
2023-10-04 14:46:03.586001920,2.018608058608059
2023-10-04 14:46:03.591002112,2.1466666666666665
2023-10-04 14:46:03.596002048,2.3443711843711843
2023-10-04 14:46:03.601002240,2.5892551892551894
2023-10-04 14:46:03.606002432,2.73978021978022
2023-10-04 14:46:03.611002368,2.751013431013431
2023-10-04 14:46:03.616002560,2.505006105006105
2023-10-04 14:46:03.621002752,1.866959706959707
2023-10-04 14:46:03.626002688,1.1963369963369963
2023-10-04 14:46:03.631002880,0.7368986568986569
2023-10-04 14:46:03.636003072,0.5818803418803419
2023-10-04 14:46:03.641003008,0.6616361416361416
2023-10-04 14:46:03.646003200,0.7975579975579976
2023-10-04 14:46:03.651003392,0.8851770451770452
2023-10-04 14:46:03.656003584,1.0604151404151405
2023-10-04 14:46:03.661003520,1.2592429792429793
2023-10-04 14:46:03.666003712,1.42998778998779
2023-10-04 14:46:03.671003904,1.4928937728937728
2023-10-04 14:46:03.676003840,1.61982905982906
2023-10-04 14:46:03.681004032,1.7231746031746031
2023-10-04 14:46:03.686004224,1.738901098901099
2023-10-04 14:46:03.691004160,1.7669841269841269
2023-10-04 14:46:03.696004352,1.8074236874236875
2023-10-04 14:46:03.701004544,1.8085470085470086
2023-10-04 14:46:03.706004736,1.7815873015873016
2023-10-04 14:46:03.711004672,1.7726007326007327
2023-10-04 14:46:03.716004864,1.7860805860805862
2023-10-04 14:46:03.721005056,1.8018070818070817
2023-10-04 14:46:03.726004992,1.8141636141636142
2023-10-04 14:46:03.731005184,1.8074236874236875
2023-10-04 14:46:03.736005376,1.8175335775335775
2023-10-04 14:46:03.741005312,1.85010989010989
2023-10-04 14:46:03.746005504,1.8433699633699634
2023-10-04 14:46:03.751005696,1.8186568986568987
2023-10-04 14:46:03.756005888,1.8141636141636142
2023-10-04 14:46:03.761005824,1.7928205128205128
2023-10-04 14:46:03.766006016,1.8119169719169719
2023-10-04 14:46:03.771006208,1.8287667887667887
2023-10-04 14:46:03.776006144,1.8467399267399267
2023-10-04 14:46:03.781006336,1.8321367521367522
2023-10-04 14:46:03.786006528,1.8096703296703296
2023-10-04 14:46:03.791006464,1.8366300366300365
2023-10-04 14:46:03.796006656,1.85010989010989
2023-10-04 14:46:03.801006848,1.8332600732600732
2023-10-04 14:46:03.806006784,1.8355067155067155
2023-10-04 14:46:03.811006976,1.8197802197802198
2023-10-04 14:46:03.816007168,1.8467399267399267
2023-10-04 14:46:03.821007360,1.8366300366300365
2023-10-04 14:46:03.826007296,1.8141636141636142
2023-10-04 14:46:03.831007488,1.8265201465201466
2023-10-04 14:46:03.836007680,1.847863247863248
2023-10-04 14:46:03.841007616,1.8624664224664225
2023-10-04 14:46:03.846007808,1.8512332112332113
2023-10-04 14:46:03.851008000,1.8635897435897435
2023-10-04 14:46:03.856007936,1.823150183150183
2023-10-04 14:46:03.861008128,1.8287667887667887
2023-10-04 14:46:03.866008320,1.8613431013431014
2023-10-04 14:46:03.871008512,1.8523565323565323
2023-10-04 14:46:03.876008448,1.8366300366300365
2023-10-04 14:46:03.881008640,1.841123321123321
2023-10-04 14:46:03.886008832,1.8725763125763126
2023-10-04 14:46:03.891008768,1.8894261294261294
2023-10-04 14:46:03.896008960,1.8793162393162393
2023-10-04 14:46:03.901009152,1.857973137973138
2023-10-04 14:46:03.906009088,1.8377533577533578
2023-10-04 14:46:03.911009280,1.8736996336996337
2023-10-04 14:46:03.916009472,1.9085225885225885
2023-10-04 14:46:03.921009664,1.9197557997557997
2023-10-04 14:46:03.926009600,1.9377289377289377
2023-10-04 14:46:03.931009792,1.9231257631257632
2023-10-04 14:46:03.936009984,1.920879120879121
2023-10-04 14:46:03.941009920,1.9321123321123321
2023-10-04 14:46:03.946010112,1.9309890109890109
2023-10-04 14:46:03.951010304,1.9366056166056167
2023-10-04 14:46:03.956010240,1.9096459096459097
2023-10-04 14:46:03.961010432,1.8714529914529914
2023-10-04 14:46:03.966010624,1.8332600732600732
2023-10-04 14:46:03.971010560,1.8197802197802198
2023-10-04 14:46:03.976010752,1.8186568986568987
2023-10-04 14:46:03.981010944,1.8343833943833945
2023-10-04 14:46:03.986011136,1.831013431013431
2023-10-04 14:46:03.991011072,1.8119169719169719
2023-10-04 14:46:03.996011264,1.7995604395604397
2023-10-04 14:46:04.002000128,1.777094017094017
2023-10-04 14:46:04.007000320,1.7939438339438338
2023-10-04 14:46:04.012000256,1.7939438339438338
2023-10-04 14:46:04.017000448,1.7928205128205128
2023-10-04 14:46:04.022000640,1.8018070818070817
2023-10-04 14:46:04.027000576,1.7883272283272282
2023-10-04 14:46:04.032000768,1.74002442002442
2023-10-04 14:46:04.037000960,1.7737240537240537
2023-10-04 14:46:04.042000896,1.8287667887667887
2023-10-04 14:46:04.047001088,1.820903540903541
2023-10-04 14:46:04.052001280,1.8197802197802198
2023-10-04 14:46:04.057001472,1.8186568986568987
2023-10-04 14:46:04.062001408,1.8119169719169719
2023-10-04 14:46:04.067001600,1.7894505494505495
2023-10-04 14:46:04.072001792,1.8096703296703296
2023-10-04 14:46:04.077001728,1.8287667887667887
2023-10-04 14:46:04.082001920,1.8534798534798536
2023-10-04 14:46:04.087002112,1.8287667887667887
2023-10-04 14:46:04.092002048,1.8343833943833945
2023-10-04 14:46:04.097002240,1.8366300366300365
2023-10-04 14:46:04.102002432,1.8321367521367522
2023-10-04 14:46:04.107002624,1.8197802197802198
2023-10-04 14:46:04.112002560,1.7905738705738705
2023-10-04 14:46:04.117002752,1.831013431013431
2023-10-04 14:46:04.122002944,1.822026862026862
2023-10-04 14:46:04.127002880,1.8096703296703296
2023-10-04 14:46:04.132003072,1.8186568986568987
2023-10-04 14:46:04.137003264,1.820903540903541
2023-10-04 14:46:04.142003200,1.8433699633699634
2023-10-04 14:46:04.147003392,1.8096703296703296
2023-10-04 14:46:04.152003584,1.7928205128205128
2023-10-04 14:46:04.157003520,1.8186568986568987
2023-10-04 14:46:04.162003712,1.8074236874236875
2023-10-04 14:46:04.167003904,1.8063003663003663
2023-10-04 14:46:04.172004096,1.7939438339438338
2023-10-04 14:46:04.177004032,1.7815873015873016
2023-10-04 14:46:04.182004224,1.7793406593406593
2023-10-04 14:46:04.187004416,1.7546275946275947
2023-10-04 14:46:04.192004352,1.7658608058608058
2023-10-04 14:46:04.197004544,1.7456410256410257
2023-10-04 14:46:04.202004736,1.749010989010989
2023-10-04 14:46:04.207004672,1.7681074481074481
2023-10-04 14:46:04.212004864,1.7512576312576313
2023-10-04 14:46:04.217005056,1.7265445665445665
2023-10-04 14:46:04.222005248,1.749010989010989
2023-10-04 14:46:04.227005184,1.7782173382173383
2023-10-04 14:46:04.232005376,1.7557509157509157
2023-10-04 14:46:04.237005568,1.7332844932844933
2023-10-04 14:46:04.242005504,1.7602442002442003
2023-10-04 14:46:04.247005696,1.7456410256410257
2023-10-04 14:46:04.252005888,1.7883272283272282
2023-10-04 14:46:04.257005824,1.7737240537240537
2023-10-04 14:46:04.262006016,1.7411477411477412
2023-10-04 14:46:04.267006208,1.7557509157509157
2023-10-04 14:46:04.272006400,1.7602442002442003
2023-10-04 14:46:04.277006336,1.7546275946275947
2023-10-04 14:46:04.282006528,1.7467643467643468
2023-10-04 14:46:04.287006720,1.7467643467643468
2023-10-04 14:46:04.292006656,1.757997557997558
2023-10-04 14:46:04.297006848,1.7276678876678877
2023-10-04 14:46:04.302007040,1.756874236874237
2023-10-04 14:46:04.307006976,1.7624908424908425
2023-10-04 14:46:04.312007168,1.7535042735042734
2023-10-04 14:46:04.317007360,1.7411477411477412
2023-10-04 14:46:04.322007296,1.7658608058608058
2023-10-04 14:46:04.327007488,1.7344078144078143
2023-10-04 14:46:04.332007680,1.72991452991453
2023-10-04 14:46:04.337007872,1.7321611721611723
2023-10-04 14:46:04.342007808,1.756874236874237
2023-10-04 14:46:04.347008000,1.7928205128205128
2023-10-04 14:46:04.352008192,1.74002442002442
2023-10-04 14:46:04.357008128,1.7467643467643468
2023-10-04 14:46:04.362008320,1.7714774114774114
2023-10-04 14:46:04.367008512,1.7321611721611723
2023-10-04 14:46:04.372008448,1.75013431013431
2023-10-04 14:46:04.377008640,1.7557509157509157
2023-10-04 14:46:04.382008832,1.7456410256410257
2023-10-04 14:46:04.387009024,1.7265445665445665
2023-10-04 14:46:04.392008960,1.731037851037851
2023-10-04 14:46:04.397009152,1.7512576312576313
2023-10-04 14:46:04.402009344,1.7658608058608058
2023-10-04 14:46:04.407009280,1.749010989010989
2023-10-04 14:46:04.412009472,1.756874236874237
2023-10-04 14:46:04.417009664,1.7535042735042734
2023-10-04 14:46:04.422009600,1.7478876678876678
2023-10-04 14:46:04.427009792,1.749010989010989
2023-10-04 14:46:04.432009984,1.7681074481074481
2023-10-04 14:46:04.437010176,1.7782173382173383
2023-10-04 14:46:04.442010112,1.7557509157509157
2023-10-04 14:46:04.447010304,1.8343833943833945
2023-10-04 14:46:04.452010496,1.8804395604395605
2023-10-04 14:46:04.457010432,1.9422222222222223
2023-10-04 14:46:04.462010624,2.034334554334554
2023-10-04 14:46:04.467010816,2.148913308913309
2023-10-04 14:46:04.472010752,2.3454945054945053
2023-10-04 14:46:04.477010944,2.543199023199023
2023-10-04 14:46:04.482011136,2.6184615384615384
2023-10-04 14:46:04.487011072,2.5106227106227106
2023-10-04 14:46:04.492011264,2.1466666666666665
2023-10-04 14:46:04.497011456,1.5423199023199023
2023-10-04 14:46:04.504000000,0.9997557997557998
2023-10-04 14:46:04.508999936,0.7200488400488401
2023-10-04 14:46:04.514000128,0.738021978021978
2023-10-04 14:46:04.519000320,0.8604639804639804
2023-10-04 14:46:04.524000512,0.8997802197802198
2023-10-04 14:46:04.529000448,1.010989010989011
2023-10-04 14:46:04.534000640,1.174993894993895
2023-10-04 14:46:04.539000832,1.3367521367521367
2023-10-04 14:46:04.544000768,1.4457142857142857
2023-10-04 14:46:04.549000960,1.5501831501831502
2023-10-04 14:46:04.554001152,1.667008547008547
2023-10-04 14:46:04.559001088,1.7366544566544566
2023-10-04 14:46:04.564001280,1.7613675213675213
2023-10-04 14:46:04.569001472,1.8152869352869352
2023-10-04 14:46:04.574001664,1.8096703296703296
2023-10-04 14:46:04.579001600,1.820903540903541
2023-10-04 14:46:04.584001792,1.7658608058608058
2023-10-04 14:46:04.589001984,1.8018070818070817
2023-10-04 14:46:04.594001920,1.8377533577533578
2023-10-04 14:46:04.599002112,1.84
2023-10-04 14:46:04.604002304,1.8107936507936508
2023-10-04 14:46:04.609002240,1.8164102564102564
2023-10-04 14:46:04.614002432,1.8265201465201466
2023-10-04 14:46:04.619002624,1.831013431013431
2023-10-04 14:46:04.624002816,1.7995604395604397
2023-10-04 14:46:04.629002752,1.822026862026862
2023-10-04 14:46:04.634002944,1.7916971916971918
2023-10-04 14:46:04.639003136,1.8018070818070817
2023-10-04 14:46:04.644003072,1.8197802197802198
2023-10-04 14:46:04.649003264,1.8534798534798536
2023-10-04 14:46:04.654003456,1.8197802197802198
2023-10-04 14:46:04.659003392,1.7782173382173383
2023-10-04 14:46:04.664003584,1.8006837606837607
2023-10-04 14:46:04.669003776,1.8276434676434676
2023-10-04 14:46:04.674003712,1.8197802197802198
2023-10-04 14:46:04.679003904,1.775970695970696
2023-10-04 14:46:04.684004096,1.820903540903541
2023-10-04 14:46:04.689004288,1.8366300366300365
2023-10-04 14:46:04.694004224,1.8085470085470086
2023-10-04 14:46:04.699004416,1.82989010989011
2023-10-04 14:46:04.704004608,1.8366300366300365
2023-10-04 14:46:04.709004544,1.8063003663003663
2023-10-04 14:46:04.714004736,1.7804639804639804
2023-10-04 14:46:04.719004928,1.7467643467643468
2023-10-04 14:46:04.724004864,1.7681074481074481
2023-10-04 14:46:04.729005056,1.7905738705738705
2023-10-04 14:46:04.734005248,1.8085470085470086
2023-10-04 14:46:04.739005440,1.7883272283272282
2023-10-04 14:46:04.744005376,1.7804639804639804
2023-10-04 14:46:04.749005568,1.7613675213675213
2023-10-04 14:46:04.754005760,1.7546275946275947
2023-10-04 14:46:04.759005696,1.7377777777777779
2023-10-04 14:46:04.764005888,1.8006837606837607
2023-10-04 14:46:04.769006080,1.8467399267399267
2023-10-04 14:46:04.774006016,1.8130402930402931
2023-10-04 14:46:04.779006208,1.8534798534798536
2023-10-04 14:46:04.784006400,1.848986568986569
2023-10-04 14:46:04.789006592,1.8512332112332113
2023-10-04 14:46:04.794006528,1.8613431013431014
2023-10-04 14:46:04.799006720,1.8624664224664225
2023-10-04 14:46:04.804006912,1.8512332112332113
2023-10-04 14:46:04.809006848,1.9118925518925518
2023-10-04 14:46:04.814007040,1.9309890109890109
2023-10-04 14:46:04.819007232,1.9298656898656898
2023-10-04 14:46:04.824007168,1.9422222222222223
2023-10-04 14:46:04.829007360,1.948962148962149
2023-10-04 14:46:04.834007552,1.9377289377289377
2023-10-04 14:46:04.839007744,1.8894261294261294
2023-10-04 14:46:04.844007680,1.868083028083028
2023-10-04 14:46:04.849007872,1.8725763125763126
2023-10-04 14:46:04.854008064,1.8894261294261294
2023-10-04 14:46:04.859008000,1.866959706959707
2023-10-04 14:46:04.864008192,1.820903540903541
2023-10-04 14:46:04.869008384,1.8276434676434676
2023-10-04 14:46:04.874008320,1.8568498168498169
2023-10-04 14:46:04.879008512,1.866959706959707
2023-10-04 14:46:04.884008704,1.8736996336996337
2023-10-04 14:46:04.889008640,1.8422466422466421
2023-10-04 14:46:04.894008832,1.8197802197802198
2023-10-04 14:46:04.899009024,1.8366300366300365
2023-10-04 14:46:04.904009216,1.8534798534798536
2023-10-04 14:46:04.909009152,1.831013431013431
2023-10-04 14:46:04.914009344,1.84
2023-10-04 14:46:04.919009536,1.8096703296703296
2023-10-04 14:46:04.924009472,1.8096703296703296
2023-10-04 14:46:04.929009664,1.8074236874236875
2023-10-04 14:46:04.934009856,1.7984371184371184
2023-10-04 14:46:04.939009792,1.8063003663003663
2023-10-04 14:46:04.944009984,1.823150183150183
2023-10-04 14:46:04.949010176,1.831013431013431
2023-10-04 14:46:04.954010368,1.82989010989011
2023-10-04 14:46:04.959010304,1.822026862026862
2023-10-04 14:46:04.964010496,1.822026862026862
2023-10-04 14:46:04.969010688,1.8186568986568987
2023-10-04 14:46:04.974010624,1.7905738705738705
2023-10-04 14:46:04.979010816,1.7928205128205128
2023-10-04 14:46:04.984011008,1.8152869352869352
2023-10-04 14:46:04.989010944,1.8152869352869352
2023-10-04 14:46:04.994011136,1.820903540903541
2023-10-04 14:46:04.999011328,1.822026862026862
2023-10-04 14:46:05.006000128,1.8366300366300365
2023-10-04 14:46:05.011000064,1.8366300366300365
2023-10-04 14:46:05.016000256,1.8557264957264956
2023-10-04 14:46:05.021000448,1.8534798534798536
2023-10-04 14:46:05.026000384,1.8152869352869352
2023-10-04 14:46:05.031000576,1.7827106227106226
2023-10-04 14:46:05.036000768,1.7748473748473748
2023-10-04 14:46:05.041000960,1.7815873015873016
2023-10-04 14:46:05.046000896,1.8186568986568987
2023-10-04 14:46:05.051001088,1.8377533577533578
2023-10-04 14:46:05.056001280,1.7916971916971918
2023-10-04 14:46:05.061001216,1.756874236874237
2023-10-04 14:46:05.066001408,1.7591208791208792
2023-10-04 14:46:05.071001600,1.7692307692307692
2023-10-04 14:46:05.076001536,1.7703540903540904
2023-10-04 14:46:05.081001728,1.7905738705738705
2023-10-04 14:46:05.086001920,1.777094017094017
2023-10-04 14:46:05.091002112,1.7815873015873016
2023-10-04 14:46:05.096002048,1.7961904761904761
2023-10-04 14:46:05.101002240,1.7714774114774114
2023-10-04 14:46:05.106002432,1.7737240537240537
2023-10-04 14:46:05.111002368,1.75013431013431
2023-10-04 14:46:05.116002560,1.7478876678876678
2023-10-04 14:46:05.121002752,1.7793406593406593
2023-10-04 14:46:05.126002688,1.7984371184371184
2023-10-04 14:46:05.131002880,1.7602442002442003
2023-10-04 14:46:05.136003072,1.7692307692307692
2023-10-04 14:46:05.141003008,1.7546275946275947
2023-10-04 14:46:05.146003200,1.7557509157509157
2023-10-04 14:46:05.151003392,1.7669841269841269
2023-10-04 14:46:05.156003584,1.7793406593406593
2023-10-04 14:46:05.161003520,1.7703540903540904
2023-10-04 14:46:05.166003712,1.777094017094017
2023-10-04 14:46:05.171003904,1.7591208791208792
2023-10-04 14:46:05.176003840,1.7613675213675213
2023-10-04 14:46:05.181004032,1.7602442002442003
2023-10-04 14:46:05.186004224,1.7692307692307692
2023-10-04 14:46:05.191004160,1.7546275946275947
2023-10-04 14:46:05.196004352,1.75013431013431
2023-10-04 14:46:05.201004544,1.7366544566544566
2023-10-04 14:46:05.206004736,1.7411477411477412
2023-10-04 14:46:05.211004672,1.756874236874237
2023-10-04 14:46:05.216004864,1.7478876678876678
2023-10-04 14:46:05.221005056,1.7321611721611723
2023-10-04 14:46:05.226004992,1.7254212454212454
2023-10-04 14:46:05.231005184,1.7478876678876678
2023-10-04 14:46:05.236005376,1.72991452991453
2023-10-04 14:46:05.241005312,1.72991452991453
2023-10-04 14:46:05.246005504,1.7344078144078143
2023-10-04 14:46:05.251005696,1.72991452991453
2023-10-04 14:46:05.256005888,1.7287912087912087
2023-10-04 14:46:05.261005824,1.74002442002442
2023-10-04 14:46:05.266006016,1.7478876678876678
2023-10-04 14:46:05.271006208,1.7422710622710622
2023-10-04 14:46:05.276006144,1.72991452991453
2023-10-04 14:46:05.281006336,1.7512576312576313
2023-10-04 14:46:05.286006528,1.7366544566544566
2023-10-04 14:46:05.291006464,1.7535042735042734
2023-10-04 14:46:05.296006656,1.7366544566544566
2023-10-04 14:46:05.301006848,1.72991452991453
2023-10-04 14:46:05.306006784,1.7276678876678877
2023-10-04 14:46:05.311006976,1.756874236874237
2023-10-04 14:46:05.316007168,1.749010989010989
2023-10-04 14:46:05.321007360,1.7377777777777779
2023-10-04 14:46:05.326007296,1.74002442002442
2023-10-04 14:46:05.331007488,1.738901098901099
2023-10-04 14:46:05.336007680,1.7658608058608058
2023-10-04 14:46:05.341007616,1.7984371184371184
2023-10-04 14:46:05.346007808,1.7928205128205128
2023-10-04 14:46:05.351008000,1.7344078144078143
2023-10-04 14:46:05.356007936,1.7546275946275947
2023-10-04 14:46:05.361008128,1.7591208791208792
2023-10-04 14:46:05.366008320,1.7613675213675213
2023-10-04 14:46:05.371008512,1.775970695970696
2023-10-04 14:46:05.376008448,1.7377777777777779
2023-10-04 14:46:05.381008640,1.7523809523809524
2023-10-04 14:46:05.386008832,1.7265445665445665
2023-10-04 14:46:05.391008768,1.7287912087912087
2023-10-04 14:46:05.396008960,1.7254212454212454
2023-10-04 14:46:05.401009152,1.7535042735042734
2023-10-04 14:46:05.406009088,1.7355311355311356
2023-10-04 14:46:05.411009280,1.7804639804639804
2023-10-04 14:46:05.416009472,1.8512332112332113
2023-10-04 14:46:05.421009664,1.914139194139194
2023-10-04 14:46:05.426009600,2.0174847374847373
2023-10-04 14:46:05.431009792,2.168009768009768
2023-10-04 14:46:05.436009984,2.369084249084249
2023-10-04 14:46:05.441009920,2.606105006105006
2023-10-04 14:46:05.446010112,2.6948473748473747
2023-10-04 14:46:05.451010304,2.6431746031746033
2023-10-04 14:46:05.456010240,2.341001221001221
2023-10-04 14:46:05.461010432,1.7254212454212454
2023-10-04 14:46:05.466010624,1.127814407814408
2023-10-04 14:46:05.471010560,0.691965811965812
2023-10-04 14:46:05.476010752,0.5987301587301588
2023-10-04 14:46:05.481010944,0.6852258852258852
2023-10-04 14:46:05.486011136,0.8189010989010989
2023-10-04 14:46:05.491011072,0.9458363858363859
2023-10-04 14:46:05.496011264,1.139047619047619
2023-10-04 14:46:05.501011456,1.2805860805860805
2023-10-04 14:46:05.508000000,1.4591941391941392
2023-10-04 14:46:05.512999936,1.5704029304029303
2023-10-04 14:46:05.518000128,1.6265689865689865
2023-10-04 14:46:05.523000320,1.6950915750915752
2023-10-04 14:46:05.528000256,1.72991452991453
2023-10-04 14:46:05.533000448,1.7344078144078143
2023-10-04 14:46:05.538000640,1.7366544566544566
2023-10-04 14:46:05.543000576,1.756874236874237
2023-10-04 14:46:05.548000768,1.7714774114774114
2023-10-04 14:46:05.553000960,1.7984371184371184
2023-10-04 14:46:05.558001152,1.8063003663003663
2023-10-04 14:46:05.563001088,1.749010989010989
2023-10-04 14:46:05.568001280,1.7456410256410257
2023-10-04 14:46:05.573001472,1.7894505494505495
2023-10-04 14:46:05.578001408,1.7782173382173383
2023-10-04 14:46:05.583001600,1.7973137973137974
2023-10-04 14:46:05.588001792,1.7905738705738705
2023-10-04 14:46:05.593001728,1.7961904761904761
2023-10-04 14:46:05.598001920,1.7748473748473748
2023-10-04 14:46:05.603002112,1.7602442002442003
2023-10-04 14:46:05.608002304,1.7602442002442003
2023-10-04 14:46:05.613002240,1.7804639804639804
2023-10-04 14:46:05.618002432,1.7804639804639804
2023-10-04 14:46:05.623002624,1.7872039072039072
2023-10-04 14:46:05.628002560,1.7916971916971918
2023-10-04 14:46:05.633002752,1.7714774114774114
2023-10-04 14:46:05.638002944,1.7860805860805862
2023-10-04 14:46:05.643002880,1.7681074481074481
2023-10-04 14:46:05.648003072,1.7883272283272282
2023-10-04 14:46:05.653003264,1.8186568986568987
2023-10-04 14:46:05.658003456,1.8006837606837607
2023-10-04 14:46:05.663003392,1.777094017094017
2023-10-04 14:46:05.668003584,1.7872039072039072
2023-10-04 14:46:05.673003776,1.8287667887667887
2023-10-04 14:46:05.678003712,1.8119169719169719
2023-10-04 14:46:05.683003904,1.7804639804639804
2023-10-04 14:46:05.688004096,1.7669841269841269
2023-10-04 14:46:05.693004032,1.7748473748473748
2023-10-04 14:46:05.698004224,1.7748473748473748
2023-10-04 14:46:05.703004416,1.7804639804639804
2023-10-04 14:46:05.708004352,1.795067155067155
2023-10-04 14:46:05.713004544,1.7973137973137974
2023-10-04 14:46:05.718004736,1.7860805860805862
2023-10-04 14:46:05.723004928,1.7916971916971918
2023-10-04 14:46:05.728004864,1.7815873015873016
2023-10-04 14:46:05.733005056,1.8141636141636142
2023-10-04 14:46:05.738005248,1.8343833943833945
2023-10-04 14:46:05.743005184,1.8276434676434676
2023-10-04 14:46:05.748005376,1.848986568986569
2023-10-04 14:46:05.753005568,1.8321367521367522
2023-10-04 14:46:05.758005504,1.841123321123321
2023-10-04 14:46:05.763005696,1.8512332112332113
2023-10-04 14:46:05.768005888,1.8433699633699634
2023-10-04 14:46:05.773006080,1.8871794871794871
2023-10-04 14:46:05.778006016,1.913015873015873
2023-10-04 14:46:05.783006208,1.9163858363858364
2023-10-04 14:46:05.788006400,1.9175091575091574
2023-10-04 14:46:05.793006336,1.8972893772893773
2023-10-04 14:46:05.798006528,1.8984126984126983
2023-10-04 14:46:05.803006720,1.8972893772893773
2023-10-04 14:46:05.808006656,1.8804395604395605
2023-10-04 14:46:05.813006848,1.85010989010989
2023-10-04 14:46:05.818007040,1.8624664224664225
2023-10-04 14:46:05.823007232,1.8624664224664225
2023-10-04 14:46:05.828007168,1.8287667887667887
2023-10-04 14:46:05.833007360,1.8085470085470086
2023-10-04 14:46:05.838007552,1.7984371184371184
2023-10-04 14:46:05.843007488,1.7737240537240537
2023-10-04 14:46:05.848007680,1.7726007326007327
2023-10-04 14:46:05.853007872,1.7681074481074481
2023-10-04 14:46:05.858007808,1.7613675213675213
2023-10-04 14:46:05.863008000,1.8006837606837607
2023-10-04 14:46:05.868008192,1.8018070818070817
2023-10-04 14:46:05.873008128,1.802930402930403
2023-10-04 14:46:05.878008320,1.7973137973137974
2023-10-04 14:46:05.883008512,1.7748473748473748
2023-10-04 14:46:05.888008704,1.756874236874237
2023-10-04 14:46:05.893008640,1.7714774114774114
2023-10-04 14:46:05.898008832,1.7961904761904761
2023-10-04 14:46:05.903009024,1.8063003663003663
2023-10-04 14:46:05.908008960,1.7815873015873016
2023-10-04 14:46:05.913009152,1.7939438339438338
2023-10-04 14:46:05.918009344,1.7916971916971918
2023-10-04 14:46:05.923009280,1.8107936507936508
2023-10-04 14:46:05.928009472,1.795067155067155
2023-10-04 14:46:05.933009664,1.7973137973137974
2023-10-04 14:46:05.938009856,1.8287667887667887
2023-10-04 14:46:05.943009792,1.848986568986569
2023-10-04 14:46:05.948009984,1.848986568986569
2023-10-04 14:46:05.953010176,1.848986568986569
2023-10-04 14:46:05.958010112,1.8141636141636142
2023-10-04 14:46:05.963010304,1.8130402930402931
2023-10-04 14:46:05.968010496,1.7905738705738705
2023-10-04 14:46:05.973010432,1.7894505494505495
2023-10-04 14:46:05.978010624,1.8074236874236875
2023-10-04 14:46:05.983010816,1.8276434676434676
2023-10-04 14:46:05.988011008,1.8287667887667887
2023-10-04 14:46:05.993010944,1.7984371184371184
2023-10-04 14:46:05.998011136,1.7995604395604397
2023-10-04 14:46:06.003011328,1.7939438339438338
2023-10-04 14:46:06.009999872,1.7726007326007327
2023-10-04 14:46:06.015000064,1.7726007326007327
2023-10-04 14:46:06.020000256,1.7804639804639804
2023-10-04 14:46:06.025000448,1.7602442002442003
2023-10-04 14:46:06.030000384,1.7692307692307692
2023-10-04 14:46:06.035000576,1.7714774114774114
2023-10-04 14:46:06.040000768,1.7737240537240537
2023-10-04 14:46:06.045000704,1.7344078144078143
2023-10-04 14:46:06.050000896,1.7276678876678877
2023-10-04 14:46:06.055001088,1.75013431013431
2023-10-04 14:46:06.060001024,1.757997557997558
2023-10-04 14:46:06.065001216,1.738901098901099
2023-10-04 14:46:06.070001408,1.7546275946275947
2023-10-04 14:46:06.075001600,1.7624908424908425
2023-10-04 14:46:06.080001536,1.7905738705738705
2023-10-04 14:46:06.085001728,1.7546275946275947
2023-10-04 14:46:06.090001920,1.7355311355311356
2023-10-04 14:46:06.095001856,1.7557509157509157
2023-10-04 14:46:06.100002048,1.7815873015873016
2023-10-04 14:46:06.105002240,1.7815873015873016
2023-10-04 14:46:06.110002176,1.7692307692307692
2023-10-04 14:46:06.115002368,1.7827106227106226
2023-10-04 14:46:06.120002560,1.756874236874237
2023-10-04 14:46:06.125002496,1.7714774114774114
2023-10-04 14:46:06.130002688,1.7714774114774114
2023-10-04 14:46:06.135002880,1.777094017094017
2023-10-04 14:46:06.140003072,1.7793406593406593
2023-10-04 14:46:06.145003008,1.749010989010989
2023-10-04 14:46:06.150003200,1.7883272283272282
2023-10-04 14:46:06.155003392,1.8085470085470086
2023-10-04 14:46:06.160003328,1.8006837606837607
2023-10-04 14:46:06.165003520,1.7726007326007327
2023-10-04 14:46:06.170003712,1.7512576312576313
2023-10-04 14:46:06.175003648,1.7377777777777779
2023-10-04 14:46:06.180003840,1.7467643467643468
2023-10-04 14:46:06.185004032,1.757997557997558
2023-10-04 14:46:06.190004224,1.7737240537240537
2023-10-04 14:46:06.195004160,1.7332844932844933
2023-10-04 14:46:06.200004352,1.7377777777777779
2023-10-04 14:46:06.205004544,1.7658608058608058
2023-10-04 14:46:06.210004480,1.7782173382173383
2023-10-04 14:46:06.215004672,1.8388766788766788
2023-10-04 14:46:06.220004864,1.8905494505494504
2023-10-04 14:46:06.225004800,1.9646886446886447
2023-10-04 14:46:06.230004992,2.0365811965811966
2023-10-04 14:46:06.235005184,2.215189255189255
2023-10-04 14:46:06.240005376,2.4713064713064714
2023-10-04 14:46:06.245005312,2.6735042735042733
2023-10-04 14:46:06.250005504,2.765616605616606
2023-10-04 14:46:06.255005696,2.6982173382173382
2023-10-04 14:46:06.260005632,2.3252747252747255
2023-10-04 14:46:06.265005824,1.5962393162393163
2023-10-04 14:46:06.270006016,1.0008791208791208
2023-10-04 14:46:06.275005952,0.6706227106227106
2023-10-04 14:46:06.280006144,0.5976068376068376
2023-10-04 14:46:06.285006336,0.6807326007326008
2023-10-04 14:46:06.290006272,0.8267643467643467
2023-10-04 14:46:06.295006464,0.9660561660561661
2023-10-04 14:46:06.300006656,1.1772405372405372
2023-10-04 14:46:06.305006848,1.2974358974358975
2023-10-04 14:46:06.310006784,1.4636874236874238
2023-10-04 14:46:06.315006976,1.5737728937728939
2023-10-04 14:46:06.320007168,1.6894749694749696
2023-10-04 14:46:06.325007104,1.7512576312576313
2023-10-04 14:46:06.330007296,1.777094017094017
2023-10-04 14:46:06.335007488,1.7961904761904761
2023-10-04 14:46:06.340007424,1.7984371184371184
2023-10-04 14:46:06.345007616,1.8141636141636142
2023-10-04 14:46:06.350007808,1.8197802197802198
2023-10-04 14:46:06.355008000,1.7916971916971918
2023-10-04 14:46:06.360007936,1.7883272283272282
2023-10-04 14:46:06.365008128,1.8063003663003663
2023-10-04 14:46:06.370008320,1.7905738705738705
2023-10-04 14:46:06.375008256,1.7591208791208792
2023-10-04 14:46:06.380008448,1.7961904761904761
2023-10-04 14:46:06.385008640,1.8287667887667887
2023-10-04 14:46:06.390008576,1.8332600732600732
2023-10-04 14:46:06.395008768,1.8321367521367522
2023-10-04 14:46:06.400008960,1.82989010989011
2023-10-04 14:46:06.405009152,1.8265201465201466
2023-10-04 14:46:06.410009088,1.8063003663003663
2023-10-04 14:46:06.415009280,1.8321367521367522
2023-10-04 14:46:06.420009472,1.8534798534798536
2023-10-04 14:46:06.425009408,1.8467399267399267
2023-10-04 14:46:06.430009600,1.8343833943833945
2023-10-04 14:46:06.435009792,1.82989010989011
2023-10-04 14:46:06.440009728,1.8164102564102564
2023-10-04 14:46:06.445009920,1.831013431013431
2023-10-04 14:46:06.450010112,1.8063003663003663
2023-10-04 14:46:06.455010048,1.8175335775335775
2023-10-04 14:46:06.460010240,1.8377533577533578
2023-10-04 14:46:06.465010432,1.8265201465201466
2023-10-04 14:46:06.470010624,1.8433699633699634
2023-10-04 14:46:06.475010560,1.8287667887667887
2023-10-04 14:46:06.480010752,1.8613431013431014
2023-10-04 14:46:06.485010944,1.875946275946276
2023-10-04 14:46:06.490010880,1.857973137973138
2023-10-04 14:46:06.495011072,1.8287667887667887
2023-10-04 14:46:06.500011264,1.7894505494505495
2023-10-04 14:46:06.505011200,1.8063003663003663
2023-10-04 14:46:06.510999808,1.82989010989011
2023-10-04 14:46:06.516000000,1.831013431013431
2023-10-04 14:46:06.521000192,1.82989010989011
2023-10-04 14:46:06.526000384,1.8265201465201466
2023-10-04 14:46:06.531000320,1.822026862026862
2023-10-04 14:46:06.536000512,1.8377533577533578
2023-10-04 14:46:06.541000704,1.8265201465201466
2023-10-04 14:46:06.546000640,1.8523565323565323
2023-10-04 14:46:06.551000832,1.8433699633699634
2023-10-04 14:46:06.556001024,1.8725763125763126
2023-10-04 14:46:06.561000960,1.8905494505494504
2023-10-04 14:46:06.566001152,1.9197557997557997
2023-10-04 14:46:06.571001344,1.9343589743589744
2023-10-04 14:46:06.576001280,1.9377289377289377
2023-10-04 14:46:06.581001472,1.9276190476190476
2023-10-04 14:46:06.586001664,1.9545787545787545
2023-10-04 14:46:06.591001856,1.959072039072039
2023-10-04 14:46:06.596001792,1.9309890109890109
2023-10-04 14:46:06.601001984,1.9152625152625153
2023-10-04 14:46:06.606002176,1.8714529914529914
2023-10-04 14:46:06.611002112,1.8692063492063493
2023-10-04 14:46:06.616002304,1.8894261294261294
2023-10-04 14:46:06.621002496,1.8815628815628815
2023-10-04 14:46:06.626002432,1.8692063492063493
2023-10-04 14:46:06.631002624,1.848986568986569
2023-10-04 14:46:06.636002816,1.847863247863248
2023-10-04 14:46:06.641003008,1.8018070818070817
2023-10-04 14:46:06.646002944,1.8006837606837607
2023-10-04 14:46:06.651003136,1.8130402930402931
2023-10-04 14:46:06.656003328,1.8433699633699634
2023-10-04 14:46:06.661003264,1.8377533577533578
2023-10-04 14:46:06.666003456,1.8074236874236875
2023-10-04 14:46:06.671003648,1.822026862026862
2023-10-04 14:46:06.676003584,1.8276434676434676
2023-10-04 14:46:06.681003776,1.7916971916971918
2023-10-04 14:46:06.686003968,1.8018070818070817
2023-10-04 14:46:06.691004160,1.820903540903541
2023-10-04 14:46:06.696004096,1.8130402930402931
2023-10-04 14:46:06.701004288,1.795067155067155
2023-10-04 14:46:06.706004480,1.802930402930403
2023-10-04 14:46:06.711004416,1.8523565323565323
2023-10-04 14:46:06.716004608,1.8534798534798536
2023-10-04 14:46:06.721004800,1.7939438339438338
2023-10-04 14:46:06.726004736,1.7916971916971918
2023-10-04 14:46:06.731004928,1.7916971916971918
2023-10-04 14:46:06.736005120,1.7860805860805862
2023-10-04 14:46:06.741005056,1.8197802197802198
2023-10-04 14:46:06.746005248,1.8343833943833945
2023-10-04 14:46:06.751005440,1.7939438339438338
2023-10-04 14:46:06.756005632,1.8018070818070817
2023-10-04 14:46:06.761005568,1.7860805860805862
2023-10-04 14:46:06.766005760,1.820903540903541
2023-10-04 14:46:06.771005952,1.8388766788766788
2023-10-04 14:46:06.776005888,1.8546031746031746
2023-10-04 14:46:06.781006080,1.820903540903541
2023-10-04 14:46:06.786006272,1.820903540903541
2023-10-04 14:46:06.791006208,1.8130402930402931
2023-10-04 14:46:06.796006400,1.8119169719169719
2023-10-04 14:46:06.801006592,1.7928205128205128
2023-10-04 14:46:06.806006784,1.7782173382173383
2023-10-04 14:46:06.811006720,1.8006837606837607
2023-10-04 14:46:06.816006912,1.7804639804639804
2023-10-04 14:46:06.821007104,1.7928205128205128
2023-10-04 14:46:06.826007040,1.7815873015873016
2023-10-04 14:46:06.831007232,1.7377777777777779
2023-10-04 14:46:06.836007424,1.7737240537240537
2023-10-04 14:46:06.841007360,1.7939438339438338
2023-10-04 14:46:06.846007552,1.7984371184371184
2023-10-04 14:46:06.851007744,1.8096703296703296
2023-10-04 14:46:06.856007936,1.7681074481074481
2023-10-04 14:46:06.861007872,1.749010989010989
2023-10-04 14:46:06.866008064,1.7681074481074481
2023-10-04 14:46:06.871008256,1.7883272283272282
2023-10-04 14:46:06.876008192,1.756874236874237
2023-10-04 14:46:06.881008384,1.7478876678876678
2023-10-04 14:46:06.886008576,1.7321611721611723
2023-10-04 14:46:06.891008512,1.7332844932844933
2023-10-04 14:46:06.896008704,1.7355311355311356
2023-10-04 14:46:06.901008896,1.7546275946275947
2023-10-04 14:46:06.906008832,1.7355311355311356
2023-10-04 14:46:06.911009024,1.74002442002442
2023-10-04 14:46:06.916009216,1.7523809523809524
2023-10-04 14:46:06.921009408,1.7411477411477412
2023-10-04 14:46:06.926009344,1.756874236874237
2023-10-04 14:46:06.931009536,1.7961904761904761
2023-10-04 14:46:06.936009728,1.777094017094017
2023-10-04 14:46:06.941009664,1.7512576312576313
2023-10-04 14:46:06.946009856,1.756874236874237
2023-10-04 14:46:06.951010048,1.7860805860805862
2023-10-04 14:46:06.956009984,1.7613675213675213
2023-10-04 14:46:06.961010176,1.7456410256410257
2023-10-04 14:46:06.966010368,1.756874236874237
2023-10-04 14:46:06.971010560,1.7815873015873016
2023-10-04 14:46:06.976010496,1.7467643467643468
2023-10-04 14:46:06.981010688,1.7478876678876678
2023-10-04 14:46:06.986010880,1.7535042735042734
2023-10-04 14:46:06.991010816,1.7478876678876678
2023-10-04 14:46:06.996011008,1.7377777777777779
2023-10-04 14:46:07.001011200,1.7377777777777779
2023-10-04 14:46:07.006011136,1.7344078144078143
2023-10-04 14:46:07.012999936,1.7355311355311356
2023-10-04 14:46:07.018000128,1.7602442002442003
2023-10-04 14:46:07.023000320,1.7523809523809524
2023-10-04 14:46:07.028000256,1.7703540903540904
2023-10-04 14:46:07.033000448,1.7467643467643468
2023-10-04 14:46:07.038000640,1.7591208791208792
2023-10-04 14:46:07.043000576,1.7681074481074481
2023-10-04 14:46:07.048000768,1.7467643467643468
2023-10-04 14:46:07.053000960,1.7714774114774114
2023-10-04 14:46:07.058001152,1.8063003663003663
2023-10-04 14:46:07.063001088,1.8074236874236875
2023-10-04 14:46:07.068001280,1.7883272283272282
2023-10-04 14:46:07.073001472,1.7613675213675213
2023-10-04 14:46:07.078001408,1.7535042735042734
2023-10-04 14:46:07.083001600,1.7546275946275947
2023-10-04 14:46:07.088001792,1.7546275946275947
2023-10-04 14:46:07.093001728,1.7961904761904761
2023-10-04 14:46:07.098001920,1.7692307692307692
2023-10-04 14:46:07.103002112,1.7478876678876678
2023-10-04 14:46:07.108002304,1.7467643467643468
2023-10-04 14:46:07.113002240,1.756874236874237
2023-10-04 14:46:07.118002432,1.7973137973137974
2023-10-04 14:46:07.123002624,1.7478876678876678
2023-10-04 14:46:07.128002560,1.7523809523809524
2023-10-04 14:46:07.133002752,1.7692307692307692
2023-10-04 14:46:07.138002944,1.7602442002442003
2023-10-04 14:46:07.143002880,1.8006837606837607
2023-10-04 14:46:07.148003072,1.7984371184371184
2023-10-04 14:46:07.153003264,1.7815873015873016
2023-10-04 14:46:07.158003456,1.7523809523809524
2023-10-04 14:46:07.163003392,1.7658608058608058
2023-10-04 14:46:07.168003584,1.7726007326007327
2023-10-04 14:46:07.173003776,1.756874236874237
2023-10-04 14:46:07.178003712,1.7703540903540904
2023-10-04 14:46:07.183003904,1.7827106227106226
2023-10-04 14:46:07.188004096,1.7714774114774114
2023-10-04 14:46:07.193004032,1.7726007326007327
2023-10-04 14:46:07.198004224,1.7804639804639804
2023-10-04 14:46:07.203004416,1.7782173382173383
2023-10-04 14:46:07.208004352,1.777094017094017
2023-10-04 14:46:07.213004544,1.795067155067155
2023-10-04 14:46:07.218004736,1.7995604395604397
2023-10-04 14:46:07.223004928,1.775970695970696
2023-10-04 14:46:07.228004864,1.777094017094017
2023-10-04 14:46:07.233005056,1.8006837606837607
2023-10-04 14:46:07.238005248,1.8006837606837607
2023-10-04 14:46:07.243005184,1.8321367521367522
2023-10-04 14:46:07.248005376,1.874822954822955
2023-10-04 14:46:07.253005568,1.9118925518925518
2023-10-04 14:46:07.258005504,1.9826617826617827
2023-10-04 14:46:07.263005696,2.018608058608059
2023-10-04 14:46:07.268005888,2.1814896214896216
2023-10-04 14:46:07.273006080,2.396043956043956
2023-10-04 14:46:07.278006016,2.569035409035409
2023-10-04 14:46:07.283006208,2.6195848595848594
2023-10-04 14:46:07.288006400,2.4982661782661784
2023-10-04 14:46:07.293006336,2.121953601953602
2023-10-04 14:46:07.298006528,1.4636874236874238
2023-10-04 14:46:07.303006720,0.9750427350427351
2023-10-04 14:46:07.308006656,0.702075702075702
2023-10-04 14:46:07.313006848,0.7088156288156288
2023-10-04 14:46:07.318007040,0.8335042735042735
2023-10-04 14:46:07.323007232,0.9301098901098901
2023-10-04 14:46:07.328007168,1.0581684981684982
2023-10-04 14:46:07.333007360,1.2345299145299145
2023-10-04 14:46:07.338007552,1.4007814407814407
2023-10-04 14:46:07.343007488,1.501880341880342
2023-10-04 14:46:07.348007680,1.620952380952381
2023-10-04 14:46:07.353007872,1.7007081807081808
2023-10-04 14:46:07.358007808,1.7523809523809524
2023-10-04 14:46:07.363008000,1.7928205128205128
2023-10-04 14:46:07.368008192,1.847863247863248
2023-10-04 14:46:07.373008128,1.8152869352869352
2023-10-04 14:46:07.378008320,1.7961904761904761
2023-10-04 14:46:07.383008512,1.8085470085470086
2023-10-04 14:46:07.388008704,1.8321367521367522
2023-10-04 14:46:07.393008640,1.8287667887667887
2023-10-04 14:46:07.398008832,1.8343833943833945
2023-10-04 14:46:07.403009024,1.820903540903541
2023-10-04 14:46:07.408008960,1.8343833943833945
2023-10-04 14:46:07.413009152,1.841123321123321
2023-10-04 14:46:07.418009344,1.8186568986568987
2023-10-04 14:46:07.423009280,1.8355067155067155
2023-10-04 14:46:07.428009472,1.8343833943833945
2023-10-04 14:46:07.433009664,1.820903540903541
2023-10-04 14:46:07.438009856,1.82989010989011
2023-10-04 14:46:07.443009792,1.823150183150183
2023-10-04 14:46:07.448009984,1.8141636141636142
2023-10-04 14:46:07.453010176,1.823150183150183
2023-10-04 14:46:07.458010112,1.8546031746031746
2023-10-04 14:46:07.463010304,1.8377533577533578
2023-10-04 14:46:07.468010496,1.8107936507936508
2023-10-04 14:46:07.473010432,1.8096703296703296
2023-10-04 14:46:07.478010624,1.8152869352869352
2023-10-04 14:46:07.483010816,1.8332600732600732
2023-10-04 14:46:07.488011008,1.85010989010989
2023-10-04 14:46:07.493010944,1.84
2023-10-04 14:46:07.498011136,1.8332600732600732
2023-10-04 14:46:07.503011328,1.8321367521367522
2023-10-04 14:46:07.508011264,1.848986568986569
2023-10-04 14:46:07.515000064,1.8377533577533578
2023-10-04 14:46:07.520000256,1.875946275946276
2023-10-04 14:46:07.525000448,1.8871794871794871
2023-10-04 14:46:07.530000384,1.841123321123321
2023-10-04 14:46:07.535000576,1.831013431013431
2023-10-04 14:46:07.540000768,1.8433699633699634
2023-10-04 14:46:07.545000704,1.8366300366300365
2023-10-04 14:46:07.550000896,1.831013431013431
2023-10-04 14:46:07.555001088,1.820903540903541
2023-10-04 14:46:07.560001024,1.8602197802197802
2023-10-04 14:46:07.565001216,1.8377533577533578
2023-10-04 14:46:07.570001408,1.8355067155067155
2023-10-04 14:46:07.575001600,1.8568498168498169
2023-10-04 14:46:07.580001536,1.8590964590964592
2023-10-04 14:46:07.585001728,1.8613431013431014
2023-10-04 14:46:07.590001920,1.8546031746031746
2023-10-04 14:46:07.595001856,1.8546031746031746
2023-10-04 14:46:07.600002048,1.8590964590964592
2023-10-04 14:46:07.605002240,1.9073992673992675
2023-10-04 14:46:07.610002176,1.9073992673992675
2023-10-04 14:46:07.615002368,1.8961660561660563
2023-10-04 14:46:07.620002560,1.9017826617826619
2023-10-04 14:46:07.625002496,1.8984126984126983
2023-10-04 14:46:07.630002688,1.8883028083028084
2023-10-04 14:46:07.635002880,1.904029304029304
2023-10-04 14:46:07.640003072,1.9006593406593406
2023-10-04 14:46:07.645003008,1.8714529914529914
2023-10-04 14:46:07.650003200,1.848986568986569
2023-10-04 14:46:07.655003392,1.866959706959707
2023-10-04 14:46:07.660003328,1.8546031746031746
2023-10-04 14:46:07.665003520,1.8388766788766788
2023-10-04 14:46:07.670003712,1.847863247863248
2023-10-04 14:46:07.675003648,1.8635897435897435
2023-10-04 14:46:07.680003840,1.8422466422466421
2023-10-04 14:46:07.685004032,1.8355067155067155
2023-10-04 14:46:07.690004224,1.8377533577533578
2023-10-04 14:46:07.695004160,1.8276434676434676
2023-10-04 14:46:07.700004352,1.8523565323565323
2023-10-04 14:46:07.705004544,1.8703296703296703
2023-10-04 14:46:07.710004480,1.8321367521367522
2023-10-04 14:46:07.715004672,1.8175335775335775
2023-10-04 14:46:07.720004864,1.8164102564102564
2023-10-04 14:46:07.725004800,1.8130402930402931
2023-10-04 14:46:07.730004992,1.8096703296703296
2023-10-04 14:46:07.735005184,1.8265201465201466
2023-10-04 14:46:07.740005376,1.8433699633699634
2023-10-04 14:46:07.745005312,1.8276434676434676
2023-10-04 14:46:07.750005504,1.822026862026862
2023-10-04 14:46:07.755005696,1.8119169719169719
2023-10-04 14:46:07.760005632,1.7939438339438338
2023-10-04 14:46:07.765005824,1.7916971916971918
2023-10-04 14:46:07.770006016,1.7995604395604397
2023-10-04 14:46:07.775005952,1.802930402930403
2023-10-04 14:46:07.780006144,1.795067155067155
2023-10-04 14:46:07.785006336,1.7928205128205128
2023-10-04 14:46:07.790006272,1.7872039072039072
2023-10-04 14:46:07.795006464,1.7658608058608058
2023-10-04 14:46:07.800006656,1.7793406593406593
2023-10-04 14:46:07.805006848,1.777094017094017
2023-10-04 14:46:07.810006784,1.7883272283272282
2023-10-04 14:46:07.815006976,1.777094017094017
2023-10-04 14:46:07.820007168,1.7782173382173383
2023-10-04 14:46:07.825007104,1.8096703296703296
2023-10-04 14:46:07.830007296,1.7827106227106226
2023-10-04 14:46:07.835007488,1.7523809523809524
2023-10-04 14:46:07.840007424,1.7411477411477412
2023-10-04 14:46:07.845007616,1.7624908424908425
2023-10-04 14:46:07.850007808,1.7804639804639804
2023-10-04 14:46:07.855008000,1.7860805860805862
2023-10-04 14:46:07.860007936,1.7827106227106226
2023-10-04 14:46:07.865008128,1.7726007326007327
2023-10-04 14:46:07.870008320,1.7523809523809524
2023-10-04 14:46:07.875008256,1.7467643467643468
2023-10-04 14:46:07.880008448,1.7366544566544566
2023-10-04 14:46:07.885008640,1.7478876678876678
2023-10-04 14:46:07.890008576,1.74002442002442
2023-10-04 14:46:07.895008768,1.72991452991453
2023-10-04 14:46:07.900008960,1.757997557997558
2023-10-04 14:46:07.905009152,1.7523809523809524
2023-10-04 14:46:07.910009088,1.7344078144078143
2023-10-04 14:46:07.915009280,1.75013431013431
2023-10-04 14:46:07.920009472,1.7726007326007327
2023-10-04 14:46:07.925009408,1.777094017094017
2023-10-04 14:46:07.930009600,1.7546275946275947
2023-10-04 14:46:07.935009792,1.749010989010989
2023-10-04 14:46:07.940009728,1.7478876678876678
2023-10-04 14:46:07.945009920,1.756874236874237
2023-10-04 14:46:07.950010112,1.7321611721611723
2023-10-04 14:46:07.955010048,1.7344078144078143
2023-10-04 14:46:07.960010240,1.7478876678876678
2023-10-04 14:46:07.965010432,1.7535042735042734
2023-10-04 14:46:07.970010624,1.75013431013431
2023-10-04 14:46:07.975010560,1.7377777777777779
2023-10-04 14:46:07.980010752,1.7321611721611723
2023-10-04 14:46:07.985010944,1.7321611721611723
2023-10-04 14:46:07.990010880,1.7512576312576313
2023-10-04 14:46:07.995011072,1.7523809523809524
2023-10-04 14:46:08.000011264,1.7546275946275947
2023-10-04 14:46:08.005011200,1.7411477411477412
2023-10-04 14:46:08.010011392,1.7512576312576313
2023-10-04 14:46:08.016000000,1.777094017094017
2023-10-04 14:46:08.021000192,1.7467643467643468
2023-10-04 14:46:08.026000384,1.7478876678876678
2023-10-04 14:46:08.031000320,1.7523809523809524
2023-10-04 14:46:08.036000512,1.756874236874237
2023-10-04 14:46:08.041000704,1.7546275946275947
2023-10-04 14:46:08.046000640,1.7377777777777779
2023-10-04 14:46:08.051000832,1.7422710622710622
2023-10-04 14:46:08.056001024,1.7355311355311356
2023-10-04 14:46:08.061000960,1.7557509157509157
2023-10-04 14:46:08.066001152,1.7366544566544566
2023-10-04 14:46:08.071001344,1.738901098901099
2023-10-04 14:46:08.076001280,1.7467643467643468
2023-10-04 14:46:08.081001472,1.7523809523809524
2023-10-04 14:46:08.086001664,1.7287912087912087
2023-10-04 14:46:08.091001856,1.7287912087912087
2023-10-04 14:46:08.096001792,1.7546275946275947
2023-10-04 14:46:08.101001984,1.7557509157509157
2023-10-04 14:46:08.106002176,1.7422710622710622
2023-10-04 14:46:08.111002112,1.795067155067155
2023-10-04 14:46:08.116002304,1.8624664224664225
2023-10-04 14:46:08.121002496,1.9354822954822954
2023-10-04 14:46:08.126002432,2.034334554334554
2023-10-04 14:46:08.131002624,2.1421733821733824
2023-10-04 14:46:08.136002816,2.375824175824176
2023-10-04 14:46:08.141003008,2.6004884004884006
2023-10-04 14:46:08.146002944,2.7633699633699633
2023-10-04 14:46:08.151003136,2.724053724053724
2023-10-04 14:46:08.156003328,2.452210012210012
2023-10-04 14:46:08.161003264,1.831013431013431
2023-10-04 14:46:08.166003456,1.166007326007326
2023-10-04 14:46:08.171003648,0.6784859584859585
2023-10-04 14:46:08.176003584,0.5560439560439561
2023-10-04 14:46:08.181003776,0.6077167277167277
2023-10-04 14:46:08.186003968,0.7593650793650794
2023-10-04 14:46:08.191004160,0.8705738705738706
2023-10-04 14:46:08.196004096,1.0615384615384615
2023-10-04 14:46:08.201004288,1.2311599511599511
2023-10-04 14:46:08.206004480,1.4097680097680099
2023-10-04 14:46:08.211004416,1.5243467643467643
2023-10-04 14:46:08.216004608,1.6265689865689865
2023-10-04 14:46:08.221004800,1.7063247863247863
2023-10-04 14:46:08.226004736,1.749010989010989
2023-10-04 14:46:08.231004928,1.7422710622710622
2023-10-04 14:46:08.236005120,1.756874236874237
2023-10-04 14:46:08.241005056,1.7827106227106226
2023-10-04 14:46:08.246005248,1.7827106227106226
2023-10-04 14:46:08.251005440,1.7894505494505495
2023-10-04 14:46:08.256005632,1.8018070818070817
2023-10-04 14:46:08.261005568,1.8006837606837607
2023-10-04 14:46:08.266005760,1.7939438339438338
2023-10-04 14:46:08.271005952,1.8175335775335775
2023-10-04 14:46:08.276005888,1.841123321123321
2023-10-04 14:46:08.281006080,1.847863247863248
2023-10-04 14:46:08.286006272,1.8388766788766788
2023-10-04 14:46:08.291006208,1.8321367521367522
2023-10-04 14:46:08.296006400,1.8096703296703296
2023-10-04 14:46:08.301006592,1.820903540903541
2023-10-04 14:46:08.306006784,1.8152869352869352
2023-10-04 14:46:08.311006720,1.7916971916971918
2023-10-04 14:46:08.316006912,1.8141636141636142
2023-10-04 14:46:08.321007104,1.8523565323565323
2023-10-04 14:46:08.326007040,1.8164102564102564
2023-10-04 14:46:08.331007232,1.8141636141636142
2023-10-04 14:46:08.336007424,1.831013431013431
2023-10-04 14:46:08.341007360,1.8197802197802198
2023-10-04 14:46:08.346007552,1.82989010989011
2023-10-04 14:46:08.351007744,1.820903540903541
2023-10-04 14:46:08.356007936,1.8523565323565323
2023-10-04 14:46:08.361007872,1.823150183150183
2023-10-04 14:46:08.366008064,1.820903540903541
2023-10-04 14:46:08.371008256,1.822026862026862
2023-10-04 14:46:08.376008192,1.8377533577533578
2023-10-04 14:46:08.381008384,1.8388766788766788
2023-10-04 14:46:08.386008576,1.85010989010989
2023-10-04 14:46:08.391008512,1.8422466422466421
2023-10-04 14:46:08.396008704,1.8332600732600732
2023-10-04 14:46:08.401008896,1.8152869352869352
2023-10-04 14:46:08.406008832,1.820903540903541
2023-10-04 14:46:08.411009024,1.85010989010989
2023-10-04 14:46:08.416009216,1.8467399267399267
2023-10-04 14:46:08.421009408,1.8523565323565323
2023-10-04 14:46:08.426009344,1.8366300366300365
2023-10-04 14:46:08.431009536,1.8602197802197802
2023-10-04 14:46:08.436009728,1.8332600732600732
2023-10-04 14:46:08.441009664,1.8624664224664225
2023-10-04 14:46:08.446009856,1.8961660561660563
2023-10-04 14:46:08.451010048,1.8961660561660563
2023-10-04 14:46:08.456009984,1.8894261294261294
2023-10-04 14:46:08.461010176,1.9321123321123321
2023-10-04 14:46:08.466010368,1.9433455433455433
2023-10-04 14:46:08.471010560,1.9332356532356532
2023-10-04 14:46:08.476010496,1.9276190476190476
2023-10-04 14:46:08.481010688,1.9186324786324787
2023-10-04 14:46:08.486010880,1.9444688644688646
2023-10-04 14:46:08.491010816,1.93997557997558
2023-10-04 14:46:08.496011008,1.9085225885225885
2023-10-04 14:46:08.501011200,1.8613431013431014
2023-10-04 14:46:08.506011136,1.84
2023-10-04 14:46:08.511011328,1.8265201465201466
2023-10-04 14:46:08.517999872,1.8287667887667887
2023-10-04 14:46:08.523000064,1.8175335775335775
2023-10-04 14:46:08.528000000,1.7916971916971918
2023-10-04 14:46:08.533000192,1.8085470085470086
2023-10-04 14:46:08.538000384,1.823150183150183
2023-10-04 14:46:08.543000576,1.8152869352869352
2023-10-04 14:46:08.548000512,1.7928205128205128
2023-10-04 14:46:08.553000704,1.7669841269841269
2023-10-04 14:46:08.558000896,1.756874236874237
2023-10-04 14:46:08.563000832,1.7939438339438338
2023-10-04 14:46:08.568001024,1.7961904761904761
2023-10-04 14:46:08.573001216,1.7939438339438338
2023-10-04 14:46:08.578001152,1.7939438339438338
2023-10-04 14:46:08.583001344,1.7995604395604397
2023-10-04 14:46:08.588001536,1.8141636141636142
2023-10-04 14:46:08.593001728,1.7939438339438338
2023-10-04 14:46:08.598001664,1.7872039072039072
2023-10-04 14:46:08.603001856,1.8107936507936508
2023-10-04 14:46:08.608002048,1.7995604395604397
2023-10-04 14:46:08.613001984,1.7624908424908425
2023-10-04 14:46:08.618002176,1.7726007326007327
2023-10-04 14:46:08.623002368,1.7658608058608058
2023-10-04 14:46:08.628002304,1.7613675213675213
2023-10-04 14:46:08.633002496,1.82989010989011
2023-10-04 14:46:08.638002688,1.8186568986568987
2023-10-04 14:46:08.643002624,1.8006837606837607
2023-10-04 14:46:08.648002816,1.7703540903540904
2023-10-04 14:46:08.653003008,1.7815873015873016
2023-10-04 14:46:08.658003200,1.7883272283272282
2023-10-04 14:46:08.663003136,1.802930402930403
2023-10-04 14:46:08.668003328,1.7793406593406593
2023-10-04 14:46:08.673003520,1.7961904761904761
2023-10-04 14:46:08.678003456,1.7804639804639804
2023-10-04 14:46:08.683003648,1.7793406593406593
2023-10-04 14:46:08.688003840,1.7726007326007327
2023-10-04 14:46:08.693003776,1.7804639804639804
2023-10-04 14:46:08.698003968,1.7883272283272282
2023-10-04 14:46:08.703004160,1.777094017094017
2023-10-04 14:46:08.708004352,1.7984371184371184
2023-10-04 14:46:08.713004288,1.8804395604395605
2023-10-04 14:46:08.718004480,1.968058608058608
2023-10-04 14:46:08.723004672,2.047814407814408
2023-10-04 14:46:08.728004608,2.2084493284493285
2023-10-04 14:46:08.733004800,2.396043956043956
2023-10-04 14:46:08.738004992,2.651037851037851
2023-10-04 14:46:08.743004928,2.816166056166056
2023-10-04 14:46:08.748005120,2.7723565323565325
2023-10-04 14:46:08.753005312,2.333137973137973
2023-10-04 14:46:08.758005504,1.5816361416361415
2023-10-04 14:46:08.763005440,0.9997557997557998
2023-10-04 14:46:08.768005632,0.6593894993894994
2023-10-04 14:46:08.773005824,0.583003663003663
2023-10-04 14:46:08.778005760,0.700952380952381
2023-10-04 14:46:08.783005952,0.8874236874236874
2023-10-04 14:46:08.788006144,1.0166056166056165
2023-10-04 14:46:08.793006080,1.1705006105006106
2023-10-04 14:46:08.798006272,1.3266422466422467
2023-10-04 14:46:08.803006464,1.4468376068376068
2023-10-04 14:46:08.808006400,1.5816361416361415
2023-10-04 14:46:08.813006592,1.6816117216117217
2023-10-04 14:46:08.818006784,1.7411477411477412
2023-10-04 14:46:08.823006976,1.75013431013431
2023-10-04 14:46:08.828006912,1.7726007326007327
2023-10-04 14:46:08.833007104,1.7939438339438338
2023-10-04 14:46:08.838007296,1.7973137973137974
2023-10-04 14:46:08.843007232,1.777094017094017
2023-10-04 14:46:08.848007424,1.7613675213675213
2023-10-04 14:46:08.853007616,1.7860805860805862
2023-10-04 14:46:08.858007552,1.8186568986568987
2023-10-04 14:46:08.863007744,1.8141636141636142
2023-10-04 14:46:08.868007936,1.7973137973137974
2023-10-04 14:46:08.873008128,1.7726007326007327
2023-10-04 14:46:08.878008064,1.8074236874236875
2023-10-04 14:46:08.883008256,1.8130402930402931
2023-10-04 14:46:08.888008448,1.82989010989011
2023-10-04 14:46:08.893008384,1.8265201465201466
2023-10-04 14:46:08.898008576,1.848986568986569
2023-10-04 14:46:08.903008768,1.822026862026862
2023-10-04 14:46:08.908008704,1.8736996336996337
2023-10-04 14:46:08.913008896,1.8703296703296703
2023-10-04 14:46:08.918009088,1.857973137973138
2023-10-04 14:46:08.923009280,1.8321367521367522
2023-10-04 14:46:08.928009216,1.8343833943833945
2023-10-04 14:46:08.933009408,1.8332600732600732
2023-10-04 14:46:08.938009600,1.8018070818070817
2023-10-04 14:46:08.943009536,1.7995604395604397
2023-10-04 14:46:08.948009728,1.7928205128205128
2023-10-04 14:46:08.953009920,1.7872039072039072
2023-10-04 14:46:08.958009856,1.7883272283272282
2023-10-04 14:46:08.963010048,1.7883272283272282
2023-10-04 14:46:08.968010240,1.7591208791208792
2023-10-04 14:46:08.973010176,1.757997557997558
2023-10-04 14:46:08.978010368,1.75013431013431
2023-10-04 14:46:08.983010560,1.7602442002442003
2023-10-04 14:46:08.988010752,1.7681074481074481
2023-10-04 14:46:08.993010688,1.795067155067155
2023-10-04 14:46:08.998010880,1.8006837606837607
2023-10-04 14:46:09.003011072,1.7961904761904761
2023-10-04 14:46:09.008011008,1.7827106227106226
2023-10-04 14:46:09.013011200,1.7748473748473748
2023-10-04 14:46:09.020000000,1.8197802197802198
2023-10-04 14:46:09.025000192,1.8815628815628815
2023-10-04 14:46:09.030000128,1.8534798534798536
2023-10-04 14:46:09.035000320,1.8287667887667887
2023-10-04 14:46:09.040000512,1.857973137973138
2023-10-04 14:46:09.045000448,1.9017826617826619
2023-10-04 14:46:09.050000640,1.8883028083028084
2023-10-04 14:46:09.055000832,1.874822954822955
2023-10-04 14:46:09.060001024,1.902905982905983
2023-10-04 14:46:09.065000960,1.9118925518925518
2023-10-04 14:46:09.070001152,1.922002442002442
2023-10-04 14:46:09.075001344,1.9298656898656898
2023-10-04 14:46:09.080001280,1.9152625152625153
2023-10-04 14:46:09.085001472,1.8781929181929182
2023-10-04 14:46:09.090001664,1.8568498168498169
2023-10-04 14:46:09.095001600,1.8624664224664225
2023-10-04 14:46:09.100001792,1.8523565323565323
2023-10-04 14:46:09.105001984,1.8781929181929182
2023-10-04 14:46:09.110001920,1.8916727716727717
2023-10-04 14:46:09.115002112,1.8815628815628815
2023-10-04 14:46:09.120002304,1.866959706959707
2023-10-04 14:46:09.125002496,1.848986568986569
2023-10-04 14:46:09.130002432,1.8366300366300365
2023-10-04 14:46:09.135002624,1.82989010989011
2023-10-04 14:46:09.140002816,1.8164102564102564
2023-10-04 14:46:09.145002752,1.822026862026862
2023-10-04 14:46:09.150002944,1.8321367521367522
2023-10-04 14:46:09.155003136,1.8152869352869352
2023-10-04 14:46:09.160003072,1.8141636141636142
2023-10-04 14:46:09.165003264,1.8433699633699634
2023-10-04 14:46:09.170003456,1.8321367521367522
2023-10-04 14:46:09.175003648,1.7827106227106226
2023-10-04 14:46:09.180003584,1.7804639804639804
2023-10-04 14:46:09.185003776,1.7748473748473748
2023-10-04 14:46:09.190003968,1.7681074481074481
2023-10-04 14:46:09.195003904,1.820903540903541
2023-10-04 14:46:09.200004096,1.8186568986568987
2023-10-04 14:46:09.205004288,1.8175335775335775
2023-10-04 14:46:09.210004224,1.8276434676434676
2023-10-04 14:46:09.215004416,1.8388766788766788
2023-10-04 14:46:09.220004608,1.8321367521367522
2023-10-04 14:46:09.225004800,1.848986568986569
2023-10-04 14:46:09.230004736,1.8433699633699634
2023-10-04 14:46:09.235004928,1.8377533577533578
2023-10-04 14:46:09.240005120,1.8096703296703296
2023-10-04 14:46:09.245005056,1.7804639804639804
2023-10-04 14:46:09.250005248,1.795067155067155
2023-10-04 14:46:09.255005440,1.8074236874236875
2023-10-04 14:46:09.260005376,1.8141636141636142
2023-10-04 14:46:09.265005568,1.8119169719169719
2023-10-04 14:46:09.270005760,1.8276434676434676
2023-10-04 14:46:09.275005696,1.8152869352869352
2023-10-04 14:46:09.280005888,1.8388766788766788
2023-10-04 14:46:09.285006080,1.8287667887667887
2023-10-04 14:46:09.290006272,1.8141636141636142
2023-10-04 14:46:09.295006208,1.7546275946275947
2023-10-04 14:46:09.300006400,1.8063003663003663
2023-10-04 14:46:09.305006592,1.8321367521367522
2023-10-04 14:46:09.310006528,1.8141636141636142
2023-10-04 14:46:09.315006720,1.7703540903540904
2023-10-04 14:46:09.320006912,1.777094017094017
2023-10-04 14:46:09.325006848,1.7928205128205128
2023-10-04 14:46:09.330007040,1.7905738705738705
2023-10-04 14:46:09.335007232,1.7793406593406593
2023-10-04 14:46:09.340007424,1.7737240537240537
2023-10-04 14:46:09.345007360,1.7681074481074481
2023-10-04 14:46:09.350007552,1.7737240537240537
2023-10-04 14:46:09.355007744,1.7973137973137974
2023-10-04 14:46:09.360007680,1.7894505494505495
2023-10-04 14:46:09.365007872,1.7658608058608058
2023-10-04 14:46:09.370008064,1.7703540903540904
2023-10-04 14:46:09.375008000,1.775970695970696
2023-10-04 14:46:09.380008192,1.7613675213675213
2023-10-04 14:46:09.385008384,1.7602442002442003
2023-10-04 14:46:09.390008576,1.7669841269841269
2023-10-04 14:46:09.395008512,1.7456410256410257
2023-10-04 14:46:09.400008704,1.7557509157509157
2023-10-04 14:46:09.405008896,1.756874236874237
2023-10-04 14:46:09.410008832,1.731037851037851
2023-10-04 14:46:09.415009024,1.738901098901099
2023-10-04 14:46:09.420009216,1.775970695970696
2023-10-04 14:46:09.425009152,1.7613675213675213
2023-10-04 14:46:09.430009344,1.7703540903540904
2023-10-04 14:46:09.435009536,1.7546275946275947
2023-10-04 14:46:09.440009472,1.7669841269841269
2023-10-04 14:46:09.445009664,1.7860805860805862
2023-10-04 14:46:09.450009856,1.7804639804639804
2023-10-04 14:46:09.455010048,1.7422710622710622
2023-10-04 14:46:09.460009984,1.7860805860805862
2023-10-04 14:46:09.465010176,1.8085470085470086
2023-10-04 14:46:09.470010368,1.7714774114774114
2023-10-04 14:46:09.475010304,1.7916971916971918
2023-10-04 14:46:09.480010496,1.8175335775335775
2023-10-04 14:46:09.485010688,1.7916971916971918
2023-10-04 14:46:09.490010624,1.7939438339438338
2023-10-04 14:46:09.495010816,1.7815873015873016
2023-10-04 14:46:09.500011008,1.7478876678876678
2023-10-04 14:46:09.505011200,1.756874236874237
2023-10-04 14:46:09.510011136,1.7624908424908425
2023-10-04 14:46:09.515011328,1.7872039072039072
2023-10-04 14:46:09.520999936,1.7703540903540904
2023-10-04 14:46:09.526000128,1.7523809523809524
2023-10-04 14:46:09.531000064,1.7535042735042734
2023-10-04 14:46:09.536000256,1.795067155067155
2023-10-04 14:46:09.541000448,1.7782173382173383
2023-10-04 14:46:09.546000384,1.7692307692307692
2023-10-04 14:46:09.551000576,1.777094017094017
2023-10-04 14:46:09.556000768,1.7535042735042734
2023-10-04 14:46:09.561000704,1.7355311355311356
2023-10-04 14:46:09.566000896,1.7624908424908425
2023-10-04 14:46:09.571001088,1.738901098901099
2023-10-04 14:46:09.576001280,1.7523809523809524
2023-10-04 14:46:09.581001216,1.7748473748473748
2023-10-04 14:46:09.586001408,1.777094017094017
2023-10-04 14:46:09.591001600,1.7535042735042734
2023-10-04 14:46:09.596001536,1.7265445665445665
2023-10-04 14:46:09.601001728,1.757997557997558
2023-10-04 14:46:09.606001920,1.7355311355311356
2023-10-04 14:46:09.611001856,1.749010989010989
2023-10-04 14:46:09.616002048,1.7512576312576313
2023-10-04 14:46:09.621002240,1.75013431013431
2023-10-04 14:46:09.626002432,1.7535042735042734
2023-10-04 14:46:09.631002368,1.75013431013431
2023-10-04 14:46:09.636002560,1.7344078144078143
2023-10-04 14:46:09.641002752,1.7557509157509157
2023-10-04 14:46:09.646002688,1.756874236874237
2023-10-04 14:46:09.651002880,1.7726007326007327
2023-10-04 14:46:09.656003072,1.8063003663003663
2023-10-04 14:46:09.661003008,1.7894505494505495
2023-10-04 14:46:09.666003200,1.7995604395604397
2023-10-04 14:46:09.671003392,1.7916971916971918
2023-10-04 14:46:09.676003584,1.7995604395604397
2023-10-04 14:46:09.681003520,1.7905738705738705
2023-10-04 14:46:09.686003712,1.7546275946275947
2023-10-04 14:46:09.691003904,1.8006837606837607
2023-10-04 14:46:09.696003840,1.7973137973137974
2023-10-04 14:46:09.701004032,1.7827106227106226
2023-10-04 14:46:09.706004224,1.7692307692307692
2023-10-04 14:46:09.711004160,1.7827106227106226
2023-10-04 14:46:09.716004352,1.7827106227106226
2023-10-04 14:46:09.721004544,1.7624908424908425
2023-10-04 14:46:09.726004480,1.7624908424908425
2023-10-04 14:46:09.731004672,1.7782173382173383
2023-10-04 14:46:09.736004864,1.7872039072039072
2023-10-04 14:46:09.741005056,1.7872039072039072
2023-10-04 14:46:09.746004992,1.7872039072039072
2023-10-04 14:46:09.751005184,1.7804639804639804
2023-10-04 14:46:09.756005376,1.7726007326007327
2023-10-04 14:46:09.761005312,1.775970695970696
2023-10-04 14:46:09.766005504,1.775970695970696
2023-10-04 14:46:09.771005696,1.7737240537240537
2023-10-04 14:46:09.776005632,1.7602442002442003
2023-10-04 14:46:09.781005824,1.7681074481074481
2023-10-04 14:46:09.786006016,1.7557509157509157
2023-10-04 14:46:09.791006208,1.756874236874237
2023-10-04 14:46:09.796006144,1.7523809523809524
2023-10-04 14:46:09.801006336,1.7591208791208792
2023-10-04 14:46:09.806006528,1.7591208791208792
2023-10-04 14:46:09.811006464,1.7658608058608058
2023-10-04 14:46:09.816006656,1.7793406593406593
2023-10-04 14:46:09.821006848,1.7793406593406593
2023-10-04 14:46:09.826006784,1.775970695970696
2023-10-04 14:46:09.831006976,1.7737240537240537
2023-10-04 14:46:09.836007168,1.7692307692307692
2023-10-04 14:46:09.841007360,1.7973137973137974
2023-10-04 14:46:09.846007296,1.8590964590964592
2023-10-04 14:46:09.851007488,1.8826862026862028
2023-10-04 14:46:09.856007680,1.9826617826617827
2023-10-04 14:46:09.861007616,2.0781440781440783
2023-10-04 14:46:09.866007808,2.238778998778999
2023-10-04 14:46:09.871008000,2.4106471306471304
2023-10-04 14:46:09.876007936,2.543199023199023
2023-10-04 14:46:09.881008128,2.5499389499389498
2023-10-04 14:46:09.886008320,2.305054945054945
2023-10-04 14:46:09.891008256,1.7928205128205128
2023-10-04 14:46:09.896008448,1.2322832722832724
2023-10-04 14:46:09.901008640,0.8638339438339439
2023-10-04 14:46:09.906008832,0.6964590964590964
2023-10-04 14:46:09.911008768,0.7368986568986569
2023-10-04 14:46:09.916008960,0.8728205128205129
2023-10-04 14:46:09.921009152,0.9941391941391942
2023-10-04 14:46:09.926009088,1.1581440781440782
2023-10-04 14:46:09.931009280,1.3019291819291818
2023-10-04 14:46:09.936009472,1.4648107448107448
2023-10-04 14:46:09.941009408,1.5636630036630037
2023-10-04 14:46:09.946009600,1.6355555555555557
2023-10-04 14:46:09.951009792,1.7063247863247863
2023-10-04 14:46:09.956009984,1.7478876678876678
2023-10-04 14:46:09.961009920,1.802930402930403
2023-10-04 14:46:09.966010112,1.820903540903541
2023-10-04 14:46:09.971010304,1.831013431013431
2023-10-04 14:46:09.976010240,1.848986568986569
2023-10-04 14:46:09.981010432,1.8321367521367522
2023-10-04 14:46:09.986010624,1.8590964590964592
2023-10-04 14:46:09.991010560,1.8568498168498169
2023-10-04 14:46:09.996010752,1.8703296703296703
2023-10-04 14:46:10.001010944,1.8984126984126983
2023-10-04 14:46:10.006011136,1.8692063492063493
2023-10-04 14:46:10.011011072,1.8422466422466421
2023-10-04 14:46:10.016011264,1.8635897435897435
2023-10-04 14:46:10.023000064,1.8635897435897435
2023-10-04 14:46:10.028000000,1.8804395604395605
2023-10-04 14:46:10.033000192,1.84
2023-10-04 14:46:10.038000384,1.8164102564102564
2023-10-04 14:46:10.043000576,1.8175335775335775
2023-10-04 14:46:10.048000512,1.8332600732600732
2023-10-04 14:46:10.053000704,1.8152869352869352
2023-10-04 14:46:10.058000896,1.841123321123321
2023-10-04 14:46:10.063000832,1.8433699633699634
2023-10-04 14:46:10.068001024,1.831013431013431
2023-10-04 14:46:10.073001216,1.8107936507936508
2023-10-04 14:46:10.078001152,1.8130402930402931
2023-10-04 14:46:10.083001344,1.8321367521367522
2023-10-04 14:46:10.088001536,1.8332600732600732
2023-10-04 14:46:10.093001728,1.8321367521367522
2023-10-04 14:46:10.098001664,1.8265201465201466
2023-10-04 14:46:10.103001856,1.8377533577533578
2023-10-04 14:46:10.108002048,1.841123321123321
2023-10-04 14:46:10.113001984,1.8343833943833945
2023-10-04 14:46:10.118002176,1.8422466422466421
2023-10-04 14:46:10.123002368,1.820903540903541
2023-10-04 14:46:10.128002304,1.82989010989011
2023-10-04 14:46:10.133002496,1.8141636141636142
2023-10-04 14:46:10.138002688,1.802930402930403
2023-10-04 14:46:10.143002624,1.8164102564102564
2023-10-04 14:46:10.148002816,1.8265201465201466
2023-10-04 14:46:10.153003008,1.820903540903541
2023-10-04 14:46:10.158003200,1.823150183150183
2023-10-04 14:46:10.163003136,1.8096703296703296
2023-10-04 14:46:10.168003328,1.8321367521367522
2023-10-04 14:46:10.173003520,1.8265201465201466
2023-10-04 14:46:10.178003456,1.8085470085470086
2023-10-04 14:46:10.183003648,1.8186568986568987
2023-10-04 14:46:10.188003840,1.8388766788766788
2023-10-04 14:46:10.193003776,1.8467399267399267
2023-10-04 14:46:10.198003968,1.8815628815628815
2023-10-04 14:46:10.203004160,1.874822954822955
2023-10-04 14:46:10.208004352,1.8972893772893773
2023-10-04 14:46:10.213004288,1.904029304029304
2023-10-04 14:46:10.218004480,1.9309890109890109
2023-10-04 14:46:10.223004672,1.9276190476190476
2023-10-04 14:46:10.228004608,1.8961660561660563
2023-10-04 14:46:10.233004800,1.8995360195360196
2023-10-04 14:46:10.238004992,1.9006593406593406
2023-10-04 14:46:10.243004928,1.8916727716727717
2023-10-04 14:46:10.248005120,1.8714529914529914
2023-10-04 14:46:10.253005312,1.8894261294261294
2023-10-04 14:46:10.258005504,1.8613431013431014
2023-10-04 14:46:10.263005440,1.868083028083028
2023-10-04 14:46:10.268005632,1.8523565323565323
2023-10-04 14:46:10.273005824,1.8355067155067155
2023-10-04 14:46:10.278005760,1.847863247863248
2023-10-04 14:46:10.283005952,1.8422466422466421
2023-10-04 14:46:10.288006144,1.823150183150183
2023-10-04 14:46:10.293006080,1.8377533577533578
2023-10-04 14:46:10.298006272,1.8590964590964592
2023-10-04 14:46:10.303006464,1.8332600732600732
2023-10-04 14:46:10.308006400,1.823150183150183
2023-10-04 14:46:10.313006592,1.820903540903541
2023-10-04 14:46:10.318006784,1.8063003663003663
2023-10-04 14:46:10.323006976,1.822026862026862
2023-10-04 14:46:10.328006912,1.822026862026862
2023-10-04 14:46:10.333007104,1.8287667887667887
2023-10-04 14:46:10.338007296,1.820903540903541
2023-10-04 14:46:10.343007232,1.822026862026862
2023-10-04 14:46:10.348007424,1.8388766788766788
2023-10-04 14:46:10.353007616,1.8287667887667887
2023-10-04 14:46:10.358007552,1.802930402930403
2023-10-04 14:46:10.363007744,1.802930402930403
2023-10-04 14:46:10.368007936,1.777094017094017
2023-10-04 14:46:10.373008128,1.7872039072039072
2023-10-04 14:46:10.378008064,1.7916971916971918
2023-10-04 14:46:10.383008256,1.7782173382173383
2023-10-04 14:46:10.388008448,1.8018070818070817
2023-10-04 14:46:10.393008384,1.8119169719169719
2023-10-04 14:46:10.398008576,1.8119169719169719
2023-10-04 14:46:10.403008768,1.8130402930402931
2023-10-04 14:46:10.408008704,1.8152869352869352
2023-10-04 14:46:10.413008896,1.7961904761904761
2023-10-04 14:46:10.418009088,1.8018070818070817
2023-10-04 14:46:10.423009280,1.8119169719169719
2023-10-04 14:46:10.428009216,1.7894505494505495
2023-10-04 14:46:10.433009408,1.7905738705738705
2023-10-04 14:46:10.438009600,1.7984371184371184
2023-10-04 14:46:10.443009536,1.8085470085470086
2023-10-04 14:46:10.448009728,1.7916971916971918
2023-10-04 14:46:10.453009920,1.795067155067155
2023-10-04 14:46:10.458009856,1.8085470085470086
2023-10-04 14:46:10.463010048,1.7883272283272282
2023-10-04 14:46:10.468010240,1.74002442002442
2023-10-04 14:46:10.473010176,1.731037851037851
2023-10-04 14:46:10.478010368,1.7344078144078143
2023-10-04 14:46:10.483010560,1.7523809523809524
2023-10-04 14:46:10.488010752,1.7591208791208792
2023-10-04 14:46:10.493010688,1.7411477411477412
2023-10-04 14:46:10.498010880,1.749010989010989
2023-10-04 14:46:10.503011072,1.75013431013431
2023-10-04 14:46:10.508011008,1.7321611721611723
2023-10-04 14:46:10.513011200,1.7557509157509157
2023-10-04 14:46:10.518011392,1.7366544566544566
2023-10-04 14:46:10.525000192,1.7591208791208792
2023-10-04 14:46:10.530000128,1.7692307692307692
2023-10-04 14:46:10.535000320,1.7624908424908425
2023-10-04 14:46:10.540000512,1.7355311355311356
2023-10-04 14:46:10.545000448,1.7478876678876678
2023-10-04 14:46:10.550000640,1.72991452991453
2023-10-04 14:46:10.555000832,1.7557509157509157
2023-10-04 14:46:10.560001024,1.7681074481074481
2023-10-04 14:46:10.565000960,1.756874236874237
2023-10-04 14:46:10.570001152,1.7512576312576313
2023-10-04 14:46:10.575001344,1.756874236874237
2023-10-04 14:46:10.580001280,1.731037851037851
2023-10-04 14:46:10.585001472,1.7377777777777779
2023-10-04 14:46:10.590001664,1.7535042735042734
2023-10-04 14:46:10.595001600,1.7557509157509157
2023-10-04 14:46:10.600001792,1.7467643467643468
2023-10-04 14:46:10.605001984,1.7287912087912087
2023-10-04 14:46:10.610001920,1.7535042735042734
2023-10-04 14:46:10.615002112,1.7512576312576313
2023-10-04 14:46:10.620002304,1.7344078144078143
2023-10-04 14:46:10.625002496,1.7467643467643468
2023-10-04 14:46:10.630002432,1.7546275946275947
2023-10-04 14:46:10.635002624,1.7411477411477412
2023-10-04 14:46:10.640002816,1.75013431013431
2023-10-04 14:46:10.645002752,1.757997557997558
2023-10-04 14:46:10.650002944,1.7523809523809524
2023-10-04 14:46:10.655003136,1.756874236874237
2023-10-04 14:46:10.660003072,1.7366544566544566
2023-10-04 14:46:10.665003264,1.756874236874237
2023-10-04 14:46:10.670003456,1.72991452991453
2023-10-04 14:46:10.675003648,1.7276678876678877
2023-10-04 14:46:10.680003584,1.7321611721611723
2023-10-04 14:46:10.685003776,1.7321611721611723
2023-10-04 14:46:10.690003968,1.7321611721611723
2023-10-04 14:46:10.695003904,1.7276678876678877
2023-10-04 14:46:10.700004096,1.756874236874237
2023-10-04 14:46:10.705004288,1.7096947496947497
2023-10-04 14:46:10.710004224,1.731037851037851
2023-10-04 14:46:10.715004416,1.7546275946275947
2023-10-04 14:46:10.720004608,1.749010989010989
2023-10-04 14:46:10.725004800,1.7321611721611723
2023-10-04 14:46:10.730004736,1.7478876678876678
2023-10-04 14:46:10.735004928,1.749010989010989
2023-10-04 14:46:10.740005120,1.756874236874237
2023-10-04 14:46:10.745005056,1.7422710622710622
2023-10-04 14:46:10.750005248,1.8063003663003663
2023-10-04 14:46:10.755005440,1.8883028083028084
2023-10-04 14:46:10.760005376,1.9422222222222223
2023-10-04 14:46:10.765005568,2.0388278388278387
2023-10-04 14:46:10.770005760,2.16014652014652
2023-10-04 14:46:10.775005696,2.4274969474969477
2023-10-04 14:46:10.780005888,2.652161172161172
2023-10-04 14:46:10.785006080,2.7858363858363857
2023-10-04 14:46:10.790006272,2.7644932844932844
2023-10-04 14:46:10.795006208,2.396043956043956
2023-10-04 14:46:10.800006400,1.7445177045177045
2023-10-04 14:46:10.805006592,1.0907448107448108
2023-10-04 14:46:10.810006528,0.6414163614163614
2023-10-04 14:46:10.815006720,0.574017094017094
2023-10-04 14:46:10.820006912,0.6211965811965812
2023-10-04 14:46:10.825006848,0.7784615384615384
2023-10-04 14:46:10.830007040,0.9065201465201466
2023-10-04 14:46:10.835007232,1.0997313797313797
2023-10-04 14:46:10.840007424,1.2614896214896214
2023-10-04 14:46:10.845007360,1.4243711843711844
2023-10-04 14:46:10.850007552,1.5288400488400489
2023-10-04 14:46:10.855007744,1.6220757020757022
2023-10-04 14:46:10.860007680,1.7063247863247863
2023-10-04 14:46:10.865007872,1.756874236874237
2023-10-04 14:46:10.870008064,1.756874236874237
2023-10-04 14:46:10.875008000,1.7860805860805862
2023-10-04 14:46:10.880008192,1.802930402930403
2023-10-04 14:46:10.885008384,1.7782173382173383
2023-10-04 14:46:10.890008576,1.7883272283272282
2023-10-04 14:46:10.895008512,1.7984371184371184
2023-10-04 14:46:10.900008704,1.795067155067155
2023-10-04 14:46:10.905008896,1.7894505494505495
2023-10-04 14:46:10.910008832,1.7995604395604397
2023-10-04 14:46:10.915009024,1.7928205128205128
2023-10-04 14:46:10.920009216,1.7793406593406593
2023-10-04 14:46:10.925009152,1.7681074481074481
2023-10-04 14:46:10.930009344,1.756874236874237
2023-10-04 14:46:10.935009536,1.7782173382173383
2023-10-04 14:46:10.940009472,1.8130402930402931
2023-10-04 14:46:10.945009664,1.8321367521367522
2023-10-04 14:46:10.950009856,1.8388766788766788
2023-10-04 14:46:10.955010048,1.8119169719169719
2023-10-04 14:46:10.960009984,1.8175335775335775
2023-10-04 14:46:10.965010176,1.8164102564102564
2023-10-04 14:46:10.970010368,1.8287667887667887
2023-10-04 14:46:10.975010304,1.8321367521367522
2023-10-04 14:46:10.980010496,1.8265201465201466
2023-10-04 14:46:10.985010688,1.8321367521367522
2023-10-04 14:46:10.990010624,1.8119169719169719
2023-10-04 14:46:10.995010816,1.7860805860805862
2023-10-04 14:46:11.000011008,1.802930402930403
2023-10-04 14:46:11.005011200,1.8276434676434676
2023-10-04 14:46:11.010011136,1.8141636141636142
2023-10-04 14:46:11.015011328,1.8265201465201466
2023-10-04 14:46:11.020011520,1.8197802197802198
2023-10-04 14:46:11.026000128,1.8366300366300365
2023-10-04 14:46:11.031000064,1.8141636141636142
2023-10-04 14:46:11.036000256,1.7905738705738705
2023-10-04 14:46:11.041000448,1.7726007326007327
2023-10-04 14:46:11.046000384,1.8096703296703296
2023-10-04 14:46:11.051000576,1.841123321123321
2023-10-04 14:46:11.056000768,1.8433699633699634
2023-10-04 14:46:11.061000704,1.8568498168498169
2023-10-04 14:46:11.066000896,1.84
2023-10-04 14:46:11.071001088,1.8590964590964592
2023-10-04 14:46:11.076001280,1.8287667887667887
2023-10-04 14:46:11.081001216,1.8613431013431014
2023-10-04 14:46:11.086001408,1.8624664224664225
2023-10-04 14:46:11.091001600,1.8703296703296703
2023-10-04 14:46:11.096001536,1.8883028083028084
2023-10-04 14:46:11.101001728,1.9343589743589744
2023-10-04 14:46:11.106001920,1.9085225885225885
2023-10-04 14:46:11.111001856,1.9231257631257632
2023-10-04 14:46:11.116002048,1.9197557997557997
2023-10-04 14:46:11.121002240,1.9388522588522588
2023-10-04 14:46:11.126002432,1.9287423687423688
2023-10-04 14:46:11.131002368,1.913015873015873
2023-10-04 14:46:11.136002560,1.920879120879121
2023-10-04 14:46:11.141002752,1.9366056166056167
2023-10-04 14:46:11.146002688,1.913015873015873
2023-10-04 14:46:11.151002880,1.895042735042735
2023-10-04 14:46:11.156003072,1.848986568986569
2023-10-04 14:46:11.161003008,1.848986568986569
2023-10-04 14:46:11.166003200,1.8602197802197802
2023-10-04 14:46:11.171003392,1.822026862026862
2023-10-04 14:46:11.176003584,1.8063003663003663
2023-10-04 14:46:11.181003520,1.7984371184371184
2023-10-04 14:46:11.186003712,1.8018070818070817
2023-10-04 14:46:11.191003904,1.8006837606837607
2023-10-04 14:46:11.196003840,1.8006837606837607
2023-10-04 14:46:11.201004032,1.7883272283272282
2023-10-04 14:46:11.206004224,1.7681074481074481
2023-10-04 14:46:11.211004160,1.7782173382173383
2023-10-04 14:46:11.216004352,1.7815873015873016
2023-10-04 14:46:11.221004544,1.75013431013431
2023-10-04 14:46:11.226004480,1.7546275946275947
2023-10-04 14:46:11.231004672,1.7535042735042734
2023-10-04 14:46:11.236004864,1.7456410256410257
2023-10-04 14:46:11.241005056,1.7782173382173383
2023-10-04 14:46:11.246004992,1.8018070818070817
2023-10-04 14:46:11.251005184,1.8085470085470086
2023-10-04 14:46:11.256005376,1.8074236874236875
2023-10-04 14:46:11.261005312,1.7815873015873016
2023-10-04 14:46:11.266005504,1.7624908424908425
2023-10-04 14:46:11.271005696,1.777094017094017
2023-10-04 14:46:11.276005632,1.7984371184371184
2023-10-04 14:46:11.281005824,1.7714774114774114
2023-10-04 14:46:11.286006016,1.777094017094017
2023-10-04 14:46:11.291006208,1.7973137973137974
2023-10-04 14:46:11.296006144,1.8287667887667887
2023-10-04 14:46:11.301006336,1.8332600732600732
2023-10-04 14:46:11.306006528,1.8332600732600732
2023-10-04 14:46:11.311006464,1.7916971916971918
2023-10-04 14:46:11.316006656,1.7669841269841269
2023-10-04 14:46:11.321006848,1.7714774114774114
2023-10-04 14:46:11.326006784,1.8388766788766788
2023-10-04 14:46:11.331006976,1.8557264957264956
2023-10-04 14:46:11.336007168,1.7872039072039072
2023-10-04 14:46:11.341007360,1.7883272283272282
2023-10-04 14:46:11.346007296,1.7939438339438338
2023-10-04 14:46:11.351007488,1.7883272283272282
2023-10-04 14:46:11.356007680,1.8006837606837607
2023-10-04 14:46:11.361007616,1.841123321123321
2023-10-04 14:46:11.366007808,1.82989010989011
2023-10-04 14:46:11.371008000,1.8074236874236875
2023-10-04 14:46:11.376007936,1.7793406593406593
2023-10-04 14:46:11.381008128,1.7546275946275947
2023-10-04 14:46:11.386008320,1.7422710622710622
2023-10-04 14:46:11.391008256,1.7714774114774114
2023-10-04 14:46:11.396008448,1.7804639804639804
2023-10-04 14:46:11.401008640,1.7669841269841269
2023-10-04 14:46:11.406008832,1.7523809523809524
2023-10-04 14:46:11.411008768,1.7591208791208792
2023-10-04 14:46:11.416008960,1.795067155067155
2023-10-04 14:46:11.421009152,1.7905738705738705
2023-10-04 14:46:11.426009088,1.7714774114774114
2023-10-04 14:46:11.431009280,1.7366544566544566
2023-10-04 14:46:11.436009472,1.7467643467643468
2023-10-04 14:46:11.441009408,1.7905738705738705
2023-10-04 14:46:11.446009600,1.7748473748473748
2023-10-04 14:46:11.451009792,1.757997557997558
2023-10-04 14:46:11.456009984,1.7546275946275947
2023-10-04 14:46:11.461009920,1.7703540903540904
2023-10-04 14:46:11.466010112,1.7827106227106226
2023-10-04 14:46:11.471010304,1.7748473748473748
2023-10-04 14:46:11.476010240,1.7883272283272282
2023-10-04 14:46:11.481010432,1.7703540903540904
2023-10-04 14:46:11.486010624,1.7827106227106226
2023-10-04 14:46:11.491010560,1.7939438339438338
2023-10-04 14:46:11.496010752,1.7860805860805862
2023-10-04 14:46:11.501010944,1.8107936507936508
2023-10-04 14:46:11.506011136,1.8343833943833945
2023-10-04 14:46:11.511011072,1.8343833943833945
2023-10-04 14:46:11.516011264,1.823150183150183
2023-10-04 14:46:11.521011456,1.7939438339438338
2023-10-04 14:46:11.528000000,1.7467643467643468
2023-10-04 14:46:11.533000192,1.7669841269841269
2023-10-04 14:46:11.538000384,1.7692307692307692
2023-10-04 14:46:11.543000576,1.7557509157509157
2023-10-04 14:46:11.548000512,1.7164346764346765
2023-10-04 14:46:11.553000704,1.7456410256410257
2023-10-04 14:46:11.558000896,1.705201465201465
2023-10-04 14:46:11.563000832,1.7287912087912087
2023-10-04 14:46:11.568001024,1.7276678876678877
2023-10-04 14:46:11.573001216,1.7377777777777779
2023-10-04 14:46:11.578001152,1.72991452991453
2023-10-04 14:46:11.583001344,1.7726007326007327
2023-10-04 14:46:11.588001536,1.7546275946275947
2023-10-04 14:46:11.593001728,1.7265445665445665
2023-10-04 14:46:11.598001664,1.756874236874237
2023-10-04 14:46:11.603001856,1.731037851037851
2023-10-04 14:46:11.608002048,1.7366544566544566
2023-10-04 14:46:11.613001984,1.7265445665445665
2023-10-04 14:46:11.618002176,1.7344078144078143
2023-10-04 14:46:11.623002368,1.7276678876678877
2023-10-04 14:46:11.628002304,1.7445177045177045
2023-10-04 14:46:11.633002496,1.7254212454212454
2023-10-04 14:46:11.638002688,1.7377777777777779
2023-10-04 14:46:11.643002624,1.75013431013431
2023-10-04 14:46:11.648002816,1.7602442002442003
2023-10-04 14:46:11.653003008,1.7411477411477412
2023-10-04 14:46:11.658003200,1.7726007326007327
2023-10-04 14:46:11.663003136,1.7905738705738705
2023-10-04 14:46:11.668003328,1.7703540903540904
2023-10-04 14:46:11.673003520,1.7748473748473748
2023-10-04 14:46:11.678003456,1.8321367521367522
2023-10-04 14:46:11.683003648,1.8276434676434676
2023-10-04 14:46:11.688003840,1.7782173382173383
2023-10-04 14:46:11.693003776,1.8119169719169719
2023-10-04 14:46:11.698003968,1.8467399267399267
2023-10-04 14:46:11.703004160,1.8793162393162393
2023-10-04 14:46:11.708004352,1.9714285714285715
2023-10-04 14:46:11.713004288,2.0118681318681317
2023-10-04 14:46:11.718004480,2.033211233211233
2023-10-04 14:46:11.723004672,2.138803418803419
2023-10-04 14:46:11.728004608,2.3286446886446885
2023-10-04 14:46:11.733004800,2.52971916971917
2023-10-04 14:46:11.738004992,2.620708180708181
2023-10-04 14:46:11.743004928,2.6004884004884006
2023-10-04 14:46:11.748005120,2.3713308913308913
2023-10-04 14:46:11.753005312,1.7973137973137974
2023-10-04 14:46:11.758005504,1.1963369963369963
2023-10-04 14:46:11.763005440,0.8335042735042735
2023-10-04 14:46:11.768005632,0.7593650793650794
2023-10-04 14:46:11.773005824,0.8503540903540904
2023-10-04 14:46:11.778005760,0.8941636141636141
2023-10-04 14:46:11.783005952,0.9851526251526251
2023-10-04 14:46:11.788006144,1.13006105006105
2023-10-04 14:46:11.793006080,1.3288888888888888
2023-10-04 14:46:11.798006272,1.4895238095238095
2023-10-04 14:46:11.803006464,1.5625396825396825
2023-10-04 14:46:11.808006400,1.5704029304029303
2023-10-04 14:46:11.813006592,1.6085958485958487
2023-10-04 14:46:11.818006784,1.7242979242979244
2023-10-04 14:46:11.823006976,1.72991452991453
2023-10-04 14:46:11.828006912,1.757997557997558
2023-10-04 14:46:11.833007104,1.777094017094017
2023-10-04 14:46:11.838007296,1.7905738705738705
2023-10-04 14:46:11.843007232,1.7782173382173383
2023-10-04 14:46:11.848007424,1.8107936507936508
2023-10-04 14:46:11.853007616,1.7411477411477412
2023-10-04 14:46:11.858007552,1.7512576312576313
2023-10-04 14:46:11.863007744,1.7332844932844933
2023-10-04 14:46:11.868007936,1.8063003663003663
2023-10-04 14:46:11.873008128,1.7883272283272282
2023-10-04 14:46:11.878008064,1.7456410256410257
2023-10-04 14:46:11.883008256,1.722051282051282
2023-10-04 14:46:11.888008448,1.6973382173382174
2023-10-04 14:46:11.893008384,1.7860805860805862
2023-10-04 14:46:11.898008576,1.7905738705738705
2023-10-04 14:46:11.903008768,1.7411477411477412
2023-10-04 14:46:11.908008704,1.7231746031746031
2023-10-04 14:46:11.913008896,1.7321611721611723
2023-10-04 14:46:11.918009088,1.7692307692307692
2023-10-04 14:46:11.923009280,1.7782173382173383
2023-10-04 14:46:11.928009216,1.7512576312576313
2023-10-04 14:46:11.933009408,1.7669841269841269
2023-10-04 14:46:11.938009600,1.8287667887667887
2023-10-04 14:46:11.943009536,1.823150183150183
2023-10-04 14:46:11.948009728,1.822026862026862
2023-10-04 14:46:11.953009920,1.7883272283272282
2023-10-04 14:46:11.958009856,1.7613675213675213
2023-10-04 14:46:11.963010048,1.7872039072039072
2023-10-04 14:46:11.968010240,1.7815873015873016
2023-10-04 14:46:11.973010176,1.7321611721611723
2023-10-04 14:46:11.978010368,1.7535042735042734
2023-10-04 14:46:11.983010560,1.7546275946275947
2023-10-04 14:46:11.988010752,1.7939438339438338
2023-10-04 14:46:11.993010688,1.8074236874236875
2023-10-04 14:46:11.998010880,1.8164102564102564
2023-10-04 14:46:12.003011072,1.7961904761904761
2023-10-04 14:46:12.008011008,1.7973137973137974
2023-10-04 14:46:12.013011200,1.8276434676434676
2023-10-04 14:46:12.018011392,1.8096703296703296
2023-10-04 14:46:12.023011328,1.7939438339438338
2023-10-04 14:46:12.029999872,1.8366300366300365
2023-10-04 14:46:12.035000064,1.847863247863248
2023-10-04 14:46:12.040000256,1.8265201465201466
2023-10-04 14:46:12.045000192,1.8366300366300365
2023-10-04 14:46:12.050000384,1.848986568986569
2023-10-04 14:46:12.055000576,1.8703296703296703
2023-10-04 14:46:12.060000768,1.8703296703296703
2023-10-04 14:46:12.065000704,1.8714529914529914
2023-10-04 14:46:12.070000896,1.8725763125763126
2023-10-04 14:46:12.075001088,1.8894261294261294
2023-10-04 14:46:12.080001024,1.9197557997557997
2023-10-04 14:46:12.085001216,1.9422222222222223
2023-10-04 14:46:12.090001408,1.9343589743589744
2023-10-04 14:46:12.095001344,1.8905494505494504
2023-10-04 14:46:12.100001536,1.8422466422466421
2023-10-04 14:46:12.105001728,1.820903540903541
2023-10-04 14:46:12.110001920,1.831013431013431
2023-10-04 14:46:12.115001856,1.8265201465201466
2023-10-04 14:46:12.120002048,1.8265201465201466
2023-10-04 14:46:12.125002240,1.8119169719169719
2023-10-04 14:46:12.130002176,1.7804639804639804
2023-10-04 14:46:12.135002368,1.7624908424908425
2023-10-04 14:46:12.140002560,1.7512576312576313
2023-10-04 14:46:12.145002496,1.7557509157509157
2023-10-04 14:46:12.150002688,1.7422710622710622
2023-10-04 14:46:12.155002880,1.7254212454212454
2023-10-04 14:46:12.160003072,1.7153113553113553
2023-10-04 14:46:12.165003008,1.7433943833943835
2023-10-04 14:46:12.170003200,1.74002442002442
2023-10-04 14:46:12.175003392,1.7377777777777779
2023-10-04 14:46:12.180003328,1.7411477411477412
2023-10-04 14:46:12.185003520,1.7366544566544566
2023-10-04 14:46:12.190003712,1.738901098901099
2023-10-04 14:46:12.195003648,1.7276678876678877
2023-10-04 14:46:12.200003840,1.756874236874237
2023-10-04 14:46:12.205004032,1.775970695970696
2023-10-04 14:46:12.210003968,1.7681074481074481
2023-10-04 14:46:12.215004160,1.7961904761904761
2023-10-04 14:46:12.220004352,1.823150183150183
2023-10-04 14:46:12.225004544,1.823150183150183
2023-10-04 14:46:12.230004480,1.8006837606837607
2023-10-04 14:46:12.235004672,1.7894505494505495
2023-10-04 14:46:12.240004864,1.7602442002442003
2023-10-04 14:46:12.245004800,1.7782173382173383
2023-10-04 14:46:12.250004992,1.8119169719169719
2023-10-04 14:46:12.255005184,1.8321367521367522
2023-10-04 14:46:12.260005120,1.8186568986568987
2023-10-04 14:46:12.265005312,1.8175335775335775
2023-10-04 14:46:12.270005504,1.8186568986568987
2023-10-04 14:46:12.275005696,1.8343833943833945
2023-10-04 14:46:12.280005632,1.82989010989011
2023-10-04 14:46:12.285005824,1.8343833943833945
2023-10-04 14:46:12.290006016,1.8602197802197802
2023-10-04 14:46:12.295005952,1.8613431013431014
2023-10-04 14:46:12.300006144,1.8546031746031746
2023-10-04 14:46:12.305006336,1.8546031746031746
2023-10-04 14:46:12.310006272,1.85010989010989
2023-10-04 14:46:12.315006464,1.8534798534798536
2023-10-04 14:46:12.320006656,1.8590964590964592
2023-10-04 14:46:12.325006848,1.8377533577533578
2023-10-04 14:46:12.330006784,1.841123321123321
2023-10-04 14:46:12.335006976,1.8624664224664225
2023-10-04 14:46:12.340007168,1.848986568986569
2023-10-04 14:46:12.345007104,1.8512332112332113
2023-10-04 14:46:12.350007296,1.8557264957264956
2023-10-04 14:46:12.355007488,1.8467399267399267
2023-10-04 14:46:12.360007424,1.8512332112332113
2023-10-04 14:46:12.365007616,1.8321367521367522
2023-10-04 14:46:12.370007808,1.822026862026862
2023-10-04 14:46:12.375007744,1.7748473748473748
2023-10-04 14:46:12.380007936,1.756874236874237
2023-10-04 14:46:12.385008128,1.7355311355311356
2023-10-04 14:46:12.390008320,1.6715018315018315
2023-10-04 14:46:12.395008256,1.6018559218559218
2023-10-04 14:46:12.400008448,1.6804884004884004
2023-10-04 14:46:12.405008640,1.777094017094017
2023-10-04 14:46:12.410008576,1.7467643467643468
2023-10-04 14:46:12.415008768,1.7085714285714286
2023-10-04 14:46:12.420008960,1.7523809523809524
2023-10-04 14:46:12.425008896,1.8343833943833945
2023-10-04 14:46:12.430009088,1.9624420024420024
2023-10-04 14:46:12.435009280,1.9231257631257632
2023-10-04 14:46:12.440009472,1.8916727716727717
2023-10-04 14:46:12.445009408,1.9096459096459097
2023-10-04 14:46:12.450009600,1.8972893772893773
2023-10-04 14:46:12.455009792,1.8961660561660563
2023-10-04 14:46:12.460009728,1.8972893772893773
2023-10-04 14:46:12.465009920,1.875946275946276
2023-10-04 14:46:12.470010112,1.8557264957264956
2023-10-04 14:46:12.475010048,1.8152869352869352
2023-10-04 14:46:12.480010240,1.775970695970696
2023-10-04 14:46:12.485010432,1.7748473748473748
2023-10-04 14:46:12.490010624,1.847863247863248
2023-10-04 14:46:12.495010560,1.8613431013431014
2023-10-04 14:46:12.500010752,1.8388766788766788
2023-10-04 14:46:12.505010944,1.7883272283272282
2023-10-04 14:46:12.510010880,1.7827106227106226
2023-10-04 14:46:12.515011072,1.82989010989011
2023-10-04 14:46:12.520011264,1.7973137973137974
2023-10-04 14:46:12.525011200,1.7355311355311356
2023-10-04 14:46:12.530999808,1.731037851037851
2023-10-04 14:46:12.536000000,1.7265445665445665
2023-10-04 14:46:12.541000192,1.7276678876678877
2023-10-04 14:46:12.546000128,1.705201465201465
2023-10-04 14:46:12.551000320,1.6928449328449329
2023-10-04 14:46:12.556000512,1.702954822954823
2023-10-04 14:46:12.561000704,1.7164346764346765
2023-10-04 14:46:12.566000640,1.7287912087912087
2023-10-04 14:46:12.571000832,1.7433943833943835
2023-10-04 14:46:12.576001024,1.7265445665445665
2023-10-04 14:46:12.581000960,1.7175579975579975
2023-10-04 14:46:12.586001152,1.7209279609279609
2023-10-04 14:46:12.591001344,1.7714774114774114
2023-10-04 14:46:12.596001280,1.8152869352869352
2023-10-04 14:46:12.601001472,1.866959706959707
2023-10-04 14:46:12.606001664,1.9972649572649572
2023-10-04 14:46:12.611001856,2.1286935286935287
2023-10-04 14:46:12.616001792,2.321904761904762
2023-10-04 14:46:12.621001984,2.475799755799756
2023-10-04 14:46:12.626002176,2.594871794871795
2023-10-04 14:46:12.631002112,2.6162148962148963
2023-10-04 14:46:12.636002304,2.2904517704517704
2023-10-04 14:46:12.641002496,1.6231990231990232
2023-10-04 14:46:12.646002432,1.0413186813186812
2023-10-04 14:46:12.651002624,0.62007326007326
2023-10-04 14:46:12.656002816,0.5942368742368742
2023-10-04 14:46:12.661002752,0.6717460317460318
2023-10-04 14:46:12.666002944,0.8458608058608058
2023-10-04 14:46:12.671003136,0.9683028083028083
2023-10-04 14:46:12.676003328,1.1817338217338218
2023-10-04 14:46:12.681003264,1.3434920634920635
2023-10-04 14:46:12.686003456,1.4535775335775336
2023-10-04 14:46:12.691003648,1.5692796092796093
2023-10-04 14:46:12.696003584,1.6411721611721612
2023-10-04 14:46:12.701003776,1.6950915750915752
2023-10-04 14:46:12.706003968,1.7254212454212454
2023-10-04 14:46:12.711003904,1.7883272283272282
2023-10-04 14:46:12.716004096,1.7984371184371184
2023-10-04 14:46:12.721004288,1.8107936507936508
2023-10-04 14:46:12.726004480,1.820903540903541
2023-10-04 14:46:12.731004416,1.8074236874236875
2023-10-04 14:46:12.736004608,1.8107936507936508
2023-10-04 14:46:12.741004800,1.8175335775335775
2023-10-04 14:46:12.746004736,1.7973137973137974
2023-10-04 14:46:12.751004928,1.7737240537240537
2023-10-04 14:46:12.756005120,1.8085470085470086
2023-10-04 14:46:12.761005056,1.8130402930402931
2023-10-04 14:46:12.766005248,1.822026862026862
2023-10-04 14:46:12.771005440,1.857973137973138
2023-10-04 14:46:12.776005632,1.8197802197802198
2023-10-04 14:46:12.781005568,1.8006837606837607
2023-10-04 14:46:12.786005760,1.7984371184371184
2023-10-04 14:46:12.791005952,1.802930402930403
2023-10-04 14:46:12.796005888,1.8119169719169719
2023-10-04 14:46:12.801006080,1.8164102564102564
2023-10-04 14:46:12.806006272,1.7916971916971918
2023-10-04 14:46:12.811006208,1.7827106227106226
2023-10-04 14:46:12.816006400,1.8018070818070817
2023-10-04 14:46:12.821006592,1.82989010989011
2023-10-04 14:46:12.826006528,1.8119169719169719
2023-10-04 14:46:12.831006720,1.7984371184371184
2023-10-04 14:46:12.836006912,1.7973137973137974
2023-10-04 14:46:12.841007104,1.7973137973137974
2023-10-04 14:46:12.846007040,1.822026862026862
2023-10-04 14:46:12.851007232,1.8152869352869352
2023-10-04 14:46:12.856007424,1.8141636141636142
2023-10-04 14:46:12.861007360,1.822026862026862
2023-10-04 14:46:12.866007552,1.841123321123321
2023-10-04 14:46:12.871007744,1.8085470085470086
2023-10-04 14:46:12.876007680,1.795067155067155
2023-10-04 14:46:12.881007872,1.7928205128205128
2023-10-04 14:46:12.886008064,1.8388766788766788
2023-10-04 14:46:12.891008256,1.8287667887667887
2023-10-04 14:46:12.896008192,1.8063003663003663
2023-10-04 14:46:12.901008384,1.802930402930403
2023-10-04 14:46:12.906008576,1.8141636141636142
2023-10-04 14:46:12.911008512,1.8074236874236875
2023-10-04 14:46:12.916008704,1.8006837606837607
2023-10-04 14:46:12.921008896,1.8388766788766788
2023-10-04 14:46:12.926008832,1.8557264957264956
2023-10-04 14:46:12.931009024,1.8107936507936508
2023-10-04 14:46:12.936009216,1.820903540903541
2023-10-04 14:46:12.941009408,1.8422466422466421
2023-10-04 14:46:12.946009344,1.8635897435897435
2023-10-04 14:46:12.951009536,1.922002442002442
2023-10-04 14:46:12.956009728,1.9186324786324787
2023-10-04 14:46:12.961009664,1.920879120879121
2023-10-04 14:46:12.966009856,1.9366056166056167
2023-10-04 14:46:12.971010048,1.9163858363858364
2023-10-04 14:46:12.976009984,1.8736996336996337
2023-10-04 14:46:12.981010176,1.8332600732600732
2023-10-04 14:46:12.986010368,1.7939438339438338
2023-10-04 14:46:12.991010304,1.8085470085470086
2023-10-04 14:46:12.996010496,1.8197802197802198
2023-10-04 14:46:13.001010688,1.8422466422466421
2023-10-04 14:46:13.006010880,1.8107936507936508
2023-10-04 14:46:13.011010816,1.7939438339438338
2023-10-04 14:46:13.016011008,1.7939438339438338
2023-10-04 14:46:13.021011200,1.7860805860805862
2023-10-04 14:46:13.026011136,1.7995604395604397
