Index,II
0,1.842246642246642
1,1.7703540903540904
2,1.731037851037851
3,1.842246642246642
4,1.922002442002442
5,1.847863247863248
6,1.823150183150183
7,1.9343589743589744
8,2.018608058608059
9,1.93997557997558
10,1.8984126984126983
11,2.002881562881563
12,2.0388278388278387
13,1.9242490842490845
14,1.8456166056166057
15,1.9085225885225885
16,1.9107692307692308
17,1.7624908424908423
18,1.693968253968254
19,1.7535042735042734
20,1.7602442002442005
21,1.6557753357753358
22,1.5838827838827838
23,1.667008547008547
24,1.7153113553113553
25,1.6063492063492064
26,1.5557997557997558
27,1.6456654456654456
28,1.6973382173382174
29,1.5906227106227109
30,1.5524297924297925
31,1.665885225885226
32,1.6950915750915752
33,1.6018559218559218
34,1.5591697191697191
35,1.6692551892551892
36,1.6973382173382174
37,1.6007326007326008
38,1.574896214896215
39,1.6681318681318682
40,1.6962148962148962
41,1.6074725274725274
42,1.5827594627594628
43,1.683858363858364
44,1.705201465201465
45,1.613089133089133
46,1.585006105006105
47,1.705201465201465
48,1.7287912087912087
49,1.6142124542124543
50,1.6029792429792429
51,1.704078144078144
52,1.72991452991453
53,1.6378021978021975
54,1.6175824175824176
55,1.7175579975579975
56,1.7546275946275949
57,1.647912087912088
58,1.6265689865689863
59,1.7512576312576311
60,1.7714774114774114
61,1.6535286935286937
62,1.6524053724053724
63,1.7478876678876678
64,1.7647374847374848
65,1.665885225885226
66,1.6434188034188033
67,1.757997557997558
68,1.7748473748473748
69,1.6613919413919414
70,1.6647619047619049
71,1.775970695970696
72,1.7692307692307692
73,1.6681318681318682
74,1.6546520146520147
75,1.768107448107448
76,1.784957264957265
77,1.658021978021978
78,1.659145299145299
79,1.7714774114774114
80,1.7872039072039072
81,1.6613919413919414
82,1.677118437118437
83,1.7984371184371184
84,1.7815873015873016
85,1.678241758241758
86,1.6737484737484738
87,1.7928205128205128
88,1.7916971916971918
89,1.675995115995116
90,1.677118437118437
91,1.7916971916971918
92,1.7973137973137974
93,1.675995115995116
94,1.6804884004884004
95,1.8063003663003665
96,1.7984371184371184
97,1.677118437118437
98,1.6984615384615385
99,1.804053724053724
100,1.7984371184371184
101,1.684981684981685
102,1.6917216117216116
103,1.804053724053724
104,1.7984371184371184
105,1.675995115995116
106,1.6917216117216116
107,1.820903540903541
108,1.7916971916971918
109,1.665885225885226
110,1.6894749694749696
111,1.8175335775335768
112,1.8051770451770448
113,1.6748717948717948
114,1.6984615384615385
115,1.82989010989011
116,1.800683760683761
117,1.6703785103785105
118,1.704078144078144
119,1.825396825396825
120,1.7916971916971918
121,1.6894749694749696
122,1.7085714285714286
123,1.822026862026862
124,1.8096703296703296
125,1.6905982905982906
126,1.722051282051282
127,1.827643467643468
128,1.8018070818070813
129,1.6793650793650794
130,1.710818070818071
131,1.8343833943833945
132,1.7905738705738703
133,1.6793650793650794
134,1.7332844932844933
135,1.832136752136752
136,1.7939438339438338
137,1.677118437118437
138,1.7366544566544566
139,1.8377533577533576
140,1.7995604395604397
141,1.6883516483516483
142,1.7231746031746031
143,1.8512332112332115
144,1.7995604395604397
145,1.6827350427350427
146,1.738901098901099
147,1.8467399267399267
148,1.8051770451770448
149,1.7063247863247863
150,1.7726007326007327
151,1.8984126984126983
152,1.871452991452992
153,1.783833943833944
154,1.8467399267399267
155,1.9467155067155064
156,1.8849328449328449
157,1.7692307692307692
158,1.825396825396825
159,1.9197557997558
160,1.842246642246642
161,1.705201465201465
162,1.7467643467643468
163,1.8523565323565323
164,1.7815873015873016
165,1.6726251526251523
166,1.72991452991453
167,1.825396825396825
168,1.7726007326007327
169,1.6748717948717948
170,1.74002442002442
171,1.8467399267399267
172,1.7422710622710622
173,1.6703785103785105
174,1.8613431013431008
175,2.276971916971917
176,2.702710622710623
177,3.016117216117216
178,3.196971916971917
179,2.995897435897436
180,2.451086691086691
181,1.947838827838828
182,1.822026862026862
183,1.831013431013431
184,1.722051282051282
185,1.6063492063492064
186,1.6524053724053724
187,1.7254212454212454
188,1.6501587301587302
189,1.558046398046398
190,1.6254456654456657
191,1.7063247863247863
192,1.6276923076923078
193,1.5423199023199023
194,1.6254456654456657
195,1.6984615384615385
196,1.6344322344322344
197,1.5557997557997558
198,1.638925518925519
199,1.713064713064713
200,1.64004884004884
201,1.574896214896215
202,1.6524053724053724
203,1.7231746031746031
204,1.638925518925519
205,1.586129426129426
206,1.675995115995116
207,1.7411477411477412
208,1.6411721611721612
209,1.5805128205128205
210,1.677118437118437
211,1.7523809523809524
212,1.6625152625152626
213,1.5996092796092796
214,1.6827350427350427
215,1.768107448107448
216,1.6872283272283273
217,1.6467887667887668
218,1.7456410256410255
219,1.8096703296703296
220,1.7175579975579975
221,1.6905982905982906
222,1.7905738705738703
223,1.8467399267399267
224,1.7894505494505497
225,1.757997557997558
226,1.883809523809524
227,1.948962148962149
228,1.8725763125763129
229,1.847863247863248
230,1.952332112332112
231,2.0107448107448107
232,1.9253724053724053
233,1.8927960927960927
234,1.968058608058608
235,1.966935286935287
236,1.8287667887667889
237,1.7523809523809524
238,1.804053724053724
239,1.7995604395604397
240,1.658021978021978
241,1.6108424908424908
242,1.6872283272283273
243,1.7063247863247863
244,1.5816361416361415
245,1.5423199023199023
246,1.638925518925519
247,1.667008547008547
248,1.558046398046398
249,1.5265934065934066
250,1.6490354090354091
251,1.6827350427350427
252,1.5692796092796093
253,1.5423199023199023
254,1.6512820512820512
255,1.683858363858364
256,1.5782661782661782
257,1.5636630036630037
258,1.656898656898657
259,1.6917216117216116
260,1.5782661782661782
261,1.5501831501831502
262,1.6737484737484738
263,1.6950915750915752
264,1.5793894993894997
265,1.568156288156288
266,1.678241758241758
267,1.7007081807081808
268,1.5917460317460317
269,1.586129426129426
270,1.7063247863247863
271,1.7254212454212454
272,1.6142124542124543
273,1.604102564102564
274,1.7153113553113553
275,1.738901098901099
276,1.632185592185592
277,1.615335775335775
278,1.713064713064713
279,1.7254212454212454
280,1.6231990231990232
281,1.6187057387057386
282,1.7344078144078143
283,1.7433943833943837
284,1.6265689865689863
285,1.636678876678877
286,1.7535042735042734
287,1.7546275946275949
288,1.6355555555555557
289,1.6378021978021975
290,1.768107448107448
291,1.7591208791208792
292,1.6422954822954825
293,1.6456654456654456
294,1.7613675213675213
295,1.7546275946275949
296,1.6445421245421246
297,1.6546520146520147
298,1.7647374847374848
299,1.7478876678876678
300,1.6411721611721612
301,1.6524053724053724
302,1.7714774114774114
303,1.7714774114774114
304,1.658021978021978
305,1.6692551892551892
306,1.7883272283272282
307,1.7737240537240535
308,1.6535286935286937
309,1.659145299145299
310,1.7804639804639804
311,1.7703540903540904
312,1.6512820512820512
313,1.656898656898657
314,1.7815873015873016
315,1.7804639804639804
316,1.6681318681318682
317,1.6950915750915752
318,1.8175335775335768
319,1.795067155067155
320,1.6816117216117217
321,1.6905982905982906
322,1.7905738705738703
323,1.768107448107448
324,1.6490354090354091
325,1.6703785103785105
326,1.7995604395604397
327,1.7782173382173383
328,1.6793650793650794
329,1.7085714285714286
330,1.8175335775335768
331,1.7872039072039072
332,1.6748717948717948
333,1.704078144078144
334,1.804053724053724
335,1.7737240537240535
336,1.6602686202686203
337,1.6905982905982906
338,1.8186568986568987
339,1.7939438339438338
340,1.677118437118437
341,1.7186813186813186
342,1.8343833943833945
343,1.7827106227106226
344,1.667008547008547
345,1.713064713064713
346,1.8242735042735043
347,1.800683760683761
348,1.677118437118437
349,1.710818070818071
350,1.827643467643468
351,1.7804639804639804
352,1.6636385836385836
353,1.7096947496947497
354,1.831013431013431
355,1.7782173382173383
356,1.667008547008547
357,1.7141880341880342
358,1.831013431013431
359,1.7860805860805862
360,1.6883516483516483
361,1.756874236874237
362,1.871452991452992
363,1.855726495726496
364,1.7602442002442005
365,1.8242735042735043
366,1.9422222222222223
367,1.89953601953602
368,1.7905738705738703
369,1.8287667887667889
370,1.9242490842490845
371,1.842246642246642
372,1.7074481074481074
373,1.737777777777778
374,1.8332600732600728
375,1.779340659340659
376,1.665885225885226
377,1.7265445665445665
378,1.8175335775335768
379,1.7726007326007327
380,1.6737484737484738
381,1.7231746031746031
382,1.82989010989011
383,1.777094017094017
384,1.6378021978021975
385,1.6737484737484738
386,1.87931623931624
387,2.107350427350428
388,2.496019536019536
389,2.989157509157509
390,3.213821733821734
391,2.845372405372405
392,2.311794871794872
393,1.9927716727716729
394,1.8927960927960927
395,1.7523809523809524
396,1.6411721611721612
397,1.686105006105006
398,1.7591208791208792
399,1.683858363858364
400,1.592869352869353
401,1.6378021978021975
402,1.7254212454212454
403,1.6557753357753358
404,1.5647863247863247
405,1.6422954822954825
406,1.74002442002442
407,1.658021978021978
408,1.5771428571428572
409,1.6703785103785105
410,1.756874236874237
411,1.686105006105006
412,1.6074725274725274
413,1.686105006105006
414,1.7636141636141636
415,1.678241758241758
416,1.6074725274725274
417,1.693968253968254
418,1.7647374847374848
419,1.7074481074481074
420,1.6378021978021975
421,1.7153113553113553
422,1.7905738705738703
423,1.7153113553113553
424,1.6490354090354091
425,1.7287912087912087
426,1.8063003663003665
427,1.7332844932844933
428,1.6872283272283273
429,1.7815873015873016
430,1.8568498168498169
431,1.7804639804639804
432,1.7265445665445665
433,1.82989010989011
434,1.89953601953602
435,1.8186568986568987
436,1.8018070818070813
437,1.9107692307692308
438,1.986031746031746
439,1.913015873015873
440,1.881562881562881
441,2.002881562881563
442,2.0781440781440783
443,1.993894993894994
444,1.9377289377289373
445,2.020854700854701
446,2.046691086691087
447,1.9085225885225885
448,1.84
449,1.8961660561660565
450,1.904029304029304
451,1.7714774114774114
452,1.6816117216117217
453,1.749010989010989
454,1.7827106227106226
455,1.6625152625152626
456,1.5996092796092796
457,1.6905982905982906
458,1.7242979242979244
459,1.6164590964590964
460,1.5894993894993894
461,1.683858363858364
462,1.7332844932844933
463,1.6276923076923078
464,1.5816361416361415
465,1.6816117216117217
466,1.7153113553113553
467,1.632185592185592
468,1.5883760683760684
469,1.6905982905982906
470,1.7265445665445665
471,1.6243223443223442
472,1.5951159951159952
473,1.6928449328449329
474,1.74002442002442
475,1.6344322344322344
476,1.615335775335775
477,1.7209279609279609
478,1.7546275946275949
479,1.6467887667887668
480,1.6231990231990232
481,1.7344078144078143
482,1.7557509157509157
483,1.6546520146520147
484,1.6265689865689863
485,1.7422710622710622
486,1.7714774114774114
487,1.6625152625152626
488,1.6422954822954825
489,1.75013431013431
490,1.7714774114774114
491,1.683858363858364
492,1.6512820512820512
493,1.757997557997558
494,1.7804639804639804
495,1.6793650793650794
496,1.6535286935286937
497,1.7546275946275949
498,1.7916971916971918
499,1.6793650793650794
500,1.6737484737484738
501,1.7737240537240535
502,1.784957264957265
503,1.6804884004884004
504,1.6726251526251523
505,1.7726007326007327
506,1.7872039072039072
507,1.6816117216117217
508,1.6681318681318682
509,1.7815873015873016
510,1.7995604395604397
511,1.6827350427350427
512,1.6692551892551892
513,1.784957264957265
514,1.7872039072039072
515,1.686105006105006
516,1.6804884004884004
517,1.779340659340659
518,1.783833943833944
519,1.6726251526251523
520,1.6692551892551892
521,1.7905738705738703
522,1.7939438339438338
523,1.677118437118437
524,1.6726251526251523
525,1.784957264957265
526,1.7804639804639804
527,1.678241758241758
528,1.686105006105006
529,1.7872039072039072
530,1.795067155067155
531,1.678241758241758
532,1.6905982905982906
533,1.804053724053724
534,1.7973137973137974
535,1.6816117216117217
536,1.693968253968254
537,1.7973137973137974
538,1.7916971916971918
539,1.6737484737484738
540,1.6950915750915752
541,1.804053724053724
542,1.800683760683761
543,1.6928449328449329
544,1.7074481074481074
545,1.8096703296703296
546,1.802930402930403
547,1.693968253968254
548,1.704078144078144
549,1.8074236874236875
550,1.7973137973137974
551,1.6816117216117217
552,1.6973382173382174
553,1.8164102564102564
554,1.8152869352869352
555,1.683858363858364
556,1.7085714285714286
557,1.8107936507936508
558,1.802930402930403
559,1.6816117216117217
560,1.7074481074481074
561,1.823150183150183
562,1.8085470085470088
563,1.686105006105006
564,1.7063247863247863
565,1.8388766788766788
566,1.800683760683761
567,1.6793650793650794
568,1.7242979242979244
569,1.832136752136752
570,1.8063003663003665
571,1.704078144078144
572,1.74002442002442
573,1.8613431013431008
574,1.8534798534798536
575,1.7557509157509157
576,1.823150183150183
577,1.9366056166056167
578,1.8849328449328449
579,1.775970695970696
580,1.8085470085470088
581,1.9107692307692308
582,1.8624664224664225
583,1.7287912087912087
584,1.7456410256410255
585,1.8366300366300363
586,1.7939438339438338
587,1.683858363858364
588,1.7096947496947497
589,1.811916971916972
590,1.7883272283272282
591,1.6715018315018315
592,1.7018315018315018
593,1.811916971916972
594,1.7995604395604397
595,1.667008547008547
596,1.7085714285714286
597,1.935482295482296
598,2.2073260073260075
599,2.5926251526251525
600,3.0554334554334552
601,3.3396336996336995
602,3.014993894993895
603,2.425250305250305
604,2.0287179487179485
605,1.911892551892552
606,1.7658608058608058
607,1.632185592185592
608,1.6512820512820512
609,1.74002442002442
610,1.675995115995116
611,1.5602930402930404
612,1.6063492063492064
613,1.693968253968254
614,1.6501587301587302
615,1.541196581196581
616,1.593992673992674
617,1.6984615384615385
618,1.6546520146520147
619,1.5456898656898657
620,1.6018559218559218
621,1.7018315018315018
622,1.6557753357753358
623,1.558046398046398
624,1.6187057387057386
625,1.7175579975579975
626,1.6613919413919414
627,1.565909645909646
628,1.6411721611721612
629,1.7433943833943837
630,1.6726251526251523
631,1.5872527472527471
632,1.6512820512820512
633,1.7478876678876678
634,1.686105006105006
635,1.6097191697191695
636,1.6816117216117217
637,1.7692307692307692
638,1.713064713064713
639,1.6243223443223442
640,1.704078144078144
641,1.8085470085470088
642,1.7445177045177045
643,1.675995115995116
644,1.757997557997558
645,1.8590964590964592
646,1.8096703296703296
647,1.7456410256410255
648,1.843369963369964
649,1.9500854700854704
650,1.8984126984126983
651,1.8343833943833945
652,1.9298656898656896
653,2.041074481074481
654,1.9882783882783883
655,1.8984126984126983
656,1.957948717948718
657,2.030964590964591
658,1.914139194139194
659,1.8074236874236875
660,1.825396825396825
661,1.8658363858363856
662,1.7422710622710622
663,1.6546520146520147
664,1.6995848595848595
665,1.7411477411477412
666,1.636678876678877
667,1.5726495726495726
668,1.6512820512820512
669,1.7007081807081808
670,1.6052258852258852
671,1.5445665445665446
672,1.6231990231990232
673,1.7063247863247863
674,1.6164590964590964
675,1.5445665445665446
676,1.6276923076923078
677,1.693968253968254
678,1.604102564102564
679,1.5513064713064713
680,1.647912087912088
681,1.7096947496947497
682,1.6142124542124543
683,1.5602930402930404
684,1.6647619047619049
685,1.722051282051282
686,1.6175824175824176
687,1.5692796092796093
688,1.675995115995116
689,1.7198046398046398
690,1.620952380952381
691,1.5771428571428572
692,1.6962148962148962
693,1.74002442002442
694,1.6422954822954825
695,1.593992673992674
696,1.6984615384615385
697,1.7355311355311356
698,1.6445421245421246
699,1.6175824175824176
700,1.722051282051282
701,1.7478876678876678
702,1.6524053724053724
703,1.6187057387057386
704,1.7276678876678877
705,1.7737240537240535
706,1.6647619047619049
707,1.631062271062271
708,1.7344078144078143
709,1.779340659340659
710,1.6602686202686203
711,1.6276923076923078
712,1.7456410256410255
713,1.768107448107448
714,1.6737484737484738
715,1.6411721611721612
716,1.7355311355311356
717,1.7726007326007327
718,1.6827350427350427
719,1.6546520146520147
720,1.7535042735042734
721,1.7872039072039072
722,1.677118437118437
723,1.6524053724053724
724,1.7602442002442005
725,1.7860805860805862
726,1.6827350427350427
727,1.6546520146520147
728,1.7535042735042734
729,1.779340659340659
730,1.6793650793650794
731,1.6647619047619049
732,1.7748473748473748
733,1.7984371184371184
734,1.675995115995116
735,1.659145299145299
736,1.7647374847374848
737,1.783833943833944
738,1.684981684981685
739,1.6681318681318682
740,1.779340659340659
741,1.7984371184371184
742,1.678241758241758
743,1.6602686202686203
744,1.7669841269841269
745,1.7984371184371184
746,1.6827350427350427
747,1.6726251526251523
748,1.7815873015873016
749,1.8018070818070813
750,1.675995115995116
751,1.6715018315018315
752,1.7737240537240535
753,1.7827106227106226
754,1.6715018315018315
755,1.675995115995116
756,1.796190476190476
757,1.8018070818070813
758,1.6726251526251523
759,1.6681318681318682
760,1.7872039072039072
761,1.7939438339438338
762,1.684981684981685
763,1.6894749694749696
764,1.811916971916972
765,1.795067155067155
766,1.683858363858364
767,1.6816117216117217
768,1.8018070818070813
769,1.7827106227106226
770,1.667008547008547
771,1.675995115995116
772,1.8018070818070813
773,1.7894505494505497
774,1.678241758241758
775,1.6827350427350427
776,1.802930402930403
777,1.795067155067155
778,1.678241758241758
779,1.6928449328449329
780,1.802930402930403
781,1.7804639804639804
782,1.6613919413919414
783,1.678241758241758
784,1.8096703296703296
785,1.820903540903541
786,1.7018315018315018
787,1.731037851037851
788,1.8826862026862028
789,1.8883028083028084
790,1.7714774114774114
791,1.7737240537240535
792,1.8849328449328449
793,1.869206349206349
794,1.7422710622710622
795,1.7478876678876678
796,1.8444932844932844
797,1.800683760683761
798,1.6681318681318682
799,1.678241758241758
800,1.7939438339438338
801,1.7726007326007327
802,1.6557753357753358
803,1.6804884004884004
804,1.7860805860805862
805,1.7737240537240535
806,1.658021978021978
807,1.675995115995116
808,1.7748473748473748
809,1.7467643467643468
810,1.75013431013431
811,2.0803907203907204
812,2.707203907203908
813,3.0925030525030524
814,3.094749694749695
815,2.791452991452992
816,2.465689865689866
817,2.0365811965811966
818,1.7254212454212454
819,1.678241758241758
820,1.7624908424908423
821,1.7074481074481074
822,1.5793894993894997
823,1.6018559218559218
824,1.6973382173382174
825,1.6524053724053724
826,1.5277167277167276
827,1.5647863247863247
828,1.6905982905982906
829,1.667008547008547
830,1.5602930402930404
831,1.5984859584859583
832,1.6995848595848595
833,1.6681318681318682
834,1.5513064713064713
835,1.6052258852258852
836,1.7063247863247863
837,1.6625152625152626
838,1.5636630036630037
839,1.620952380952381
840,1.7287912087912087
841,1.6872283272283273
842,1.5692796092796093
843,1.6187057387057386
844,1.731037851037851
845,1.6984615384615385
846,1.5984859584859583
847,1.6467887667887668
848,1.757997557997558
849,1.7276678876678877
850,1.620952380952381
851,1.6793650793650794
852,1.7939438339438338
853,1.7422710622710622
854,1.656898656898657
855,1.7175579975579975
856,1.8388766788766788
857,1.7984371184371184
858,1.722051282051282
859,1.8164102564102564
860,1.9343589743589744
861,1.9017826617826616
862,1.811916971916972
863,1.8984126984126983
864,2.025347985347985
865,1.9714285714285715
866,1.891672771672772
867,1.9613186813186807
868,2.048937728937729
869,1.975921855921856
870,1.874822954822955
871,1.911892551892552
872,1.9545787545787543
873,1.8377533577533576
874,1.7164346764346765
875,1.738901098901099
876,1.7872039072039072
877,1.6726251526251523
878,1.565909645909646
879,1.6175824175824176
880,1.678241758241758
881,1.6063492063492064
882,1.5254700854700856
883,1.615335775335775
884,1.6962148962148962
885,1.6052258852258852
886,1.5243467643467643
887,1.592869352869353
888,1.6715018315018315
889,1.585006105006105
890,1.5322100122100122
891,1.613089133089133
892,1.6737484737484738
893,1.5883760683760684
894,1.5344566544566545
895,1.6220757020757022
896,1.6827350427350427
897,1.5996092796092796
898,1.547936507936508
899,1.6378021978021975
900,1.6905982905982906
901,1.5973626373626373
902,1.5378266178266178
903,1.6456654456654456
904,1.6928449328449329
905,1.6097191697191695
906,1.574896214896215
907,1.658021978021978
908,1.7096947496947497
909,1.6220757020757022
910,1.5872527472527471
911,1.683858363858364
912,1.7366544566544566
913,1.6333089133089134
914,1.5917460317460317
915,1.7007081807081808
916,1.7557509157509157
917,1.6467887667887668
918,1.6063492063492064
919,1.713064713064713
920,1.756874236874237
921,1.6422954822954825
922,1.6276923076923078
923,1.7422710622710622
924,1.7658608058608058
925,1.6524053724053724
926,1.6220757020757022
927,1.7445177045177045
928,1.7557509157509157
929,1.6445421245421246
930,1.6254456654456657
931,1.7478876678876678
932,1.7703540903540904
933,1.6490354090354091
934,1.6276923076923078
935,1.749010989010989
936,1.7703540903540904
937,1.6524053724053724
938,1.6445421245421246
939,1.7669841269841269
940,1.7726007326007327
941,1.658021978021978
942,1.6602686202686203
943,1.7737240537240535
944,1.7827106227106226
945,1.658021978021978
946,1.656898656898657
947,1.7782173382173383
948,1.7782173382173383
949,1.6512820512820512
950,1.6524053724053724
951,1.7669841269841269
952,1.784957264957265
953,1.6737484737484738
954,1.6681318681318682
955,1.7905738705738703
956,1.7860805860805862
957,1.6715018315018315
958,1.684981684981685
959,1.7905738705738703
960,1.7827106227106226
961,1.677118437118437
962,1.6872283272283273
963,1.7894505494505497
964,1.7872039072039072
965,1.684981684981685
966,1.6872283272283273
967,1.7973137973137974
968,1.8018070818070813
969,1.686105006105006
970,1.7018315018315018
971,1.8074236874236875
972,1.811916971916972
973,1.6950915750915752
974,1.6928449328449329
975,1.8096703296703296
976,1.800683760683761
977,1.6827350427350427
978,1.6995848595848595
979,1.8085470085470088
980,1.7916971916971918
981,1.6737484737484738
982,1.7085714285714286
983,1.820903540903541
984,1.8164102564102564
985,1.710818070818071
986,1.7433943833943837
987,1.866959706959707
988,1.869206349206349
989,1.768107448107448
990,1.81978021978022
991,1.941098901098901
992,1.8984126984126983
993,1.7928205128205128
994,1.8152869352869352
995,1.904029304029304
996,1.8444932844932844
997,1.7231746031746031
998,1.7456410256410255
999,1.832136752136752
1000,1.7973137973137974
1001,1.6804884004884004
1002,1.7074481074481074
1003,1.822026862026862
1004,1.7815873015873016
1005,1.6681318681318682
1006,1.704078144078144
1007,1.823150183150183
1008,1.7894505494505497
1009,1.6445421245421246
1010,1.7209279609279609
1011,2.0242246642246644
1012,2.4016605616605617
1013,2.792576312576313
1014,3.14979242979243
1015,3.2014652014652016
1016,2.751013431013431
1017,2.1713797313797314
1018,1.874822954822955
1019,1.8467399267399267
1020,1.756874236874237
1021,1.6254456654456657
1022,1.6636385836385836
1023,1.7411477411477412
1024,1.6827350427350427
1025,1.5715262515262516
1026,1.6164590964590964
1027,1.7287912087912087
1028,1.6625152625152626
1029,1.558046398046398
1030,1.631062271062271
1031,1.738901098901099
1032,1.6883516483516483
1033,1.585006105006105
1034,1.6378021978021975
1035,1.738901098901099
1036,1.678241758241758
1037,1.6007326007326008
1038,1.6602686202686203
1039,1.7535042735042734
1040,1.6973382173382174
1041,1.6085958485958487
1042,1.677118437118437
1043,1.7703540903540904
1044,1.7063247863247863
1045,1.6333089133089134
1046,1.704078144078144
1047,1.802930402930403
1048,1.74002442002442
1049,1.6434188034188033
1050,1.7198046398046398
1051,1.8152869352869352
1052,1.7546275946275949
1053,1.6748717948717948
1054,1.7523809523809524
1055,1.857973137973138
1056,1.7872039072039072
1057,1.7321611721611725
1058,1.8152869352869352
1059,1.9096459096459093
1060,1.8624664224664225
1061,1.8063003663003665
1062,1.8883028083028084
1063,1.995018315018315
1064,1.9545787545787543
1065,1.9017826617826616
1066,1.983785103785104
1067,2.0815140415140414
1068,2.021978021978022
1069,1.935482295482296
1070,1.991648351648352
1071,2.043321123321124
1072,1.9242490842490845
1073,1.7939438339438338
1074,1.823150183150183
1075,1.87931623931624
1076,1.7658608058608058
1077,1.6535286935286937
1078,1.7074481074481074
1079,1.75013431013431
1080,1.6535286935286937
1081,1.576019536019536
1082,1.6535286935286937
1083,1.7186813186813186
1084,1.6299389499389498
1085,1.5614163614163614
1086,1.6546520146520147
1087,1.710818070818071
1088,1.632185592185592
1089,1.565909645909646
1090,1.6445421245421246
1091,1.722051282051282
1092,1.6333089133089134
1093,1.5704029304029303
1094,1.6602686202686203
1095,1.7254212454212454
1096,1.6456654456654456
1097,1.574896214896215
1098,1.6703785103785105
1099,1.7231746031746031
1100,1.6512820512820512
1101,1.574896214896215
1102,1.6557753357753358
1103,1.7332844932844933
1104,1.6490354090354091
1105,1.5917460317460317
1106,1.6917216117216116
1107,1.7445177045177045
1108,1.659145299145299
1109,1.6074725274725274
1110,1.6973382173382174
1111,1.7535042735042734
1112,1.6647619047619049
1113,1.620952380952381
1114,1.7153113553113553
1115,1.7692307692307692
1116,1.677118437118437
1117,1.6265689865689863
1118,1.7231746031746031
1119,1.7782173382173383
1120,1.6928449328449329
1121,1.632185592185592
1122,1.7242979242979244
1123,1.7804639804639804
1124,1.684981684981685
1125,1.6456654456654456
1126,1.7478876678876678
1127,1.784957264957265
1128,1.6872283272283273
1129,1.6434188034188033
1130,1.74002442002442
1131,1.7827106227106226
1132,1.6973382173382174
1133,1.6512820512820512
1134,1.7456410256410255
1135,1.802930402930403
1136,1.6928449328449329
1137,1.6625152625152626
1138,1.7523809523809524
1139,1.7916971916971918
1140,1.7007081807081808
1141,1.658021978021978
1142,1.7591208791208792
1143,1.7928205128205128
1144,1.7018315018315018
1145,1.6613919413919414
1146,1.757997557997558
1147,1.7916971916971918
1148,1.7074481074481074
1149,1.6647619047619049
1150,1.7669841269841269
1151,1.8051770451770448
1152,1.711941391941392
1153,1.6726251526251523
1154,1.7692307692307692
1155,1.802930402930403
1156,1.713064713064713
1157,1.6681318681318682
1158,1.7714774114774114
1159,1.811916971916972
1160,1.7096947496947497
1161,1.6647619047619049
1162,1.7658608058608058
1163,1.813040293040293
1164,1.710818070818071
1165,1.6647619047619049
1166,1.775970695970696
1167,1.8051770451770448
1168,1.705201465201465
1169,1.6692551892551892
1170,1.777094017094017
1171,1.8051770451770448
1172,1.7074481074481074
1173,1.667008547008547
1174,1.7782173382173383
1175,1.7995604395604397
1176,1.7063247863247863
1177,1.678241758241758
1178,1.7916971916971918
1179,1.8164102564102564
1180,1.7018315018315018
1181,1.6883516483516483
1182,1.8063003663003665
1183,1.8152869352869352
1184,1.6984615384615385
1185,1.683858363858364
1186,1.8141636141636144
1187,1.825396825396825
1188,1.7085714285714286
1189,1.7063247863247863
1190,1.813040293040293
1191,1.8366300366300363
1192,1.7445177045177045
1193,1.7523809523809524
1194,1.874822954822955
1195,1.9017826617826616
1196,1.8152869352869352
1197,1.8063003663003665
1198,1.89953601953602
1199,1.904029304029304
1200,1.7860805860805862
1201,1.777094017094017
1202,1.8590964590964592
1203,1.8332600732600728
1204,1.6973382173382174
1205,1.7018315018315018
1206,1.8107936507936508
1207,1.8018070818070813
1208,1.6816117216117217
1209,1.684981684981685
1210,1.802930402930403
1211,1.7815873015873016
1212,1.6647619047619049
1213,1.704078144078144
1214,1.813040293040293
1215,1.7860805860805862
1216,1.7265445665445665
1217,1.9804151404151404
1218,2.5184859584859587
1219,3.004884004884005
1220,3.183492063492064
1221,3.104859584859585
1222,2.789206349206349
1223,2.276971916971917
1224,1.8355067155067155
1225,1.711941391941392
1226,1.7883272283272282
1227,1.737777777777778
1228,1.586129426129426
1229,1.6063492063492064
1230,1.693968253968254
1231,1.6726251526251523
1232,1.5434432234432234
1233,1.5625396825396825
1234,1.6816117216117217
1235,1.6557753357753358
1236,1.5456898656898657
1237,1.5704029304029303
1238,1.6917216117216116
1239,1.6613919413919414
1240,1.5501831501831502
1241,1.5894993894993894
1242,1.6995848595848595
1243,1.6737484737484738
1244,1.567032967032967
1245,1.6085958485958487
1246,1.7186813186813186
1247,1.6872283272283273
1248,1.5917460317460317
1249,1.6254456654456657
1250,1.7287912087912087
1251,1.702954822954823
1252,1.5883760683760684
1253,1.6220757020757022
1254,1.7546275946275949
1255,1.7242979242979244
1256,1.6063492063492064
1257,1.6512820512820512
1258,1.7860805860805862
1259,1.7624908424908423
1260,1.647912087912088
1261,1.7085714285714286
1262,1.822026862026862
1263,1.8018070818070813
1264,1.713064713064713
1265,1.7546275946275949
1266,1.893919413919414
1267,1.8658363858363856
1268,1.7883272283272282
1269,1.8523565323565323
1270,1.9882783882783883
1271,1.9781684981684984
1272,1.8781929181929184
1273,1.932112332112332
1274,2.059047619047619
1275,2.0096214896214897
1276,1.871452991452992
1277,1.8871794871794871
1278,1.955702075702076
1279,1.8781929181929184
1280,1.7287912087912087
1281,1.7276678876678877
1282,1.7973137973137974
1283,1.7175579975579975
1284,1.586129426129426
1285,1.6288156288156288
1286,1.722051282051282
1287,1.659145299145299
1288,1.5434432234432234
1289,1.6108424908424908
1290,1.7153113553113553
1291,1.6434188034188033
1292,1.5456898656898657
1293,1.5984859584859583
1294,1.713064713064713
1295,1.6490354090354091
1296,1.54007326007326
1297,1.604102564102564
1298,1.7018315018315018
1299,1.659145299145299
1300,1.5602930402930404
1301,1.6142124542124543
1302,1.7175579975579975
1303,1.675995115995116
1304,1.5625396825396825
1305,1.6187057387057386
1306,1.7175579975579975
1307,1.677118437118437
1308,1.573772893772894
1309,1.6411721611721612
1310,1.7422710622710622
1311,1.677118437118437
1312,1.5782661782661782
1313,1.659145299145299
1314,1.756874236874237
1315,1.6804884004884004
1316,1.5838827838827838
1317,1.6636385836385836
1318,1.7535042735042734
1319,1.6827350427350427
1320,1.5872527472527471
1321,1.6703785103785105
1322,1.768107448107448
1323,1.7018315018315018
1324,1.6142124542124543
1325,1.6681318681318682
1326,1.7613675213675213
1327,1.6905982905982906
1328,1.6175824175824176
1329,1.6950915750915752
1330,1.775970695970696
1331,1.6995848595848595
1332,1.61982905982906
1333,1.6883516483516483
1334,1.757997557997558
1335,1.6793650793650794
1336,1.6231990231990232
1337,1.6950915750915752
1338,1.7703540903540904
1339,1.693968253968254
1340,1.6142124542124543
1341,1.6950915750915752
1342,1.784957264957265
1343,1.7007081807081808
1344,1.6097191697191695
1345,1.6973382173382174
1346,1.7815873015873016
1347,1.711941391941392
1348,1.6411721611721612
1349,1.7198046398046398
1350,1.7995604395604397
1351,1.711941391941392
1352,1.64004884004884
1353,1.7366544566544566
1354,1.8018070818070813
1355,1.702954822954823
1356,1.638925518925519
1357,1.74002442002442
1358,1.783833943833944
1359,1.702954822954823
1360,1.647912087912088
1361,1.72991452991453
1362,1.8018070818070813
1363,1.6984615384615385
1364,1.636678876678877
1365,1.737777777777778
1366,1.7928205128205128
1367,1.7018315018315018
1368,1.656898656898657
1369,1.7445177045177045
1370,1.7984371184371184
1371,1.7186813186813186
1372,1.6625152625152626
1373,1.749010989010989
1374,1.8018070818070813
1375,1.7287912087912087
1376,1.6816117216117217
1377,1.7827106227106226
1378,1.8444932844932844
1379,1.768107448107448
1380,1.7231746031746031
1381,1.813040293040293
1382,1.8647130647130647
1383,1.7726007326007327
1384,1.7074481074481074
1385,1.757997557997558
1386,1.775970695970696
1387,1.6804884004884004
1388,1.647912087912088
1389,1.7546275946275949
1390,1.7984371184371184
1391,1.6984615384615385
1392,1.6535286935286937
1393,1.7512576312576311
1394,1.7905738705738703
1395,1.693968253968254
1396,1.6535286935286937
1397,1.7478876678876678
1398,1.800683760683761
1399,1.6681318681318682
1400,1.6524053724053724
1401,1.904029304029304
1402,2.285958485958486
1403,2.6577777777777776
1404,2.9925274725274726
1405,3.1554090354090354
1406,2.8498656898656898
1407,2.303931623931624
1408,1.877069597069597
1409,1.7894505494505497
1410,1.777094017094017
1411,1.6445421245421246
1412,1.5984859584859583
1413,1.6928449328449329
1414,1.704078144078144
1415,1.5906227106227109
1416,1.558046398046398
1417,1.659145299145299
1418,1.6883516483516483
1419,1.5838827838827838
1420,1.5557997557997558
1421,1.6434188034188033
1422,1.677118437118437
1423,1.5883760683760684
1424,1.5793894993894997
1425,1.677118437118437
1426,1.6950915750915752
1427,1.5782661782661782
1428,1.565909645909646
1429,1.6872283272283273
1430,1.7242979242979244
1431,1.6085958485958487
1432,1.585006105006105
1433,1.710818070818071
1434,1.722051282051282
1435,1.6074725274725274
1436,1.5984859584859583
1437,1.7265445665445665
1438,1.7366544566544566
1439,1.6467887667887668
1440,1.6378021978021975
1441,1.7557509157509157
1442,1.7726007326007327
1443,1.6737484737484738
1444,1.6681318681318682
1445,1.7804639804639804
1446,1.813040293040293
1447,1.7141880341880342
1448,1.7242979242979244
1449,1.874822954822955
1450,1.89953601953602
1451,1.802930402930403
1452,1.831013431013431
1453,1.9613186813186807
1454,1.9927716727716729
1455,1.893919413919414
1456,1.9107692307692308
1457,2.02984126984127
1458,2.033211233211233
1459,1.927619047619048
1460,1.9006593406593408
1461,1.9792918192918192
1462,1.9343589743589744
1463,1.7714774114774114
1464,1.702954822954823
1465,1.784957264957265
1466,1.757997557997558
1467,1.6108424908424908
1468,1.5894993894993894
1469,1.677118437118437
1470,1.6715018315018315
1471,1.5569230769230769
1472,1.5344566544566545
1473,1.638925518925519
1474,1.6546520146520147
1475,1.5333333333333334
1476,1.5333333333333334
1477,1.6546520146520147
1478,1.6535286935286937
1479,1.5434432234432234
1480,1.54007326007326
1481,1.6613919413919414
1482,1.6557753357753358
1483,1.5513064713064713
1484,1.5569230769230769
1485,1.667008547008547
1486,1.6692551892551892
1487,1.5692796092796093
1488,1.6063492063492064
1489,1.7209279609279609
1490,1.7332844932844933
1491,1.6265689865689863
1492,1.6378021978021975
1493,1.7535042735042734
1494,1.711941391941392
1495,1.5614163614163614
1496,1.5602930402930404
1497,1.693968253968254
1498,1.7007081807081808
1499,1.5951159951159952
1500,1.6097191697191695
1501,1.7355311355311356
1502,1.7231746031746031
1503,1.5951159951159952
1504,1.5984859584859583
1505,1.7186813186813186
1506,1.705201465201465
1507,1.5883760683760684
1508,1.6142124542124543
1509,1.7242979242979244
1510,1.7209279609279609
1511,1.593992673992674
1512,1.611965811965812
1513,1.8355067155067155
1514,2.13992673992674
1515,2.5184859584859587
1516,2.93074481074481
1517,3.1104761904761906
1518,2.722930402930403
1519,2.1702564102564104
1520,1.832136752136752
1521,1.8063003663003665
1522,1.74002442002442
1523,1.5984859584859583
1524,1.5962393162393165
1525,1.7074481074481074
1526,1.677118437118437
1527,1.5535531135531135
1528,1.5692796092796093
1529,1.6737484737484738
1530,1.6445421245421246
1531,1.5378266178266178
1532,1.5647863247863247
1533,1.6827350427350427
1534,1.659145299145299
1535,1.546813186813187
1536,1.573772893772894
1537,1.6984615384615385
1538,1.6816117216117217
1539,1.5816361416361415
1540,1.6097191697191695
1541,1.7198046398046398
1542,1.6973382173382174
1543,1.5996092796092796
1544,1.6434188034188033
1545,1.749010989010989
1546,1.7231746031746031
1547,1.6220757020757022
1548,1.6726251526251523
1549,1.7804639804639804
1550,1.7591208791208792
1551,1.6557753357753358
1552,1.6917216117216116
1553,1.8186568986568987
1554,1.8051770451770448
1555,1.6905982905982906
1556,1.757997557997558
1557,1.883809523809524
1558,1.86021978021978
1559,1.7726007326007327
1560,1.8388766788766788
1561,1.963565323565324
1562,1.947838827838828
1563,1.871452991452992
1564,1.9242490842490845
1565,2.06017094017094
1566,2.0556776556776555
1567,1.9467155067155064
1568,1.9792918192918192
1569,2.0624175824175826
1570,2.002881562881563
1571,1.842246642246642
1572,1.832136752136752
1573,1.904029304029304
1574,1.820903540903541
1575,1.6602686202686203
1576,1.6804884004884004
1577,1.7669841269841269
1578,1.6995848595848595
1579,1.5726495726495726
1580,1.6052258852258852
1581,1.713064713064713
1582,1.6636385836385836
1583,1.538949938949939
1584,1.592869352869353
1585,1.7074481074481074
1586,1.6512820512820512
1587,1.5602930402930404
1588,1.6097191697191695
1589,1.7141880341880342
1590,1.6726251526251523
1591,1.567032967032967
1592,1.6074725274725274
1593,1.711941391941392
1594,1.6636385836385836
1595,1.573772893772894
1596,1.6288156288156288
1597,1.7321611721611725
1598,1.6905982905982906
1599,1.5917460317460317
1600,1.6333089133089134
1601,1.738901098901099
1602,1.693968253968254
1603,1.5973626373626373
1604,1.6501587301587302
1605,1.756874236874237
1606,1.7063247863247863
1607,1.611965811965812
1608,1.6748717948717948
1609,1.7658608058608058
1610,1.722051282051282
1611,1.6231990231990232
1612,1.6793650793650794
1613,1.7827106227106226
1614,1.7366544566544566
1615,1.6434188034188033
1616,1.6984615384615385
1617,1.7928205128205128
1618,1.737777777777778
1619,1.6490354090354091
1620,1.7085714285714286
1621,1.802930402930403
1622,1.7433943833943837
1623,1.6501587301587302
1624,1.7209279609279609
1625,1.8164102564102564
1626,1.7512576312576311
1627,1.6625152625152626
1628,1.7265445665445665
1629,1.8175335775335768
1630,1.756874236874237
1631,1.6613919413919414
1632,1.7287912087912087
1633,1.822026862026862
1634,1.7647374847374848
1635,1.665885225885226
1636,1.7332844932844933
1637,1.8355067155067155
1638,1.7669841269841269
1639,1.675995115995116
1640,1.74002442002442
1641,1.832136752136752
1642,1.7692307692307692
1643,1.665885225885226
1644,1.7287912087912087
1645,1.84
1646,1.7804639804639804
1647,1.6748717948717948
1648,1.737777777777778
1649,1.841123321123321
1650,1.7827106227106226
1651,1.6816117216117217
1652,1.7456410256410255
1653,1.832136752136752
1654,1.7669841269841269
1655,1.684981684981685
1656,1.7557509157509157
1657,1.84
1658,1.7647374847374848
1659,1.6894749694749696
1660,1.756874236874237
1661,1.8444932844932844
1662,1.777094017094017
1663,1.686105006105006
1664,1.7636141636141636
1665,1.8546031746031744
1666,1.7860805860805862
1667,1.6905982905982906
1668,1.7602442002442005
1669,1.85010989010989
1670,1.768107448107448
1671,1.6883516483516483
1672,1.7714774114774114
1673,1.8523565323565323
1674,1.784957264957265
1675,1.6995848595848595
1676,1.7815873015873016
1677,1.85010989010989
1678,1.7726007326007327
1679,1.705201465201465
1680,1.7804639804639804
1681,1.847863247863248
1682,1.7658608058608058
1683,1.7096947496947497
1684,1.7939438339438338
1685,1.847863247863248
1686,1.7624908424908423
1687,1.7007081807081808
1688,1.784957264957265
1689,1.8467399267399267
1690,1.7636141636141636
1691,1.705201465201465
1692,1.7928205128205128
1693,1.848986568986569
1694,1.7636141636141636
1695,1.704078144078144
1696,1.795067155067155
1697,1.8534798534798536
1698,1.768107448107448
1699,1.7063247863247863
1700,1.7928205128205128
1701,1.847863247863248
1702,1.7512576312576311
1703,1.713064713064713
1704,1.795067155067155
1705,1.847863247863248
1706,1.7658608058608058
1707,1.7096947496947497
1708,1.7973137973137974
1709,1.866959706959707
1710,1.7591208791208792
1711,1.7175579975579975
1712,1.8085470085470088
1713,1.8456166056166057
1714,1.757997557997558
1715,1.7141880341880342
1716,1.804053724053724
1717,1.8534798534798536
1718,1.749010989010989
1719,1.6984615384615385
1720,1.8164102564102564
1721,1.8456166056166057
1722,1.7445177045177045
1723,1.7141880341880342
1724,1.81978021978022
1725,1.8512332112332115
1726,1.7613675213675213
1727,1.705201465201465
1728,1.8085470085470088
1729,1.8725763125763129
1730,1.775970695970696
1731,1.74002442002442
1732,1.869206349206349
1733,1.9332356532356527
1734,1.8343833943833945
1735,1.8074236874236875
1736,1.902905982905983
1737,1.9377289377289373
1738,1.81978021978022
1739,1.784957264957265
1740,1.87931623931624
1741,1.8781929181929184
1742,1.74002442002442
1743,1.7175579975579975
1744,1.8186568986568987
1745,1.827643467643468
1746,1.7242979242979244
1747,1.7007081807081808
1748,1.800683760683761
1749,1.820903540903541
1750,1.7141880341880342
1751,1.7018315018315018
1752,1.81978021978022
1753,1.8265201465201464
1754,1.7332844932844933
1755,1.907399267399268
1756,2.407277167277168
1757,2.899291819291819
1758,3.1655189255189256
1759,3.2284249084249086
1760,2.981294261294261
1761,2.465689865689866
1762,1.9343589743589744
1763,1.7546275946275949
1764,1.784957264957265
1765,1.7546275946275949
1766,1.6254456654456657
1767,1.6029792429792429
1768,1.6950915750915752
1769,1.684981684981685
1770,1.5546764346764346
1771,1.568156288156288
1772,1.6883516483516483
1773,1.6647619047619049
1774,1.546813186813187
1775,1.5715262515262516
1776,1.6827350427350427
1777,1.665885225885226
1778,1.5614163614163614
1779,1.5894993894993894
1780,1.6917216117216116
1781,1.6816117216117217
1782,1.574896214896215
1783,1.5917460317460317
1784,1.711941391941392
1785,1.686105006105006
1786,1.5782661782661782
1787,1.6142124542124543
1788,1.7141880341880342
1789,1.6928449328449329
1790,1.593992673992674
1791,1.6265689865689863
1792,1.731037851037851
1793,1.722051282051282
1794,1.6074725274725274
1795,1.6344322344322344
1796,1.7636141636141636
1797,1.7355311355311356
1798,1.636678876678877
1799,1.6692551892551892
1800,1.804053724053724
1801,1.7916971916971918
1802,1.684981684981685
1803,1.7198046398046398
1804,1.8523565323565323
1805,1.8546031746031744
1806,1.7467643467643468
1807,1.7973137973137974
1808,1.9433455433455435
1809,1.9332356532356527
1810,1.8332600732600728
1811,1.8905494505494504
1812,2.02984126984127
1813,1.9983882783882785
1814,1.8725763125763129
1815,1.89953601953602
1816,1.9927716727716729
1817,1.914139194139194
1818,1.7535042735042734
1819,1.7669841269841269
1820,1.8377533577533576
1821,1.7467643467643468
1822,1.6108424908424908
1823,1.6355555555555557
1824,1.7276678876678877
1825,1.6804884004884004
1826,1.5513064713064713
1827,1.5906227106227109
1828,1.7018315018315018
1829,1.6501587301587302
1830,1.54007326007326
1831,1.5962393162393165
1832,1.693968253968254
1833,1.6546520146520147
1834,1.5501831501831502
1835,1.6029792429792429
1836,1.7153113553113553
1837,1.6467887667887668
1838,1.5692796092796093
1839,1.6243223443223442
1840,1.7198046398046398
1841,1.6625152625152626
1842,1.5715262515262516
1843,1.6299389499389498
1844,1.7276678876678877
1845,1.6692551892551892
1846,1.5704029304029303
1847,1.647912087912088
1848,1.7422710622710622
1849,1.686105006105006
1850,1.5894993894993894
1851,1.6490354090354091
1852,1.7445177045177045
1853,1.677118437118437
1854,1.6018559218559218
1855,1.6748717948717948
1856,1.7523809523809524
1857,1.677118437118437
1858,1.5962393162393165
1859,1.6715018315018315
1860,1.7658608058608058
1861,1.684981684981685
1862,1.6007326007326008
1863,1.6883516483516483
1864,1.768107448107448
1865,1.6950915750915752
1866,1.61982905982906
1867,1.6905982905982906
1868,1.768107448107448
1869,1.6917216117216116
1870,1.631062271062271
1871,1.7096947496947497
1872,1.783833943833944
1873,1.713064713064713
1874,1.6243223443223442
1875,1.6973382173382174
1876,1.7636141636141636
1877,1.6995848595848595
1878,1.620952380952381
1879,1.7007081807081808
1880,1.7905738705738703
1881,1.7018315018315018
1882,1.6355555555555557
1883,1.7198046398046398
1884,1.7782173382173383
1885,1.7096947496947497
1886,1.6333089133089134
1887,1.705201465201465
1888,1.7872039072039072
1889,1.6950915750915752
1890,1.636678876678877
1891,1.722051282051282
1892,1.7939438339438338
1893,1.6883516483516483
1894,1.64004884004884
1895,1.7198046398046398
1896,1.779340659340659
1897,1.705201465201465
1898,1.6355555555555557
1899,1.7186813186813186
1900,1.7737240537240535
1901,1.677118437118437
1902,1.6378021978021975
1903,1.7276678876678877
1904,1.783833943833944
1905,1.6950915750915752
1906,1.6333089133089134
1907,1.7366544566544566
1908,1.7782173382173383
1909,1.6816117216117217
1910,1.64004884004884
1911,1.7411477411477412
1912,1.7860805860805862
1913,1.6928449328449329
1914,1.658021978021978
1915,1.7523809523809524
1916,1.7815873015873016
1917,1.6883516483516483
1918,1.6512820512820512
1919,1.7512576312576311
1920,1.7883272283272282
1921,1.675995115995116
1922,1.658021978021978
1923,1.7669841269841269
1924,1.7894505494505497
1925,1.6793650793650794
1926,1.659145299145299
1927,1.7726007326007327
1928,1.795067155067155
1929,1.683858363858364
1930,1.6681318681318682
1931,1.7602442002442005
1932,1.7973137973137974
1933,1.6894749694749696
1934,1.6647619047619049
1935,1.777094017094017
1936,1.795067155067155
1937,1.6928449328449329
1938,1.6726251526251523
1939,1.7827106227106226
1940,1.784957264957265
1941,1.6950915750915752
1942,1.6816117216117217
1943,1.783833943833944
1944,1.8051770451770448
1945,1.6995848595848595
1946,1.6715018315018315
1947,1.768107448107448
1948,1.7726007326007327
1949,1.683858363858364
1950,1.6804884004884004
1951,1.811916971916972
1952,1.8534798534798536
1953,1.7737240537240535
1954,1.777094017094017
1955,1.8849328449328449
1956,1.8905494505494504
1957,1.777094017094017
1958,1.7692307692307692
1959,1.8658363858363856
1960,1.8613431013431008
1961,1.72991452991453
1962,1.6928449328449329
1963,1.7894505494505497
1964,1.7894505494505497
1965,1.6613919413919414
1966,1.6647619047619049
1967,1.7827106227106226
1968,1.775970695970696
1969,1.6625152625152626
1970,1.6793650793650794
1971,1.784957264957265
1972,1.7782173382173383
1973,1.659145299145299
1974,1.6231990231990232
1975,1.7546275946275949
1976,1.895042735042735
1977,2.09948717948718
1978,2.6105982905982907
1979,3.136312576312576
1980,3.20034188034188
1981,2.716190476190476
1982,2.278095238095238
1983,2.0275946275946275
1984,1.825396825396825
1985,1.6288156288156288
1986,1.6288156288156288
1987,1.7254212454212454
1988,1.686105006105006
1989,1.5647863247863247
1990,1.574896214896215
1991,1.6917216117216116
1992,1.6692551892551892
1993,1.5513064713064713
1994,1.5625396825396825
1995,1.6883516483516483
1996,1.6737484737484738
1997,1.5423199023199023
1998,1.5704029304029303
1999,1.7063247863247863
2000,1.677118437118437
2001,1.5704029304029303
2002,1.5883760683760684
2003,1.7231746031746031
2004,1.6894749694749696
2005,1.5793894993894997
2006,1.61982905982906
2007,1.7186813186813186
2008,1.6804884004884004
2009,1.592869352869353
2010,1.6265689865689863
2011,1.7523809523809524
2012,1.722051282051282
2013,1.6164590964590964
2014,1.6501587301587302
2015,1.7726007326007327
2016,1.72991452991453
2017,1.6142124542124543
2018,1.6827350427350427
2019,1.795067155067155
2020,1.7636141636141636
2021,1.665885225885226
2022,1.7276678876678877
2023,1.8534798534798536
2024,1.84
2025,1.7557509157509157
2026,1.827643467643468
2027,1.947838827838828
2028,1.920879120879121
2029,1.8265201465201464
2030,1.907399267399268
2031,2.0365811965811966
2032,1.991648351648352
2033,1.902905982905983
2034,1.9545787545787543
2035,2.043321123321124
2036,1.9703052503052505
2037,1.8265201465201464
2038,1.832136752136752
2039,1.8984126984126983
2040,1.804053724053724
2041,1.6501587301587302
2042,1.684981684981685
2043,1.768107448107448
2044,1.6726251526251523
2045,1.5513064713064713
2046,1.6175824175824176
2047,1.702954822954823
2048,1.6276923076923078
2049,1.5434432234432234
2050,1.604102564102564
2051,1.6894749694749696
2052,1.6288156288156288
2053,1.5288400488400489
2054,1.5984859584859583
2055,1.6950915750915752
2056,1.6355555555555557
2057,1.538949938949939
2058,1.6164590964590964
2059,1.7175579975579975
2060,1.6422954822954825
2061,1.5513064713064713
2062,1.6288156288156288
2063,1.7265445665445665
2064,1.6535286935286937
2065,1.565909645909646
2066,1.6490354090354091
2067,1.7355311355311356
2068,1.6647619047619049
2069,1.5805128205128205
2070,1.6546520146520147
2071,1.7366544566544566
2072,1.677118437118437
2073,1.6018559218559218
2074,1.6715018315018315
2075,1.7546275946275949
2076,1.686105006105006
2077,1.6164590964590964
2078,1.6827350427350427
2079,1.7726007326007327
2080,1.6962148962148962
2081,1.61982905982906
2082,1.702954822954823
2083,1.775970695970696
2084,1.6995848595848595
2085,1.6456654456654456
2086,1.731037851037851
2087,1.7883272283272282
2088,1.705201465201465
2089,1.6422954822954825
2090,1.7321611721611725
2091,1.8063003663003665
2092,1.704078144078144
2093,1.6434188034188033
2094,1.737777777777778
2095,1.8074236874236875
2096,1.7186813186813186
2097,1.6625152625152626
2098,1.7512576312576311
2099,1.8063003663003665
