DateTime,II
0,0.955946275946276
1,0.9312332112332112
2,0.9278632478632478
3,0.9581929181929182
4,0.9851526251526252
5,0.9873992673992674
6,0.9862759462759464
7,0.9806593406593408
8,0.9862759462759464
9,0.9986324786324786
10,1.002002442002442
11,0.9907692307692308
12,0.9806593406593408
13,0.976166056166056
14,0.9784126984126984
15,0.9975091575091576
16,0.9851526251526252
17,0.9683028083028083
18,0.9581929181929182
19,0.9424664224664224
20,0.9492063492063492
21,0.9638095238095238
22,0.9334798534798536
23,0.9121367521367522
24,0.902026862026862
25,0.9312332112332112
26,0.9368498168498168
27,0.9548229548229548
28,0.9604395604395604
29,0.966056166056166
30,1.0177289377289378
31,1.049181929181929
32,1.0896214896214895
33,1.1255677655677656
34,1.1783638583638585
35,1.221050061050061
36,1.3019291819291818
37,1.3468620268620268
38,1.4243711843711844
39,1.511990231990232
40,1.5838827838827838
41,1.6254456654456657
42,1.6737484737484738
43,1.7287912087912087
44,1.7872039072039072
45,1.84
46,1.8624664224664225
47,1.8905494505494504
48,1.8984126984126983
49,1.9006593406593408
50,1.9287423687423688
51,1.915262515262516
52,1.89953601953602
53,1.9253724053724053
54,1.9186324786324789
55,1.9388522588522588
56,1.963565323565324
57,1.9882783882783883
58,2.032087912087912
59,2.077020757020757
60,2.087130647130647
61,2.093870573870574
62,2.087130647130647
63,2.069157509157509
64,2.03995115995116
65,2.004004884004884
66,1.9422222222222223
67,1.904029304029304
68,1.8265201465201464
69,1.7591208791208792
70,1.7153113553113553
71,1.6827350427350427
72,1.6715018315018315
73,1.6625152625152626
74,1.6715018315018315
75,1.658021978021978
76,1.6703785103785105
77,1.6445421245421246
78,1.6490354090354091
79,1.675995115995116
80,1.659145299145299
81,1.677118437118437
82,1.6793650793650794
83,1.677118437118437
84,1.705201465201465
85,1.693968253968254
86,1.6950915750915752
87,1.6883516483516483
88,1.702954822954823
89,1.6984615384615385
90,1.6973382173382174
91,1.6816117216117217
92,1.665885225885226
93,1.711941391941392
94,1.7872039072039072
95,1.9714285714285715
96,2.274725274725274
97,2.587008547008547
98,2.888058608058608
99,3.132942612942613
100,3.2452747252747254
101,3.325030525030525
102,3.421636141636142
103,3.503638583638584
104,3.5047619047619047
105,3.5047619047619047
106,3.5047619047619047
107,3.503638583638584
108,3.5047619047619047
109,3.5025152625152627
110,3.5058852258852258
111,3.5058852258852258
112,3.2857142857142856
113,3.030720390720391
114,2.8206593406593408
115,2.587008547008547
116,2.3185347985347984
117,2.018608058608059
118,1.7467643467643468
119,1.4805372405372406
120,1.248009768009768
121,1.0974847374847374
122,0.9941391941391942
123,0.9548229548229548
124,0.9278632478632478
125,0.9503296703296704
126,0.9346031746031748
127,0.9492063492063492
128,0.9357264957264956
129,0.9649328449328448
130,0.9581929181929182
131,0.9952625152625152
132,1.002002442002442
133,1.0042490842490843
134,0.9907692307692308
135,0.9817826617826618
136,0.993015873015873
137,0.9795360195360197
138,0.9862759462759464
139,0.9716727716727716
140,0.9795360195360197
141,0.9536996336996336
142,0.9514529914529914
143,0.9402197802197804
144,0.9346031746031748
145,0.9334798534798536
146,0.9155067155067156
147,0.9065201465201466
148,0.9278632478632478
149,0.9166300366300366
150,0.92
151,0.9244932844932844
152,0.9233699633699634
153,0.9492063492063492
154,0.9817826617826618
155,1.0143589743589745
156,1.0424420024420025
157,1.0783882783882783
158,1.13006105006105
159,1.1907203907203907
160,1.267106227106227
161,1.3255189255189257
162,1.356971916971917
163,1.428864468864469
164,1.4895238095238097
165,1.5445665445665446
166,1.61982905982906
167,1.6737484737484738
168,1.7175579975579975
169,1.7703540903540904
170,1.811916971916972
171,1.84
172,1.868083028083028
173,1.8871794871794871
174,1.9085225885225885
175,1.911892551892552
176,1.932112332112332
177,1.9197557997558
178,1.9366056166056167
179,1.9242490842490845
180,1.952332112332112
181,1.9534554334554333
182,1.989401709401709
183,2.023101343101343
184,2.084884004884005
185,2.1264468864468866
186,2.138803418803419
187,2.1197069597069595
188,2.1152136752136754
189,2.0781440781440783
190,2.0421978021978022
191,2.015238095238096
192,1.9500854700854704
193,1.9096459096459093
194,1.8366300366300363
195,1.7748473748473748
196,1.756874236874237
197,1.7153113553113553
198,1.7242979242979244
199,1.7231746031746031
200,1.7085714285714286
201,1.7018315018315018
202,1.6950915750915752
203,1.702954822954823
204,1.7085714285714286
205,1.7096947496947497
206,1.7231746031746031
207,1.7287912087912087
208,1.7209279609279609
209,1.74002442002442
210,1.7321611721611725
211,1.7478876678876678
212,1.7445177045177045
213,1.757997557997558
214,1.75013431013431
215,1.757997557997558
216,1.7535042735042734
217,1.7175579975579975
218,1.7141880341880342
219,1.7478876678876678
220,1.8804395604395605
221,2.1466666666666665
222,2.4297435897435897
223,2.7588766788766788
224,3.023980463980464
225,3.15990231990232
226,3.271111111111112
227,3.355360195360196
228,3.4924053724053725
229,3.5047619047619047
230,3.503638583638584
231,3.503638583638584
232,3.5047619047619047
233,3.5058852258852258
234,3.503638583638584
235,3.5058852258852258
236,3.503638583638584
237,3.5025152625152627
238,3.3654700854700854
239,3.1104761904761906
240,2.8801953601953603
241,2.651037851037851
242,2.369084249084249
243,2.107350427350428
244,1.8265201465201464
245,1.5647863247863247
246,1.3345054945054946
247,1.1368009768009768
248,1.00986568986569
249,0.9065201465201466
250,0.8863003663003663
251,0.8863003663003663
252,0.9053968253968254
253,0.9143833943833944
254,0.9548229548229548
255,0.9638095238095238
256,0.9795360195360197
257,0.9727960927960928
258,0.9795360195360197
259,0.973919413919414
260,0.9829059829059827
261,0.9817826617826618
262,0.9683028083028083
263,0.9615628815628816
264,0.9548229548229548
265,0.9514529914529914
266,0.9626862026862026
267,0.9514529914529914
268,0.948083028083028
269,0.9222466422466422
270,0.9211233211233212
271,0.9132600732600732
272,0.9053968253968254
273,0.9053968253968254
274,0.8829304029304029
275,0.8964102564102564
276,0.8975335775335775
277,0.9166300366300366
278,0.9143833943833944
279,0.9244932844932844
280,0.957069597069597
281,0.9705494505494504
282,1.010989010989011
283,1.0694017094017094
284,1.112087912087912
285,1.1536507936507936
286,1.2064468864468865
287,1.291819291819292
288,1.3592185592185593
289,1.4165079365079365
290,1.4985103785103786
291,1.5535531135531135
292,1.6187057387057386
293,1.6703785103785105
294,1.72991452991453
295,1.7782173382173383
296,1.825396825396825
297,1.86021978021978
298,1.8984126984126983
299,1.9107692307692308
300,1.9264957264957263
301,1.914139194139194
302,1.9197557997558
303,1.9309890109890109
304,1.9332356532356527
305,1.9298656898656896
306,1.9467155067155064
307,1.9534554334554333
308,1.9613186813186807
309,1.9995115995115995
310,2.033211233211233
311,2.066910866910867
312,2.1006105006105007
313,2.121953601953602
314,2.107350427350428
315,2.0882539682539685
316,2.0657875457875456
317,2.02984126984127
318,1.9747985347985348
319,1.9096459096459093
320,1.87931623931624
321,1.8074236874236875
322,1.7546275946275949
323,1.7287912087912087
324,1.686105006105006
325,1.665885225885226
326,1.6557753357753358
327,1.6411721611721612
328,1.6276923076923078
329,1.64004884004884
330,1.6613919413919414
331,1.6613919413919414
332,1.6692551892551892
333,1.6692551892551892
334,1.6625152625152626
335,1.684981684981685
336,1.675995115995116
337,1.684981684981685
338,1.7096947496947497
339,1.7074481074481074
340,1.7096947496947497
341,1.7164346764346765
342,1.7186813186813186
343,1.7085714285714286
344,1.677118437118437
345,1.686105006105006
346,1.738901098901099
347,1.8849328449328449
348,2.145543345543345
349,2.451086691086691
350,2.74989010989011
351,3.0116239316239315
352,3.168888888888889
353,3.2553846153846155
354,3.323907203907204
355,3.4564590964590964
356,3.5047619047619047
357,3.5047619047619047
358,3.503638583638584
359,3.503638583638584
360,3.5047619047619047
361,3.503638583638584
362,3.5058852258852258
363,3.503638583638584
364,3.5025152625152627
365,3.261001221001221
366,3.013870573870574
367,2.8285225885225884
368,2.595995115995116
369,2.3398778998779
370,2.096117216117216
371,1.8152869352869352
372,1.5602930402930404
373,1.3345054945054946
374,1.1334310134310135
375,0.9986324786324786
376,0.90989010989011
377,0.8672039072039072
378,0.8660805860805861
379,0.8818070818070818
380,0.8907936507936508
381,0.9132600732600732
382,0.9211233211233212
383,0.9424664224664224
384,0.9548229548229548
385,0.957069597069597
386,0.9413431013431014
387,0.9492063492063492
388,0.9525763125763126
389,0.957069597069597
390,0.9525763125763126
391,0.957069597069597
392,0.948083028083028
393,0.9424664224664224
394,0.9357264957264956
395,0.9132600732600732
396,0.911013431013431
397,0.928986568986569
398,0.9065201465201466
399,0.8930402930402931
400,0.8863003663003663
401,0.8952869352869353
402,0.8739438339438339
403,0.8851770451770452
404,0.8705738705738706
405,0.8952869352869353
406,0.9143833943833944
407,0.928986568986569
408,0.9626862026862026
409,0.9829059829059827
410,1.0401953601953602
411,1.0705250305250305
412,1.121074481074481
413,1.1884737484737484
414,1.2423931623931623
415,1.3266422466422467
416,1.3884249084249085
417,1.4659340659340658
418,1.5344566544566545
419,1.5838827838827838
420,1.656898656898657
421,1.710818070818071
422,1.757997557997558
423,1.8164102564102564
424,1.8332600732600728
425,1.8781929181929184
426,1.8849328449328449
427,1.9197557997558
428,1.907399267399268
429,1.902905982905983
430,1.9062759462759464
431,1.913015873015873
432,1.9017826617826616
433,1.915262515262516
434,1.9197557997558
435,1.9433455433455435
436,1.9613186813186807
437,1.983785103785104
438,2.007374847374847
439,2.0556776556776555
440,2.1095970695970694
441,2.1298168498168497
442,2.1286935286935287
443,2.121953601953602
444,2.1051037851037853
445,2.0624175824175826
446,2.0141147741147742
447,1.9624420024420024
448,1.8984126984126983
449,1.84
450,1.784957264957265
451,1.75013431013431
452,1.7141880341880342
453,1.6950915750915752
454,1.677118437118437
455,1.6928449328449329
456,1.6726251526251523
457,1.6894749694749696
458,1.665885225885226
459,1.667008547008547
460,1.677118437118437
461,1.6793650793650794
462,1.675995115995116
463,1.6883516483516483
464,1.7007081807081808
465,1.7063247863247863
466,1.6962148962148962
467,1.7096947496947497
468,1.7141880341880342
469,1.737777777777778
470,1.7287912087912087
471,1.7164346764346765
472,1.6827350427350427
473,1.6681318681318682
474,1.722051282051282
475,1.8343833943833945
476,2.077020757020757
477,2.3657142857142857
478,2.7094505494505494
479,3.027350427350428
480,3.2082051282051283
481,3.3115506715506715
482,3.35985347985348
483,3.4643223443223445
484,3.503638583638584
485,3.503638583638584
486,3.5047619047619047
487,3.5047619047619047
488,3.5058852258852258
489,3.503638583638584
490,3.503638583638584
491,3.503638583638584
492,3.5047619047619047
493,3.226178266178266
494,2.98017094017094
495,2.783589743589744
496,2.5465689865689867
497,2.2882051282051283
498,2.025347985347985
499,1.7535042735042734
500,1.4962637362637363
501,1.283956043956044
502,1.103101343101343
503,1.0177289377289378
504,0.948083028083028
505,0.90989010989011
506,0.9233699633699634
507,0.9065201465201466
508,0.9222466422466422
509,0.9357264957264956
510,0.9413431013431014
511,0.9705494505494504
512,0.973919413919414
513,0.9795360195360197
514,0.9986324786324786
515,0.9829059829059827
516,0.9873992673992674
517,0.993015873015873
518,0.9683028083028083
519,0.9683028083028083
520,0.9525763125763126
521,0.9638095238095238
522,0.9649328449328448
523,0.945836385836386
524,0.9424664224664224
525,0.93010989010989
526,0.9278632478632478
527,0.9390964590964592
528,0.8975335775335775
529,0.891916971916972
530,0.8874236874236874
531,0.8952869352869353
532,0.9211233211233212
533,0.9256166056166056
534,0.9503296703296704
535,0.9716727716727716
536,0.9873992673992674
537,1.0188522588522588
538,1.0390720390720392
539,1.0963614163614164
540,1.166007326007326
541,1.210940170940171
542,1.2715995115995116
543,1.3614652014652016
544,1.4142612942612942
545,1.4771672771672772
546,1.5355799755799755
547,1.593992673992674
548,1.6445421245421246
549,1.6984615384615385
550,1.7692307692307692
551,1.8085470085470088
552,1.85010989010989
553,1.8804395604395605
554,1.8905494505494504
555,1.89953601953602
556,1.9163858363858364
557,1.9017826617826616
558,1.881562881562881
559,1.886056166056166
560,1.8961660561660565
561,1.9006593406593408
562,1.907399267399268
563,1.9197557997558
564,1.9613186813186807
565,2.007374847374847
566,2.048937728937729
567,2.097240537240537
568,2.1084737484737484
569,2.114090354090354
570,2.0747741147741148
571,2.059047619047619
572,1.996141636141636
573,1.9736752136752136
574,1.9186324786324789
575,1.866959706959707
576,1.8074236874236875
577,1.7546275946275949
578,1.7209279609279609
579,1.7063247863247863
580,1.678241758241758
581,1.6816117216117217
582,1.6715018315018315
583,1.665885225885226
584,1.6625152625152626
585,1.6692551892551892
586,1.675995115995116
587,1.6793650793650794
588,1.6804884004884004
589,1.686105006105006
590,1.6928449328449329
591,1.7074481074481074
592,1.7153113553113553
593,1.7141880341880342
594,1.7164346764346765
595,1.710818070818071
596,1.7164346764346765
597,1.711941391941392
598,1.710818070818071
599,1.6816117216117217
600,1.6827350427350427
601,1.7242979242979244
602,1.8984126984126983
603,2.1534065934065936
604,2.455579975579976
605,2.779096459096459
606,3.053186813186813
607,3.1924786324786325
608,3.2756043956043954
609,3.335140415140415
610,3.4553357753357754
611,3.5047619047619047
612,3.503638583638584
613,3.503638583638584
614,3.5047619047619047
615,3.503638583638584
616,3.5025152625152627
617,3.503638583638584
618,3.5047619047619047
619,3.3901831501831503
620,3.116092796092796
621,2.8801953601953603
622,2.671257631257632
623,2.4162637362637365
624,2.138803418803419
625,1.8512332112332115
626,1.5692796092796093
627,1.312039072039072
628,1.148034188034188
629,1.0390720390720392
630,0.9772893772893771
631,0.9402197802197804
632,0.948083028083028
633,0.9447130647130648
634,0.9503296703296704
635,0.9626862026862026
636,1.0008791208791208
637,1.0076190476190476
638,1.01997557997558
639,1.0267155067155067
640,1.0323321123321123
641,1.0345787545787546
642,1.0357020757020756
643,1.0312087912087913
644,1.0244688644688644
645,1.0121123321123322
646,1.00986568986569
647,1.003125763125763
648,0.9986324786324786
649,0.9952625152625152
650,0.9963858363858364
651,0.9885225885225886
652,0.976166056166056
653,0.9615628815628816
654,0.9694261294261294
655,0.9581929181929182
656,0.9638095238095238
657,0.9581929181929182
658,0.9492063492063492
659,0.9649328449328448
660,0.9873992673992674
661,1.0177289377289378
662,1.0345787545787546
663,1.0682783882783882
664,1.0963614163614164
665,1.1525274725274726
666,1.1952136752136753
667,1.246886446886447
668,1.308669108669109
669,1.3625885225885226
670,1.4176312576312575
671,1.4861538461538462
672,1.5647863247863247
673,1.6175824175824176
674,1.6726251526251523
675,1.7265445665445665
676,1.7726007326007327
677,1.8265201465201464
678,1.857973137973138
679,1.8826862026862028
680,1.913015873015873
681,1.9332356532356527
682,1.9467155067155064
683,1.9422222222222223
684,1.9500854700854704
685,1.9512087912087912
686,1.9658119658119653
687,1.9613186813186807
688,1.9534554334554333
689,1.9714285714285715
690,1.9781684981684984
691,1.996141636141636
692,2.0377045177045177
693,2.1017338217338217
694,2.137680097680098
695,2.159023199023199
696,2.1646398046398048
697,2.1444200244200244
698,2.112967032967033
699,2.0882539682539685
700,2.0455677655677658
701,1.9995115995115995
702,1.9253724053724053
703,1.868083028083028
704,1.813040293040293
705,1.7726007326007327
706,1.7411477411477412
707,1.7287912087912087
708,1.7242979242979244
709,1.722051282051282
710,1.705201465201465
711,1.7141880341880342
712,1.7085714285714286
713,1.6984615384615385
714,1.7096947496947497
715,1.7096947496947497
716,1.722051282051282
717,1.72991452991453
718,1.731037851037851
719,1.7366544566544566
720,1.738901098901099
721,1.7512576312576311
722,1.7445177045177045
723,1.7478876678876678
724,1.737777777777778
725,1.7321611721611725
726,1.7074481074481074
727,1.6962148962148962
728,1.7445177045177045
729,1.8613431013431008
730,2.103980463980464
731,2.391550671550672
732,2.7116971916971915
733,2.989157509157509
734,3.144175824175824
735,3.2486446886446885
736,3.3385103785103785
737,3.447472527472528
738,3.503638583638584
739,3.503638583638584
740,3.503638583638584
741,3.5047619047619047
742,3.5047619047619047
743,3.503638583638584
744,3.503638583638584
745,3.5047619047619047
746,3.5058852258852258
747,3.375579975579976
748,3.0925030525030524
749,2.8914285714285715
750,2.674627594627595
751,2.4207570207570206
752,2.152283272283272
753,1.8894261294261288
754,1.6265689865689863
755,1.383931623931624
756,1.1772405372405372
757,1.0188522588522588
758,0.9211233211233212
759,0.8964102564102564
760,0.8941636141636141
761,0.8986568986568987
762,0.8975335775335775
763,0.9334798534798536
764,0.9536996336996336
765,0.9593162393162392
766,0.9649328449328448
767,0.9581929181929182
768,0.966056166056166
769,0.9705494505494504
770,0.9671794871794872
771,0.9716727716727716
772,0.9536996336996336
773,0.9683028083028083
774,0.973919413919414
775,0.9671794871794872
776,0.9514529914529914
777,0.9312332112332112
778,0.9334798534798536
779,0.9323565323565324
780,0.93010989010989
781,0.9053968253968254
782,0.8986568986568987
783,0.8896703296703297
784,0.8829304029304029
785,0.9009035409035407
786,0.8975335775335775
787,0.90989010989011
788,0.9121367521367522
789,0.9357264957264956
790,0.9727960927960928
791,0.9896459096459096
792,1.028962148962149
793,1.0727716727716727
794,1.1165811965811965
795,1.1907203907203907
796,1.2603663003663004
797,1.31990231990232
798,1.394041514041514
799,1.447960927960928
800,1.4985103785103786
801,1.565909645909646
802,1.6276923076923078
803,1.693968253968254
804,1.7332844932844933
805,1.7928205128205128
806,1.8388766788766788
807,1.866959706959707
808,1.902905982905983
809,1.89953601953602
810,1.914139194139194
811,1.9107692307692308
812,1.9332356532356527
813,1.9287423687423688
814,1.9433455433455435
815,1.9366056166056167
816,1.964688644688645
817,1.9714285714285715
818,1.9882783882783883
819,2.033211233211233
820,2.0826373626373624
821,2.0927472527472526
822,2.125323565323565
823,2.1017338217338217
824,2.094993894993895
825,2.0725274725274727
826,2.0287179487179485
827,1.9905250305250304
828,1.9264957264957263
829,1.8534798534798536
830,1.8096703296703296
831,1.7445177045177045
832,1.7209279609279609
833,1.686105006105006
834,1.665885225885226
835,1.6692551892551892
836,1.64004884004884
837,1.6434188034188033
838,1.6546520146520147
839,1.6524053724053724
840,1.667008547008547
841,1.6625152625152626
842,1.6681318681318682
843,1.6827350427350427
844,1.6827350427350427
845,1.6973382173382174
846,1.702954822954823
847,1.7096947496947497
848,1.6984615384615385
849,1.702954822954823
850,1.702954822954823
851,1.7063247863247863
852,1.705201465201465
853,1.675995115995116
854,1.678241758241758
855,1.7287912087912087
856,1.8883028083028084
857,2.133186813186813
858,2.4443467643467645
859,2.7442735042735045
860,2.9992673992674
861,3.158778998778999
862,3.2452747252747254
863,3.3295238095238093
864,3.467692307692308
865,3.5047619047619047
866,3.5058852258852258
867,3.503638583638584
868,3.503638583638584
869,3.5047619047619047
870,3.503638583638584
871,3.5025152625152627
872,3.5047619047619047
873,3.5047619047619047
874,3.261001221001221
875,3.0262271062271062
876,2.816166056166056
877,2.613968253968254
878,2.3454945054945053
879,2.094993894993895
880,1.8242735042735043
881,1.5636630036630037
882,1.3536019536019537
883,1.1424175824175824
884,1.0064957264957264
885,0.9121367521367522
886,0.8795604395604396
887,0.8672039072039072
888,0.8896703296703297
889,0.90989010989011
890,0.9233699633699634
891,0.9615628815628816
892,0.957069597069597
893,0.9435897435897436
894,0.9525763125763126
895,0.9615628815628816
896,0.9671794871794872
897,0.9638095238095238
898,0.9671794871794872
899,0.9638095238095238
900,0.9536996336996336
901,0.9536996336996336
902,0.9548229548229548
903,0.9402197802197804
904,0.9548229548229548
905,0.9368498168498168
906,0.9143833943833944
907,0.9177533577533578
908,0.9053968253968254
909,0.8986568986568987
910,0.891916971916972
911,0.9076434676434676
912,0.8930402930402931
913,0.8997802197802198
914,0.9042735042735044
915,0.9256166056166056
916,0.9492063492063492
917,0.9536996336996336
918,1.0053724053724054
919,1.0401953601953602
920,1.103101343101343
921,1.1570207570207571
922,1.1985836385836386
923,1.2637362637362637
924,1.3277655677655678
925,1.3682051282051282
926,1.468180708180708
927,1.5277167277167276
928,1.5996092796092796
929,1.6602686202686203
930,1.7198046398046398
931,1.7591208791208792
932,1.8074236874236875
933,1.843369963369964
934,1.877069597069597
935,1.8804395604395605
936,1.914139194139194
937,1.89953601953602
938,1.902905982905983
939,1.915262515262516
940,1.8972893772893773
941,1.9017826617826616
942,1.9085225885225885
943,1.9096459096459093
944,1.914139194139194
945,1.9231257631257632
946,1.952332112332112
947,1.9905250305250304
948,2.020854700854701
949,2.0792673992674
950,2.1163369963369965
951,2.125323565323565
952,2.123076923076923
953,2.107350427350428
954,2.077020757020757
955,2.0421978021978022
956,1.987155067155067
957,1.9298656898656896
958,1.857973137973138
959,1.7973137973137974
960,1.7557509157509157
961,1.722051282051282
962,1.7186813186813186
963,1.705201465201465
964,1.6962148962148962
965,1.6905982905982906
966,1.686105006105006
967,1.6950915750915752
968,1.6973382173382174
969,1.6962148962148962
970,1.704078144078144
971,1.7153113553113553
972,1.711941391941392
973,1.7074481074481074
974,1.7085714285714286
975,1.7164346764346765
976,1.7074481074481074
977,1.7242979242979244
978,1.722051282051282
979,1.722051282051282
980,1.7209279609279609
981,1.683858363858364
982,1.6692551892551892
983,1.705201465201465
984,1.8096703296703296
985,2.0377045177045177
986,2.333137973137973
987,2.6566544566544565
988,2.9745543345543344
989,3.168888888888889
990,3.277851037851038
991,3.3576068376068378
992,3.445225885225885
993,3.5047619047619047
994,3.503638583638584
995,3.5047619047619047
996,3.503638583638584
997,3.5047619047619047
998,3.5058852258852258
999,3.5058852258852258
1000,3.503638583638584
1001,3.5047619047619047
1002,3.281221001221001
1003,3.014993894993895
1004,2.801562881562881
1005,2.593748473748474
1006,2.34998778998779
1007,2.077020757020757
1008,1.8074236874236875
1009,1.5569230769230769
1010,1.3075457875457877
1011,1.1581440781440782
1012,1.0132356532356532
1013,0.9323565323565324
1014,0.9031501831501833
1015,0.90989010989011
1016,0.8874236874236874
1017,0.8907936507936508
1018,0.8975335775335775
1019,0.9402197802197804
1020,0.9514529914529914
1021,0.9615628815628816
1022,0.9548229548229548
1023,0.9638095238095238
1024,0.9536996336996336
1025,0.9604395604395604
1026,0.9435897435897436
1027,0.9368498168498168
1028,0.945836385836386
1029,0.945836385836386
1030,0.948083028083028
1031,0.937973137973138
1032,0.90989010989011
1033,0.9256166056166056
1034,0.9188766788766788
1035,0.9177533577533578
1036,0.8863003663003663
1037,0.8896703296703297
1038,0.8863003663003663
1039,0.8840537240537241
1040,0.8638339438339439
1041,0.8716971916971917
1042,0.8907936507936508
1043,0.9143833943833944
1044,0.9267399267399268
1045,0.945836385836386
1046,0.9829059829059827
1047,1.0278388278388275
1048,1.0671550671550671
1049,1.1154578754578754
1050,1.183980463980464
1051,1.2491330891330892
1052,1.2963125763125762
1053,1.382808302808303
1054,1.4468376068376068
1055,1.4973870573870574
1056,1.5513064713064713
1057,1.6276923076923078
1058,1.6816117216117217
1059,1.7445177045177045
1060,1.775970695970696
1061,1.8063003663003665
1062,1.825396825396825
1063,1.869206349206349
1064,1.857973137973138
1065,1.8781929181929184
1066,1.874822954822955
1067,1.8849328449328449
1068,1.8703296703296703
1069,1.8804395604395605
1070,1.883809523809524
1071,1.8849328449328449
1072,1.8972893772893773
1073,1.9366056166056167
1074,1.9725518925518928
1075,2.01973137973138
1076,2.0377045177045177
1077,2.0905006105006105
1078,2.1051037851037853
1079,2.0905006105006105
1080,2.063540903540904
1081,2.0421978021978022
1082,1.9983882783882785
1083,1.9444688644688648
1084,1.891672771672772
1085,1.847863247863248
1086,1.7984371184371184
1087,1.7445177045177045
1088,1.7175579975579975
1089,1.6816117216117217
1090,1.6827350427350427
1091,1.6816117216117217
1092,1.665885225885226
1093,1.6804884004884004
1094,1.6816117216117217
1095,1.6816117216117217
1096,1.6905982905982906
1097,1.693968253968254
1098,1.711941391941392
1099,1.6973382173382174
1100,1.7074481074481074
1101,1.722051282051282
1102,1.7254212454212454
1103,1.7265445665445665
1104,1.7231746031746031
1105,1.7186813186813186
1106,1.7422710622710622
1107,1.7478876678876678
1108,1.7153113553113553
1109,1.6894749694749696
1110,1.713064713064713
1111,1.8096703296703296
1112,2.0287179487179485
1113,2.330891330891331
1114,2.628571428571429
1115,2.94984126984127
1116,3.161025641025641
1117,3.289084249084249
1118,3.3654700854700854
1119,3.457582417582417
1120,3.503638583638584
1121,3.5025152625152627
1122,3.503638583638584
1123,3.503638583638584
1124,3.503638583638584
1125,3.503638583638584
1126,3.503638583638584
1127,3.5047619047619047
1128,3.503638583638584
1129,3.341880341880342
1130,3.03970695970696
1131,2.793699633699634
1132,2.53982905982906
1133,2.283711843711844
1134,1.986031746031746
1135,1.6816117216117217
1136,1.4075213675213676
1137,1.2188034188034187
1138,1.0851282051282052
1139,1.0064957264957264
1140,0.9705494505494504
1141,0.9649328449328448
1142,0.9638095238095238
1143,0.9727960927960928
1144,0.9727960927960928
1145,0.976166056166056
1146,0.9829059829059827
1147,0.9885225885225886
1148,0.984029304029304
1149,0.9896459096459096
1150,1.0278388278388275
1151,1.046935286935287
1152,1.0255921855921857
1153,1.0154822954822955
1154,1.0267155067155067
1155,1.0267155067155067
1156,1.0121123321123322
1157,0.9986324786324786
1158,0.9986324786324786
1159,0.9963858363858364
1160,0.9862759462759464
1161,0.957069597069597
1162,0.9435897435897436
1163,0.9514529914529914
1164,0.9256166056166056
1165,0.9346031746031748
1166,0.93010989010989
1167,0.9727960927960928
1168,0.9626862026862026
1169,0.9851526251526252
1170,0.9851526251526252
1171,1.0244688644688644
1172,1.0334554334554336
1173,1.0604151404151403
1174,1.1188278388278388
1175,1.186227106227106
1176,1.2558730158730158
1177,1.3075457875457877
1178,1.3468620268620268
1179,1.3895482295482295
1180,1.4524542124542124
1181,1.4850305250305251
1182,1.538949938949939
1183,1.5996092796092796
1184,1.659145299145299
1185,1.7085714285714286
1186,1.757997557997558
1187,1.795067155067155
1188,1.8332600732600728
1189,1.8613431013431008
1190,1.920879120879121
1191,1.9197557997558
1192,1.977045177045177
1193,1.9882783882783883
1194,1.9512087912087912
1195,1.927619047619048
1196,1.904029304029304
1197,1.911892551892552
1198,1.8523565323565323
1199,1.8456166056166057
1200,1.8175335775335768
1201,1.8332600732600728
1202,1.9062759462759464
1203,1.963565323565324
1204,2.0107448107448107
1205,1.9983882783882785
1206,2.0275946275946275
1207,2.089377289377289
1208,2.120830280830281
1209,2.09948717948718
1210,2.023101343101343
1211,1.9736752136752136
1212,1.952332112332112
1213,1.963565323565324
1214,1.8343833943833945
1215,1.7737240537240535
1216,1.7478876678876678
1217,1.7096947496947497
1218,1.6883516483516483
1219,1.6524053724053724
1220,1.6299389499389498
1221,1.6636385836385836
1222,1.6557753357753358
1223,1.6692551892551892
1224,1.6917216117216116
1225,1.7141880341880342
1226,1.7433943833943837
1227,1.7164346764346765
1228,1.7546275946275949
1229,1.7422710622710622
1230,1.7872039072039072
1231,1.7748473748473748
1232,1.777094017094017
1233,1.7355311355311356
1234,1.7647374847374848
1235,1.7591208791208792
1236,1.7624908424908423
1237,1.7321611721611725
1238,1.7265445665445665
1239,1.7602442002442005
1240,1.9175091575091567
1241,2.214065934065934
1242,2.606105006105006
1243,3.0127472527472525
1244,3.2654945054945057
1245,3.345250305250305
1246,3.4317460317460315
1247,3.503638583638584
1248,3.5047619047619047
1249,3.5058852258852258
1250,3.5058852258852258
1251,3.507008547008547
1252,3.503638583638584
1253,3.503638583638584
1254,3.507008547008547
1255,3.5025152625152627
1256,3.503638583638584
1257,3.503638583638584
1258,3.3362637362637364
1259,3.0217338217338217
1260,2.7465201465201465
1261,2.489279609279609
1262,2.2230525030525032
1263,1.9613186813186807
1264,1.7096947496947497
1265,1.4996336996336996
1266,1.2996825396825398
1267,1.123321123321123
1268,0.9581929181929182
1269,0.8986568986568987
1270,0.9155067155067156
1271,0.9053968253968254
1272,0.911013431013431
1273,0.9065201465201466
1274,0.9514529914529914
1275,0.9615628815628816
1276,0.9896459096459096
1277,0.9941391941391942
1278,0.9851526251526252
1279,0.9862759462759464
1280,0.993015873015873
1281,0.9952625152625152
1282,0.9885225885225886
1283,0.9727960927960928
1284,0.9604395604395604
1285,0.966056166056166
1286,0.957069597069597
1287,0.9638095238095238
1288,0.9368498168498168
1289,0.937973137973138
1290,0.9222466422466422
1291,0.9256166056166056
1292,0.9042735042735044
1293,0.9132600732600732
1294,0.8986568986568987
1295,0.9188766788766788
1296,0.9009035409035407
1297,0.9143833943833944
1298,0.9312332112332112
1299,0.9581929181929182
1300,0.955946275946276
1301,0.9683028083028083
1302,0.9997557997557998
1303,1.0503052503052503
1304,1.1064713064713063
1305,1.1592673992673992
1306,1.23003663003663
1307,1.2996825396825398
1308,1.3513553113553114
1309,1.4176312576312575
1310,1.495140415140415
1311,1.5602930402930404
1312,1.6175824175824176
1313,1.6917216117216116
1314,1.7355311355311356
1315,1.7860805860805862
1316,1.8456166056166057
1317,1.848986568986569
1318,1.8725763125763129
1319,1.8883028083028084
1320,1.8849328449328449
1321,1.893919413919414
1322,1.902905982905983
1323,1.9107692307692308
1324,1.9163858363858364
1325,1.9309890109890109
1326,1.93997557997558
1327,1.9545787545787543
1328,1.9826617826617827
1329,2.0017582417582416
1330,2.059047619047619
1331,2.1006105006105007
1332,2.1084737484737484
1333,2.107350427350428
1334,2.098363858363858
1335,2.098363858363858
1336,2.0624175824175826
1337,2.0017582417582416
1338,1.9500854700854704
1339,1.8927960927960927
1340,1.8355067155067155
1341,1.7939438339438338
1342,1.7411477411477412
1343,1.7018315018315018
1344,1.6748717948717948
1345,1.684981684981685
1346,1.6883516483516483
1347,1.6715018315018315
1348,1.659145299145299
1349,1.6647619047619049
1350,1.658021978021978
1351,1.6692551892551892
1352,1.6905982905982906
1353,1.7063247863247863
1354,1.6962148962148962
1355,1.6995848595848595
1356,1.6793650793650794
1357,1.7074481074481074
1358,1.713064713064713
1359,1.7276678876678877
1360,1.7254212454212454
1361,1.7265445665445665
1362,1.7096947496947497
1363,1.6557753357753358
1364,1.6265689865689863
1365,1.6827350427350427
1366,1.84
1367,2.063540903540904
1368,2.3926739926739926
1369,2.7375335775335774
1370,3.075653235653236
1371,3.2463980463980464
1372,3.331770451770452
1373,3.403663003663004
1374,3.5047619047619047
1375,3.503638583638584
1376,3.503638583638584
1377,3.503638583638584
1378,3.5047619047619047
1379,3.5058852258852258
1380,3.5047619047619047
1381,3.503638583638584
1382,3.503638583638584
1383,3.5025152625152627
1384,3.3014407814407813
1385,3.017240537240537
1386,2.779096459096459
1387,2.5128693528693526
1388,2.2354090354090355
1389,1.9658119658119653
1390,1.6905982905982906
1391,1.4389743589743589
1392,1.2266666666666666
1393,1.0772649572649573
1394,0.966056166056166
1395,0.8896703296703297
1396,0.8773137973137973
1397,0.8716971916971917
1398,0.8716971916971917
1399,0.8638339438339439
1400,0.9065201465201466
1401,0.9155067155067156
1402,0.9166300366300366
1403,0.9346031746031748
1404,0.9536996336996336
1405,0.9548229548229548
1406,0.9615628815628816
1407,0.9536996336996336
1408,0.9402197802197804
1409,0.93010989010989
1410,0.9334798534798536
1411,0.9357264957264956
1412,0.9346031746031748
1413,0.9368498168498168
1414,0.9267399267399268
1415,0.9166300366300366
1416,0.9076434676434676
1417,0.8941636141636141
1418,0.8851770451770452
1419,0.8773137973137973
1420,0.8773137973137973
1421,0.8728205128205129
1422,0.8773137973137973
1423,0.8874236874236874
1424,0.8761904761904762
1425,0.8941636141636141
1426,0.9177533577533578
1427,0.9525763125763126
1428,0.9952625152625152
1429,1.028962148962149
1430,1.075018315018315
1431,1.13006105006105
1432,1.192967032967033
1433,1.2547496947496948
1434,1.3154090354090353
1435,1.3873015873015873
1436,1.4457142857142855
1437,1.5153601953601954
1438,1.5782661782661782
1439,1.6501587301587302
1440,1.6950915750915752
1441,1.749010989010989
1442,1.796190476190476
1443,1.8063003663003665
1444,1.8523565323565323
1445,1.866959706959707
1446,1.8523565323565323
1447,1.8512332112332115
1448,1.857973137973138
1449,1.8613431013431008
1450,1.8658363858363856
1451,1.8624664224664225
1452,1.8804395604395605
1453,1.883809523809524
1454,1.914139194139194
1455,1.9377289377289373
1456,2.005128205128205
1457,2.06017094017094
1458,2.0792673992674
1459,2.075897435897436
1460,2.05006105006105
1461,2.0365811965811966
1462,2.0096214896214897
1463,1.9534554334554333
1464,1.893919413919414
1465,1.8355067155067155
1466,1.7815873015873016
1467,1.7141880341880342
1468,1.6872283272283273
1469,1.6737484737484738
1470,1.6546520146520147
1471,1.638925518925519
1472,1.631062271062271
1473,1.6445421245421246
1474,1.6333089133089134
1475,1.636678876678877
1476,1.6411721611721612
1477,1.6355555555555557
1478,1.631062271062271
1479,1.6512820512820512
1480,1.677118437118437
1481,1.6827350427350427
1482,1.6737484737484738
1483,1.6625152625152626
1484,1.675995115995116
1485,1.6962148962148962
1486,1.704078144078144
1487,1.6973382173382174
1488,1.6872283272283273
1489,1.6625152625152626
1490,1.6602686202686203
1491,1.7231746031746031
1492,1.877069597069597
1493,2.168009768009768
1494,2.476923076923077
1495,2.8206593406593408
1496,3.0745299145299145
1497,3.225054945054945
1498,3.3385103785103785
1499,3.411526251526252
1500,3.503638583638584
1501,3.503638583638584
1502,3.503638583638584
1503,3.5047619047619047
1504,3.503638583638584
1505,3.5047619047619047
1506,3.503638583638584
1507,3.507008547008547
1508,3.5047619047619047
1509,3.457582417582417
1510,3.162148962148962
1511,2.903785103785104
1512,2.6555311355311355
1513,2.3926739926739926
1514,2.096117216117216
1515,1.8175335775335768
1516,1.5322100122100122
1517,1.3266422466422467
1518,1.1525274725274726
1519,1.0368253968253969
1520,0.9727960927960928
1521,0.9402197802197804
1522,0.9312332112332112
1523,0.937973137973138
1524,0.9256166056166056
1525,0.9447130647130648
1526,0.9536996336996336
1527,0.973919413919414
1528,0.9896459096459096
1529,0.9963858363858364
1530,1.0008791208791208
1531,0.9986324786324786
1532,1.0143589743589745
1533,1.0076190476190476
1534,1.002002442002442
1535,0.991892551892552
1536,1.003125763125763
1537,0.9975091575091576
1538,0.9784126984126984
1539,0.9683028083028083
1540,0.9581929181929182
1541,0.9514529914529914
1542,0.9514529914529914
1543,0.9312332112332112
1544,0.9357264957264956
1545,0.9334798534798536
1546,0.9267399267399268
1547,0.9155067155067156
1548,0.9267399267399268
1549,0.9424664224664224
1550,0.955946275946276
1551,0.9795360195360197
1552,1.0076190476190476
1553,1.0424420024420025
1554,1.0783882783882783
1555,1.1165811965811965
1556,1.1637606837606838
1557,1.2154334554334554
1558,1.2794627594627594
1559,1.337875457875458
1560,1.3985347985347985
1561,1.4659340659340658
1562,1.5344566544566545
1563,1.5984859584859583
1564,1.658021978021978
1565,1.7209279609279609
1566,1.7815873015873016
1567,1.841123321123321
1568,1.868083028083028
1569,1.8961660561660565
1570,1.9264957264957263
1571,1.93997557997558
1572,1.957948717948718
1573,1.96019536019536
1574,1.9568253968253968
1575,1.96019536019536
1576,1.968058608058608
1577,1.989401709401709
1578,1.989401709401709
1579,2.007374847374847
1580,2.0163614163614163
1581,2.048937728937729
1582,2.1006105006105007
1583,2.145543345543345
1584,2.16014652014652
1585,2.165763125763126
1586,2.159023199023199
1587,2.133186813186813
1588,2.114090354090354
1589,2.075897435897436
1590,2.01973137973138
1591,1.977045177045177
1592,1.920879120879121
1593,1.8568498168498169
1594,1.7984371184371184
1595,1.7602442002442005
1596,1.7422710622710622
1597,1.7287912087912087
1598,1.7321611721611725
1599,1.7265445665445665
1600,1.731037851037851
1601,1.7164346764346765
1602,1.7175579975579975
1603,1.7141880341880342
1604,1.7332844932844933
1605,1.7321611721611725
1606,1.7366544566544566
1607,1.749010989010989
1608,1.7355311355311356
1609,1.7344078144078143
1610,1.7636141636141636
1611,1.7523809523809524
1612,1.756874236874237
1613,1.757997557997558
1614,1.7624908424908423
1615,1.7175579975579975
1616,1.7085714285714286
1617,1.7355311355311356
1618,1.8804395604395605
1619,2.1017338217338217
1620,2.403907203907204
1621,2.7206837606837606
1622,3.030720390720391
1623,3.189108669108669
1624,3.318290598290598
1625,3.373333333333333
1626,3.50026862026862
1627,3.5047619047619047
1628,3.5047619047619047
1629,3.5058852258852258
1630,3.503638583638584
1631,3.503638583638584
1632,3.503638583638584
1633,3.503638583638584
1634,3.5047619047619047
1635,3.503638583638584
1636,3.503638583638584
1637,3.225054945054945
1638,2.950964590964591
1639,2.6847374847374845
1640,2.4286202686202687
1641,2.161269841269841
1642,1.877069597069597
1643,1.6164590964590964
1644,1.3861782661782662
1645,1.1828571428571428
1646,1.0357020757020756
1647,0.9222466422466422
1648,0.8716971916971917
1649,0.864957264957265
1650,0.8638339438339439
1651,0.8739438339438339
1652,0.9121367521367522
1653,0.9267399267399268
1654,0.9503296703296704
1655,0.9638095238095238
1656,0.9705494505494504
1657,0.9705494505494504
1658,0.9638095238095238
1659,0.9503296703296704
1660,0.9615628815628816
1661,0.9604395604395604
1662,0.9492063492063492
1663,0.9492063492063492
1664,0.9357264957264956
1665,0.9368498168498168
1666,0.9278632478632478
1667,0.928986568986569
1668,0.9267399267399268
1669,0.9009035409035407
1670,0.8986568986568987
1671,0.8907936507936508
1672,0.8806837606837606
1673,0.8885470085470085
1674,0.8874236874236874
1675,0.891916971916972
1676,0.8851770451770452
1677,0.9076434676434676
1678,0.9177533577533578
1679,0.946959706959707
1680,0.9907692307692308
1681,1.03008547008547
1682,1.0694017094017094
1683,1.1255677655677656
1684,1.1761172161172162
1685,1.2266666666666666
1686,1.2951892551892552
1687,1.3670818070818072
1688,1.4524542124542124
1689,1.5265934065934066
1690,1.5951159951159952
1691,1.658021978021978
1692,1.7007081807081808
1693,1.7422710622710622
1694,1.800683760683761
1695,1.827643467643468
1696,1.8703296703296703
1697,1.8826862026862028
1698,1.9062759462759464
1699,1.911892551892552
1700,1.914139194139194
1701,1.9175091575091567
1702,1.93997557997558
1703,1.9377289377289373
1704,1.955702075702076
1705,1.9714285714285715
1706,2.004004884004884
1707,2.030964590964591
1708,2.0882539682539685
1709,2.114090354090354
1710,2.127570207570208
1711,2.123076923076923
1712,2.1051037851037853
1713,2.0905006105006105
1714,2.047814407814408
1715,1.9905250305250304
1716,1.9309890109890109
1717,1.8849328449328449
1718,1.8096703296703296
1719,1.7636141636141636
1720,1.7231746031746031
1721,1.6984615384615385
1722,1.6737484737484738
1723,1.6535286935286937
1724,1.6557753357753358
1725,1.656898656898657
1726,1.6524053724053724
1727,1.6490354090354091
1728,1.6613919413919414
1729,1.658021978021978
1730,1.665885225885226
1731,1.6737484737484738
1732,1.6703785103785105
1733,1.678241758241758
1734,1.7018315018315018
1735,1.6995848595848595
1736,1.7141880341880342
1737,1.7175579975579975
1738,1.7242979242979244
1739,1.7198046398046398
1740,1.7018315018315018
1741,1.6703785103785105
1742,1.6647619047619049
1743,1.7344078144078143
1744,1.8894261294261288
1745,2.166886446886447
1746,2.469059829059829
1747,2.8105494505494506
1748,3.0745299145299145
1749,3.212698412698413
1750,3.318290598290598
1751,3.396923076923077
1752,3.5025152625152627
1753,3.503638583638584
1754,3.503638583638584
1755,3.5047619047619047
1756,3.5047619047619047
1757,3.503638583638584
1758,3.5047619047619047
1759,3.503638583638584
1760,3.503638583638584
1761,3.5025152625152627
1762,3.3463736263736266
1763,3.043076923076923
1764,2.8004395604395604
1765,2.5533089133089133
1766,2.285958485958486
1767,2.047814407814408
1768,1.775970695970696
1769,1.5254700854700856
1770,1.3142857142857145
1771,1.112087912087912
1772,0.9829059829059827
1773,0.8964102564102564
1774,0.8615873015873016
1775,0.8806837606837606
1776,0.8818070818070818
1777,0.891916971916972
1778,0.9155067155067156
1779,0.9334798534798536
1780,0.93010989010989
1781,0.9435897435897436
1782,0.9357264957264956
1783,0.9402197802197804
1784,0.9525763125763126
1785,0.9492063492063492
1786,0.946959706959707
1787,0.9424664224664224
1788,0.9435897435897436
1789,0.9256166056166056
1790,0.911013431013431
1791,0.9042735042735044
1792,0.9076434676434676
1793,0.8907936507936508
1794,0.8829304029304029
1795,0.8851770451770452
1796,0.8896703296703297
1797,0.8818070818070818
1798,0.8705738705738706
1799,0.8492307692307692
1800,0.8683272283272283
1801,0.8683272283272283
1802,0.8874236874236874
1803,0.902026862026862
1804,0.9514529914529914
1805,0.9694261294261294
1806,0.9975091575091576
1807,1.0368253968253969
1808,1.084004884004884
1809,1.1266910866910866
1810,1.2064468864468865
1811,1.267106227106227
1812,1.3221489621489622
1813,1.3917948717948718
1814,1.476043956043956
1815,1.5434432234432234
1816,1.6052258852258852
1817,1.656898656898657
1818,1.72991452991453
1819,1.7658608058608058
1820,1.8141636141636144
1821,1.8388766788766788
1822,1.8534798534798536
1823,1.8624664224664225
1824,1.8781929181929184
1825,1.8736996336996337
1826,1.8826862026862028
1827,1.8736996336996337
1828,1.8883028083028084
1829,1.877069597069597
1830,1.891672771672772
1831,1.87931623931624
1832,1.9107692307692308
1833,1.9444688644688648
1834,2.004004884004884
1835,2.046691086691087
1836,2.083760683760684
1837,2.084884004884005
1838,2.0905006105006105
1839,2.0815140415140414
1840,2.059047619047619
1841,2.005128205128205
1842,1.959072039072039
1843,1.902905982905983
1844,1.841123321123321
1845,1.7815873015873016
1846,1.737777777777778
1847,1.7063247863247863
1848,1.6804884004884004
1849,1.6748717948717948
1850,1.6625152625152626
1851,1.6467887667887668
1852,1.6422954822954825
1853,1.647912087912088
1854,1.6546520146520147
1855,1.6602686202686203
1856,1.6512820512820512
1857,1.6512820512820512
1858,1.6557753357753358
1859,1.6602686202686203
1860,1.6950915750915752
1861,1.6872283272283273
1862,1.6973382173382174
1863,1.6995848595848595
1864,1.7209279609279609
1865,1.7074481074481074
1866,1.693968253968254
1867,1.678241758241758
1868,1.6501587301587302
1869,1.678241758241758
1870,1.7703540903540904
1871,1.9747985347985348
1872,2.2825885225885227
1873,2.6184615384615384
1874,2.9453479853479854
1875,3.1531623931623933
1876,3.2756043956043954
1877,3.345250305250305
1878,3.436239316239316
1879,3.503638583638584
1880,3.5047619047619047
1881,3.507008547008547
1882,3.503638583638584
1883,3.503638583638584
1884,3.5047619047619047
1885,3.503638583638584
1886,3.5047619047619047
1887,3.503638583638584
1888,3.2935775335775337
1889,3.034090354090354
1890,2.793699633699634
1891,2.5387057387057386
1892,2.2545054945054943
1893,1.964688644688645
1894,1.6894749694749696
1895,1.4075213675213676
1896,1.2244200244200245
1897,1.075018315018315
1898,0.9649328449328448
1899,0.9132600732600732
1900,0.8941636141636141
1901,0.902026862026862
1902,0.9143833943833944
1903,0.9177533577533578
1904,0.9503296703296704
1905,0.9626862026862026
1906,0.9525763125763126
1907,0.9626862026862026
1908,0.9873992673992674
1909,0.9851526251526252
1910,0.9941391941391942
1911,0.9806593406593408
1912,0.9817826617826618
1913,0.9626862026862026
1914,0.9694261294261294
1915,0.9705494505494504
1916,0.9581929181929182
1917,0.9525763125763126
1918,0.9323565323565324
1919,0.9435897435897436
1920,0.9121367521367522
1921,0.9076434676434676
1922,0.8896703296703297
1923,0.8930402930402931
1924,0.9087667887667888
1925,0.9009035409035407
1926,0.90989010989011
1927,0.9042735042735044
1928,0.9155067155067156
1929,0.9166300366300366
1930,0.9503296703296704
1931,0.9851526251526252
1932,1.0592918192918193
1933,1.0806349206349206
1934,1.1356776556776558
1935,1.183980463980464
1936,1.2423931623931623
1937,1.3052991452991454
1938,1.3861782661782662
1939,1.431111111111111
1940,1.4884004884004884
1941,1.5524297924297925
1942,1.6299389499389498
1943,1.6816117216117217
1944,1.7445177045177045
1945,1.7815873015873016
1946,1.8107936507936508
1947,1.8467399267399267
1948,1.8658363858363856
1949,1.9017826617826616
1950,1.9006593406593408
1951,1.9264957264957263
1952,1.9107692307692308
1953,1.9175091575091567
1954,1.886056166056166
1955,1.9085225885225885
1956,1.9062759462759464
1957,1.9332356532356527
1958,1.9264957264957263
1959,1.968058608058608
1960,1.995018315018315
1961,2.051184371184372
1962,2.0882539682539685
1963,2.1084737484737484
1964,2.110720390720391
1965,2.0882539682539685
1966,2.0657875457875456
1967,2.046691086691087
1968,2.006251526251526
1969,1.964688644688645
1970,1.8894261294261288
1971,1.8355067155067155
1972,1.783833943833944
1973,1.749010989010989
1974,1.7254212454212454
1975,1.704078144078144
1976,1.6984615384615385
1977,1.6950915750915752
1978,1.6917216117216116
1979,1.7074481074481074
1980,1.7096947496947497
1981,1.713064713064713
1982,1.7209279609279609
1983,1.722051282051282
1984,1.72991452991453
1985,1.7422710622710622
1986,1.737777777777778
1987,1.7456410256410255
1988,1.7624908424908423
1989,1.7636141636141636
1990,1.768107448107448
1991,1.7636141636141636
1992,1.7535042735042734
1993,1.7366544566544566
1994,1.7063247863247863
1995,1.7321611721611725
1996,1.822026862026862
1997,2.021978021978022
1998,2.323028083028083
1999,2.643174603174604