aVR,aVL,aVF,V4,V5,V6,V1,V2,V3,I,II,III
-311,-760,-1238,-338.0,-766.0,-1192.0,-335.0,-766.0,-1206.0,-339.0,-812.0,-1239.0
-311,-760,-1238,-341.0,-766.0,-1192.0,-335.0,-766.0,-1206.0,-339.0,-812.0,-1239.0
-312,-758,-1238,-344.0,-766.0,-1194.0,-335.0,-767.0,-1207.0,-339.0,-815.0,-1241.0
-311,-758,-1238,-347.0,-768.0,-1198.0,-334.0,-767.0,-1209.0,-343.0,-821.0,-1247.0
-311,-757,-1239,-349.0,-771.0,-1200.0,-334.0,-768.0,-1210.0,-340.0,-837.0,-1263.0
-311,-757,-1239,-351.0,-774.0,-1202.0,-333.0,-768.0,-1211.0,-339.0,-819.0,-1246.0
-311,-757,-1239,-353.0,-776.0,-1204.0,-333.0,-769.0,-1212.0,-337.0,-789.0,-1224.0
-311,-757,-1240,-354.0,-777.0,-1204.0,-333.0,-769.0,-1212.0,-335.0,-779.0,-1212.0
-310,-757,-1240,-355.0,-778.0,-1204.0,-333.0,-770.0,-1213.0,-333.0,-750.0,-1186.0
-309,-755,-1244,-356.0,-779.0,-1205.0,-333.0,-770.0,-1213.0,-326.0,-725.0,-1161.0
-306,-752,-1251,-356.0,-779.0,-1205.0,-331.0,-770.0,-1216.0,-331.0,-705.0,-1143.0
-304,-749,-1257,-357.0,-779.0,-1205.0,-332.0,-771.0,-1213.0,-333.0,-717.0,-1147.0
-299,-746,-1262,-357.0,-779.0,-1205.0,-333.0,-771.0,-1212.0,-336.0,-738.0,-1163.0
-290,-738,-1279,-358.0,-780.0,-1205.0,-333.0,-771.0,-1211.0,-340.0,-754.0,-1179.0
-297,-744,-1265,-358.0,-780.0,-1206.0,-333.0,-771.0,-1209.0,-343.0,-772.0,-1194.0
-304,-750,-1252,-361.0,-781.0,-1207.0,-333.0,-771.0,-1208.0,-347.0,-797.0,-1208.0
-312,-755,-1237,-365.0,-782.0,-1207.0,-333.0,-771.0,-1206.0,-350.0,-805.0,-1221.0
-331,-771,-1212,-370.0,-784.0,-1175.0,-334.0,-772.0,-1205.0,-351.0,-815.0,-1225.0
-348,-785,-1170,-376.0,-789.0,-1175.0,-335.0,-772.0,-1203.0,-350.0,-807.0,-1226.0
-357,-794,-1158,-383.0,-796.0,-1174.0,-336.0,-772.0,-1202.0,-348.0,-805.0,-1226.0
-370,-801,-1096,-380.0,-802.0,-1169.0,-336.0,-772.0,-1200.0,-345.0,-802.0,-1226.0
-389,-824,-1173,-361.0,-807.0,-1190.0,-338.0,-772.0,-1199.0,-343.0,-800.0,-1228.0
-361,-808,-1097,-332.0,-809.0,-1196.0,-339.0,-773.0,-1198.0,-341.0,-798.0,-1226.0
-351,-804,-1154,-326.0,-800.0,-1162.0,-341.0,-774.0,-1198.0,-339.0,-796.0,-1226.0
-338,-796,-1177,-344.0,-789.0,-1161.0,-342.0,-775.0,-1197.0,-338.0,-795.0,-1226.0
-324,-786,-1192,-397.0,-750.0,-1158.0,-343.0,-776.0,-1195.0,-337.0,-794.0,-1225.0
-315,-779,-1215,-292.0,-761.0,-1155.0,-344.0,-777.0,-1197.0,-336.0,-792.0,-1224.0
-310,-774,-1222,-356.0,-782.0,-1189.0,-346.0,-778.0,-1199.0,-336.0,-791.0,-1223.0
-303,-771,-1228,-356.0,-795.0,-1197.0,-347.0,-779.0,-1199.0,-336.0,-789.0,-1222.0
-308,-767,-1232,-356.0,-805.0,-1203.0,-349.0,-782.0,-1201.0,-335.0,-788.0,-1221.0
-310,-764,-1233,-356.0,-802.0,-1206.0,-347.0,-780.0,-1203.0,-335.0,-787.0,-1220.0
-312,-762,-1234,-356.0,-799.0,-1208.0,-346.0,-779.0,-1205.0,-335.0,-786.0,-1220.0
-314,-760,-1235,-356.0,-797.0,-1199.0,-345.0,-779.0,-1206.0,-335.0,-784.0,-1219.0
-314,-758,-1236,-356.0,-795.0,-1199.0,-343.0,-777.0,-1208.0,-334.0,-783.0,-1218.0
-315,-757,-1237,-356.0,-793.0,-1199.0,-341.0,-776.0,-1210.0,-334.0,-782.0,-1216.0
-315,-756,-1237,-356.0,-792.0,-1199.0,-339.0,-775.0,-1213.0,-333.0,-780.0,-1215.0
-315,-756,-1239,-356.0,-791.0,-1199.0,-337.0,-774.0,-1215.0,-333.0,-779.0,-1214.0
-316,-756,-1237,-356.0,-790.0,-1199.0,-334.0,-772.0,-1218.0,-333.0,-777.0,-1213.0
-317,-756,-1237,-356.0,-789.0,-1199.0,-331.0,-771.0,-1221.0,-332.0,-776.0,-1212.0
-317,-756,-1236,-356.0,-789.0,-1199.0,-327.0,-769.0,-1223.0,-332.0,-774.0,-1211.0
-318,-756,-1236,-356.0,-783.0,-1199.0,-325.0,-768.0,-1225.0,-332.0,-772.0,-1210.0
-318,-756,-1235,-356.0,-783.0,-1199.0,-323.0,-768.0,-1227.0,-331.0,-771.0,-1209.0
-319,-756,-1235,-356.0,-783.0,-1199.0,-321.0,-767.0,-1229.0,-330.0,-769.0,-1207.0
-320,-756,-1234,-356.0,-783.0,-1199.0,-320.0,-766.0,-1231.0,-330.0,-767.0,-1206.0
-321,-756,-1233,-356.0,-783.0,-1199.0,-319.0,-766.0,-1233.0,-329.0,-765.0,-1204.0
-321,-756,-1232,-356.0,-783.0,-1199.0,-319.0,-766.0,-1235.0,-328.0,-763.0,-1203.0
-322,-756,-1231,-356.0,-783.0,-1199.0,-319.0,-766.0,-1236.0,-328.0,-760.0,-1201.0
-323,-756,-1230,-356.0,-783.0,-1199.0,-319.0,-766.0,-1237.0,-327.0,-758.0,-1199.0
-325,-756,-1229,-356.0,-783.0,-1199.0,-319.0,-766.0,-1237.0,-326.0,-754.0,-1197.0
-327,-755,-1228,-356.0,-783.0,-1199.0,-319.0,-766.0,-1238.0,-325.0,-753.0,-1196.0
-328,-755,-1226,-356.0,-783.0,-1199.0,-319.0,-766.0,-1239.0,-324.0,-750.0,-1194.0
-330,-755,-1225,-356.0,-783.0,-1199.0,-319.0,-766.0,-1239.0,-322.0,-748.0,-1192.0
-331,-753,-1223,-356.0,-783.0,-1199.0,-317.0,-764.0,-1239.0,-324.0,-747.0,-1190.0
-333,-755,-1221,-356.0,-783.0,-1199.0,-314.0,-761.0,-1240.0,-325.0,-745.0,-1188.0
-335,-755,-1219,-356.0,-783.0,-1199.0,-309.0,-756.0,-1241.0,-326.0,-745.0,-1187.0
-337,-755,-1218,-356.0,-783.0,-1199.0,-305.0,-750.0,-1242.0,-326.0,-744.0,-1185.0
-338,-756,-1216,-356.0,-783.0,-1199.0,-299.0,-743.0,-1246.0,-327.0,-743.0,-1184.0
-340,-756,-1213,-356.0,-783.0,-1199.0,-295.0,-738.0,-1241.0,-328.0,-743.0,-1183.0
-341,-756,-1211,-356.0,-783.0,-1199.0,-283.0,-731.0,-1229.0,-329.0,-742.0,-1182.0
-343,-757,-1209,-356.0,-783.0,-1199.0,-293.0,-721.0,-1220.0,-329.0,-740.0,-1181.0
-344,-757,-1207,-356.0,-783.0,-1199.0,-307.0,-739.0,-1206.0,-330.0,-742.0,-1179.0
-345,-758,-1206,-356.0,-783.0,-1199.0,-320.0,-756.0,-1195.0,-330.0,-744.0,-1181.0
-346,-758,-1204,-356.0,-783.0,-1199.0,-333.0,-768.0,-1179.0,-331.0,-744.0,-1182.0
-346,-759,-1203,-356.0,-783.0,-1199.0,-347.0,-793.0,-1154.0,-331.0,-746.0,-1184.0
-347,-760,-1202,-356.0,-783.0,-1199.0,-364.0,-809.0,-1174.0,-331.0,-747.0,-1185.0
-348,-761,-1201,-356.0,-783.0,-1199.0,-373.0,-822.0,-1216.0,-332.0,-749.0,-1187.0
-347,-761,-1200,-356.0,-783.0,-1199.0,-384.0,-835.0,-1238.0,-332.0,-751.0,-1189.0
-346,-762,-1200,-356.0,-783.0,-1199.0,-372.0,-846.0,-1259.0,-332.0,-753.0,-1191.0
-346,-763,-1200,-356.0,-783.0,-1199.0,-365.0,-838.0,-1341.0,-332.0,-756.0,-1194.0
-345,-764,-1200,-356.0,-783.0,-1199.0,-359.0,-834.0,-1273.0,-332.0,-757.0,-1195.0
-344,-765,-1198,-356.0,-783.0,-1199.0,-352.0,-824.0,-1279.0,-332.0,-758.0,-1196.0
-344,-765,-1200,-356.0,-783.0,-1199.0,-346.0,-815.0,-1340.0,-332.0,-760.0,-1198.0
-343,-766,-1200,-356.0,-783.0,-1199.0,-340.0,-808.0,-1302.0,-332.0,-760.0,-1198.0
-342,-766,-1200,-356.0,-783.0,-1199.0,-334.0,-797.0,-1291.0,-332.0,-762.0,-1201.0
-341,-767,-1200,-356.0,-783.0,-1199.0,-329.0,-787.0,-1277.0,-332.0,-760.0,-1198.0
-340,-767,-1201,-356.0,-783.0,-1199.0,-325.0,-779.0,-1267.0,-332.0,-760.0,-1198.0
-339,-767,-1202,-356.0,-783.0,-1199.0,-322.0,-773.0,-1255.0,-332.0,-759.0,-1197.0
-338,-768,-1203,-356.0,-783.0,-1199.0,-320.0,-769.0,-1247.0,-332.0,-759.0,-1196.0
-337,-768,-1203,-356.0,-783.0,-1199.0,-319.0,-766.0,-1241.0,-332.0,-758.0,-1195.0
-336,-769,-1204,-356.0,-783.0,-1199.0,-318.0,-764.0,-1236.0,-332.0,-757.0,-1194.0
-335,-769,-1204,-356.0,-783.0,-1199.0,-318.0,-763.0,-1233.0,-333.0,-756.0,-1193.0
-334,-769,-1206,-356.0,-783.0,-1199.0,-318.0,-762.0,-1229.0,-333.0,-755.0,-1192.0
-333,-770,-1204,-356.0,-783.0,-1199.0,-318.0,-761.0,-1227.0,-333.0,-754.0,-1191.0
-331,-771,-1204,-356.0,-783.0,-1199.0,-316.0,-760.0,-1225.0,-332.0,-753.0,-1190.0
-333,-772,-1202,-356.0,-783.0,-1199.0,-318.0,-760.0,-1223.0,-332.0,-752.0,-1189.0
-334,-773,-1201,-356.0,-783.0,-1199.0,-318.0,-760.0,-1221.0,-332.0,-751.0,-1188.0
-335,-774,-1199,-356.0,-783.0,-1199.0,-318.0,-759.0,-1219.0,-332.0,-750.0,-1187.0
-336,-775,-1198,-356.0,-783.0,-1199.0,-318.0,-759.0,-1217.0,-332.0,-749.0,-1187.0
-336,-776,-1196,-356.0,-783.0,-1199.0,-318.0,-759.0,-1215.0,-332.0,-749.0,-1186.0
-337,-778,-1194,-356.0,-783.0,-1199.0,-319.0,-758.0,-1213.0,-332.0,-748.0,-1186.0
-338,-779,-1192,-356.0,-783.0,-1199.0,-319.0,-758.0,-1211.0,-331.0,-746.0,-1184.0
-339,-780,-1190,-356.0,-783.0,-1199.0,-320.0,-757.0,-1208.0,-331.0,-748.0,-1186.0
-339,-780,-1189,-356.0,-783.0,-1199.0,-320.0,-757.0,-1204.0,-331.0,-749.0,-1186.0
-340,-781,-1187,-356.0,-783.0,-1199.0,-321.0,-756.0,-1200.0,-328.0,-750.0,-1188.0
-341,-782,-1186,-356.0,-783.0,-1199.0,-321.0,-756.0,-1196.0,-331.0,-751.0,-1189.0
-341,-782,-1185,-356.0,-783.0,-1199.0,-322.0,-755.0,-1192.0,-331.0,-754.0,-1191.0
-342,-782,-1184,-356.0,-783.0,-1199.0,-323.0,-754.0,-1187.0,-331.0,-757.0,-1194.0
-342,-783,-1183,-356.0,-783.0,-1199.0,-324.0,-752.0,-1183.0,-332.0,-760.0,-1197.0
-344,-785,-1181,-356.0,-783.0,-1199.0,-325.0,-751.0,-1179.0,-332.0,-764.0,-1199.0
-342,-783,-1183,-356.0,-783.0,-1199.0,-326.0,-750.0,-1175.0,-333.0,-768.0,-1203.0
-342,-783,-1184,-356.0,-783.0,-1199.0,-327.0,-750.0,-1171.0,-334.0,-772.0,-1206.0
-341,-782,-1186,-356.0,-783.0,-1199.0,-328.0,-749.0,-1168.0,-335.0,-775.0,-1209.0
-341,-781,-1188,-356.0,-783.0,-1199.0,-329.0,-748.0,-1166.0,-336.0,-779.0,-1211.0
-340,-780,-1190,-356.0,-783.0,-1199.0,-330.0,-746.0,-1164.0,-337.0,-781.0,-1214.0
-338,-778,-1194,-356.0,-783.0,-1199.0,-331.0,-748.0,-1161.0,-339.0,-784.0,-1216.0
-337,-777,-1197,-356.0,-783.0,-1199.0,-332.0,-749.0,-1163.0,-337.0,-785.0,-1218.0
-334,-776,-1201,-356.0,-783.0,-1199.0,-333.0,-750.0,-1164.0,-337.0,-786.0,-1219.0
-332,-775,-1204,-356.0,-783.0,-1199.0,-334.0,-751.0,-1166.0,-336.0,-787.0,-1220.0
-329,-773,-1208,-356.0,-783.0,-1199.0,-335.0,-753.0,-1167.0,-336.0,-788.0,-1222.0
-326,-771,-1212,-356.0,-783.0,-1199.0,-336.0,-755.0,-1170.0,-336.0,-789.0,-1223.0
-323,-770,-1215,-356.0,-783.0,-1199.0,-336.0,-757.0,-1173.0,-336.0,-790.0,-1224.0
-321,-769,-1218,-356.0,-783.0,-1199.0,-337.0,-759.0,-1176.0,-336.0,-791.0,-1225.0
-319,-768,-1221,-356.0,-783.0,-1199.0,-337.0,-760.0,-1179.0,-336.0,-792.0,-1226.0
-318,-767,-1223,-356.0,-783.0,-1199.0,-338.0,-762.0,-1182.0,-335.0,-795.0,-1228.0
-317,-767,-1226,-356.0,-783.0,-1199.0,-339.0,-764.0,-1184.0,-335.0,-800.0,-1234.0
-316,-766,-1227,-356.0,-783.0,-1199.0,-338.0,-764.0,-1187.0,-335.0,-807.0,-1241.0
-316,-763,-1230,-356.0,-783.0,-1199.0,-337.0,-766.0,-1190.0,-335.0,-817.0,-1251.0
-316,-765,-1228,-356.0,-783.0,-1199.0,-337.0,-767.0,-1192.0,-335.0,-823.0,-1258.0
-316,-766,-1227,-356.0,-783.0,-1199.0,-336.0,-768.0,-1195.0,-335.0,-846.0,-1263.0
-316,-766,-1227,-356.0,-783.0,-1199.0,-336.0,-769.0,-1198.0,-334.0,-826.0,-1281.0
-316,-767,-1226,-356.0,-783.0,-1199.0,-335.0,-770.0,-1200.0,-333.0,-813.0,-1250.0
-316,-767,-1225,-356.0,-783.0,-1199.0,-334.0,-770.0,-1202.0,-331.0,-800.0,-1237.0
-316,-770,-1225,-356.0,-783.0,-1199.0,-333.0,-770.0,-1204.0,-329.0,-781.0,-1223.0
-316,-767,-1227,-356.0,-783.0,-1199.0,-333.0,-770.0,-1205.0,-324.0,-751.0,-1191.0
-314,-763,-1230,-356.0,-783.0,-1199.0,-332.0,-772.0,-1207.0,-327.0,-733.0,-1167.0
-311,-761,-1239,-356.0,-783.0,-1199.0,-332.0,-770.0,-1207.0,-331.0,-713.0,-1158.0
-306,-758,-1249,-356.0,-783.0,-1199.0,-331.0,-770.0,-1209.0,-335.0,-689.0,-1130.0
-303,-755,-1253,-356.0,-783.0,-1199.0,-331.0,-770.0,-1207.0,-338.0,-734.0,-1159.0
-289,-744,-1276,-356.0,-783.0,-1199.0,-331.0,-770.0,-1207.0,-343.0,-759.0,-1185.0
-299,-751,-1255,-356.0,-783.0,-1199.0,-330.0,-769.0,-1206.0,-346.0,-776.0,-1195.0
-307,-758,-1241,-356.0,-783.0,-1199.0,-328.0,-770.0,-1205.0,-350.0,-797.0,-1212.0
-316,-763,-1230,-356.0,-783.0,-1199.0,-330.0,-770.0,-1204.0,-355.0,-810.0,-1230.0
-327,-775,-1212,-356.0,-783.0,-1199.0,-331.0,-770.0,-1202.0,-351.0,-820.0,-1237.0
-342,-786,-1183,-356.0,-783.0,-1199.0,-331.0,-770.0,-1200.0,-348.0,-830.0,-1242.0
-351,-794,-1159,-356.0,-783.0,-1199.0,-331.0,-770.0,-1198.0,-346.0,-820.0,-1243.0
-373,-803,-1122,-356.0,-783.0,-1199.0,-332.0,-770.0,-1196.0,-343.0,-817.0,-1243.0
-350,-817,-1157,-356.0,-783.0,-1199.0,-333.0,-770.0,-1194.0,-340.0,-814.0,-1243.0
-341,-802,-1168,-356.0,-783.0,-1199.0,-334.0,-770.0,-1192.0,-337.0,-811.0,-1243.0
-330,-795,-1185,-356.0,-783.0,-1199.0,-335.0,-771.0,-1191.0,-335.0,-810.0,-1244.0
-318,-788,-1204,-356.0,-783.0,-1199.0,-336.0,-772.0,-1190.0,-334.0,-809.0,-1247.0
-306,-781,-1223,-356.0,-783.0,-1199.0,-337.0,-773.0,-1189.0,-333.0,-808.0,-1245.0
-299,-775,-1234,-356.0,-783.0,-1199.0,-338.0,-774.0,-1186.0,-332.0,-806.0,-1244.0
-292,-771,-1242,-356.0,-783.0,-1199.0,-340.0,-775.0,-1188.0,-332.0,-805.0,-1244.0
-299,-769,-1248,-356.0,-783.0,-1199.0,-341.0,-776.0,-1189.0,-332.0,-804.0,-1243.0
-301,-766,-1243,-356.0,-783.0,-1199.0,-342.0,-777.0,-1190.0,-332.0,-804.0,-1242.0
-304,-765,-1242,-356.0,-783.0,-1199.0,-342.0,-778.0,-1191.0,-332.0,-803.0,-1242.0
-306,-764,-1241,-356.0,-783.0,-1199.0,-343.0,-780.0,-1193.0,-332.0,-802.0,-1242.0
-308,-762,-1241,-356.0,-783.0,-1199.0,-345.0,-778.0,-1195.0,-332.0,-802.0,-1241.0
-310,-761,-1241,-356.0,-783.0,-1199.0,-343.0,-778.0,-1197.0,-332.0,-801.0,-1241.0
-311,-760,-1241,-356.0,-783.0,-1199.0,-342.0,-777.0,-1200.0,-331.0,-801.0,-1240.0
-311,-759,-1241,-356.0,-783.0,-1199.0,-340.0,-777.0,-1202.0,-331.0,-800.0,-1240.0
-312,-757,-1241,-356.0,-783.0,-1199.0,-339.0,-776.0,-1205.0,-330.0,-799.0,-1239.0
-313,-759,-1240,-356.0,-783.0,-1199.0,-337.0,-775.0,-1208.0,-330.0,-798.0,-1238.0
-314,-760,-1239,-356.0,-783.0,-1199.0,-335.0,-774.0,-1211.0,-329.0,-796.0,-1237.0
-315,-760,-1238,-356.0,-783.0,-1199.0,-334.0,-773.0,-1214.0,-329.0,-794.0,-1235.0
-315,-760,-1237,-356.0,-783.0,-1199.0,-331.0,-773.0,-1217.0,-328.0,-792.0,-1234.0
-315,-760,-1236,-356.0,-783.0,-1199.0,-329.0,-772.0,-1220.0,-327.0,-790.0,-1233.0
-316,-761,-1236,-356.0,-783.0,-1199.0,-326.0,-770.0,-1222.0,-327.0,-788.0,-1231.0
-316,-761,-1235,-356.0,-783.0,-1199.0,-324.0,-769.0,-1225.0,-326.0,-785.0,-1229.0
-317,-762,-1234,-356.0,-783.0,-1199.0,-323.0,-769.0,-1227.0,-325.0,-782.0,-1227.0
-317,-762,-1233,-356.0,-783.0,-1199.0,-321.0,-768.0,-1229.0,-324.0,-778.0,-1224.0
-318,-763,-1232,-356.0,-783.0,-1199.0,-321.0,-768.0,-1230.0,-324.0,-775.0,-1221.0
-319,-763,-1231,-356.0,-783.0,-1199.0,-318.0,-767.0,-1232.0,-323.0,-772.0,-1219.0
-320,-763,-1230,-356.0,-783.0,-1199.0,-320.0,-767.0,-1233.0,-323.0,-770.0,-1216.0
-321,-764,-1228,-356.0,-783.0,-1199.0,-321.0,-767.0,-1233.0,-323.0,-766.0,-1214.0
-322,-764,-1227,-356.0,-783.0,-1199.0,-321.0,-767.0,-1234.0,-322.0,-764.0,-1211.0
-323,-764,-1225,-356.0,-783.0,-1199.0,-321.0,-767.0,-1234.0,-322.0,-761.0,-1209.0
-324,-764,-1224,-356.0,-783.0,-1199.0,-321.0,-767.0,-1235.0,-322.0,-758.0,-1207.0
-325,-764,-1223,-356.0,-783.0,-1199.0,-321.0,-767.0,-1235.0,-320.0,-756.0,-1205.0
-326,-764,-1221,-356.0,-783.0,-1199.0,-321.0,-766.0,-1236.0,-322.0,-755.0,-1203.0
-328,-764,-1220,-356.0,-783.0,-1199.0,-318.0,-763.0,-1235.0,-322.0,-753.0,-1202.0
-329,-765,-1218,-356.0,-783.0,-1199.0,-315.0,-759.0,-1235.0,-322.0,-751.0,-1200.0
-330,-765,-1216,-356.0,-783.0,-1199.0,-311.0,-754.0,-1235.0,-322.0,-750.0,-1198.0
-332,-765,-1214,-356.0,-783.0,-1199.0,-306.0,-748.0,-1234.0,-323.0,-749.0,-1196.0
-333,-765,-1213,-356.0,-783.0,-1199.0,-303.0,-743.0,-1229.0,-324.0,-748.0,-1195.0
-334,-766,-1211,-356.0,-783.0,-1199.0,-292.0,-729.0,-1220.0,-325.0,-746.0,-1194.0
-335,-766,-1209,-356.0,-783.0,-1199.0,-306.0,-742.0,-1211.0,-325.0,-748.0,-1193.0
-337,-767,-1207,-356.0,-783.0,-1199.0,-314.0,-749.0,-1203.0,-326.0,-749.0,-1192.0
-338,-767,-1206,-356.0,-783.0,-1199.0,-325.0,-762.0,-1192.0,-327.0,-749.0,-1192.0
-339,-768,-1204,-356.0,-783.0,-1199.0,-346.0,-784.0,-1162.0,-328.0,-751.0,-1193.0
-340,-768,-1203,-356.0,-783.0,-1199.0,-357.0,-801.0,-1185.0,-329.0,-752.0,-1194.0
-340,-769,-1201,-356.0,-783.0,-1199.0,-367.0,-813.0,-1211.0,-330.0,-754.0,-1195.0
-341,-770,-1200,-356.0,-783.0,-1199.0,-376.0,-826.0,-1229.0,-330.0,-756.0,-1196.0
-341,-771,-1199,-356.0,-783.0,-1199.0,-387.0,-847.0,-1268.0,-331.0,-758.0,-1197.0
-342,-771,-1199,-356.0,-783.0,-1199.0,-372.0,-837.0,-1302.0,-331.0,-761.0,-1198.0
-344,-772,-1198,-356.0,-783.0,-1199.0,-366.0,-833.0,-1376.0,-332.0,-762.0,-1200.0
-342,-772,-1197,-356.0,-783.0,-1199.0,-357.0,-826.0,-1288.0,-332.0,-764.0,-1201.0
-342,-773,-1196,-356.0,-783.0,-1199.0,-350.0,-816.0,-1288.0,-332.0,-765.0,-1203.0
-341,-774,-1194,-356.0,-783.0,-1199.0,-344.0,-807.0,-1291.0,-333.0,-766.0,-1204.0
-341,-774,-1196,-356.0,-783.0,-1199.0,-339.0,-799.0,-1356.0,-333.0,-767.0,-1205.0
-340,-775,-1196,-356.0,-783.0,-1199.0,-334.0,-791.0,-1298.0,-333.0,-768.0,-1206.0
-338,-775,-1197,-356.0,-783.0,-1199.0,-330.0,-783.0,-1281.0,-333.0,-770.0,-1208.0
-337,-775,-1198,-356.0,-783.0,-1199.0,-327.0,-778.0,-1268.0,-333.0,-768.0,-1206.0
-336,-775,-1199,-356.0,-783.0,-1199.0,-324.0,-772.0,-1257.0,-333.0,-768.0,-1205.0
-335,-775,-1200,-356.0,-783.0,-1199.0,-322.0,-767.0,-1243.0,-333.0,-767.0,-1204.0
-334,-775,-1201,-356.0,-783.0,-1199.0,-320.0,-764.0,-1234.0,-333.0,-766.0,-1203.0
-333,-775,-1203,-356.0,-783.0,-1199.0,-319.0,-762.0,-1230.0,-333.0,-764.0,-1201.0
-333,-775,-1203,-356.0,-783.0,-1199.0,-318.0,-761.0,-1226.0,-333.0,-762.0,-1198.0
-333,-775,-1206,-356.0,-783.0,-1199.0,-318.0,-760.0,-1223.0,-333.0,-760.0,-1197.0
-330,-775,-1203,-356.0,-783.0,-1199.0,-318.0,-759.0,-1219.0,-333.0,-757.0,-1194.0
-333,-775,-1202,-356.0,-783.0,-1199.0,-317.0,-758.0,-1217.0,-333.0,-755.0,-1191.0
-334,-775,-1201,-356.0,-783.0,-1199.0,-317.0,-758.0,-1215.0,-333.0,-752.0,-1189.0
-334,-776,-1199,-356.0,-783.0,-1199.0,-317.0,-758.0,-1214.0,-333.0,-750.0,-1186.0
-335,-776,-1197,-356.0,-783.0,-1199.0,-315.0,-757.0,-1212.0,-333.0,-747.0,-1183.0
-336,-777,-1195,-356.0,-783.0,-1199.0,-317.0,-757.0,-1210.0,-333.0,-745.0,-1181.0
-338,-778,-1194,-356.0,-783.0,-1199.0,-317.0,-757.0,-1208.0,-333.0,-743.0,-1180.0
-339,-779,-1192,-356.0,-783.0,-1199.0,-317.0,-756.0,-1206.0,-333.0,-742.0,-1178.0
-340,-780,-1190,-356.0,-783.0,-1199.0,-318.0,-756.0,-1204.0,-333.0,-739.0,-1175.0
-341,-781,-1189,-356.0,-783.0,-1199.0,-318.0,-755.0,-1201.0,-333.0,-742.0,-1177.0
-342,-782,-1187,-356.0,-783.0,-1199.0,-319.0,-755.0,-1197.0,-334.0,-744.0,-1179.0
-342,-783,-1185,-356.0,-783.0,-1199.0,-319.0,-754.0,-1193.0,-334.0,-747.0,-1182.0
-343,-784,-1183,-356.0,-783.0,-1199.0,-320.0,-752.0,-1189.0,-334.0,-750.0,-1184.0
-344,-785,-1181,-356.0,-783.0,-1199.0,-321.0,-751.0,-1183.0,-335.0,-755.0,-1188.0
-345,-786,-1179,-356.0,-783.0,-1199.0,-321.0,-750.0,-1177.0,-336.0,-759.0,-1193.0
-345,-786,-1179,-356.0,-783.0,-1199.0,-321.0,-749.0,-1172.0,-336.0,-765.0,-1198.0
-346,-787,-1177,-356.0,-783.0,-1199.0,-322.0,-748.0,-1166.0,-337.0,-771.0,-1203.0
-348,-789,-1175,-356.0,-783.0,-1199.0,-323.0,-747.0,-1160.0,-338.0,-776.0,-1207.0
-346,-787,-1177,-356.0,-783.0,-1199.0,-324.0,-746.0,-1156.0,-339.0,-781.0,-1211.0
-345,-786,-1178,-356.0,-783.0,-1199.0,-325.0,-745.0,-1153.0,-340.0,-786.0,-1215.0
-344,-786,-1181,-356.0,-783.0,-1199.0,-326.0,-743.0,-1150.0,-340.0,-790.0,-1218.0
-342,-784,-1183,-356.0,-783.0,-1199.0,-327.0,-745.0,-1146.0,-342.0,-792.0,-1221.0
-340,-783,-1187,-356.0,-783.0,-1199.0,-328.0,-746.0,-1149.0,-340.0,-796.0,-1223.0
-338,-782,-1190,-356.0,-783.0,-1199.0,-329.0,-747.0,-1150.0,-340.0,-798.0,-1226.0
-336,-780,-1194,-356.0,-783.0,-1199.0,-330.0,-748.0,-1153.0,-339.0,-800.0,-1228.0
-333,-779,-1199,-356.0,-783.0,-1199.0,-331.0,-750.0,-1155.0,-338.0,-802.0,-1231.0
-330,-777,-1203,-356.0,-783.0,-1199.0,-332.0,-752.0,-1158.0,-337.0,-803.0,-1233.0
-327,-776,-1207,-356.0,-783.0,-1199.0,-333.0,-753.0,-1162.0,-336.0,-805.0,-1235.0
-325,-774,-1210,-356.0,-783.0,-1199.0,-333.0,-755.0,-1166.0,-336.0,-805.0,-1238.0
-322,-771,-1214,-356.0,-783.0,-1199.0,-334.0,-757.0,-1170.0,-335.0,-806.0,-1240.0
-321,-770,-1217,-356.0,-783.0,-1199.0,-335.0,-759.0,-1174.0,-335.0,-808.0,-1242.0
-319,-769,-1220,-356.0,-783.0,-1199.0,-335.0,-761.0,-1177.0,-334.0,-813.0,-1247.0
-319,-768,-1222,-356.0,-783.0,-1199.0,-336.0,-762.0,-1181.0,-335.0,-821.0,-1255.0
-315,-766,-1224,-356.0,-783.0,-1199.0,-336.0,-764.0,-1184.0,-335.0,-828.0,-1261.0
-317,-765,-1225,-356.0,-783.0,-1199.0,-338.0,-765.0,-1188.0,-338.0,-832.0,-1264.0
-318,-765,-1226,-356.0,-783.0,-1199.0,-337.0,-766.0,-1191.0,-336.0,-851.0,-1281.0
-318,-765,-1226,-356.0,-783.0,-1199.0,-336.0,-767.0,-1195.0,-334.0,-831.0,-1260.0
-318,-765,-1226,-356.0,-783.0,-1199.0,-336.0,-768.0,-1197.0,-333.0,-813.0,-1247.0
-318,-765,-1226,-356.0,-783.0,-1199.0,-335.0,-768.0,-1200.0,-331.0,-792.0,-1233.0
-318,-765,-1227,-356.0,-783.0,-1199.0,-334.0,-768.0,-1202.0,-329.0,-767.0,-1212.0
-317,-763,-1230,-356.0,-783.0,-1199.0,-333.0,-769.0,-1204.0,-322.0,-740.0,-1178.0
-313,-761,-1236,-356.0,-783.0,-1199.0,-332.0,-769.0,-1206.0,-326.0,-714.0,-1156.0
-310,-758,-1243,-356.0,-783.0,-1199.0,-331.0,-769.0,-1207.0,-328.0,-703.0,-1147.0
-306,-755,-1248,-356.0,-783.0,-1199.0,-331.0,-769.0,-1208.0,-331.0,-672.0,-1111.0
-295,-746,-1266,-356.0,-783.0,-1199.0,-331.0,-770.0,-1209.0,-335.0,-714.0,-1145.0
-306,-752,-1245,-356.0,-783.0,-1199.0,-331.0,-769.0,-1211.0,-340.0,-736.0,-1164.0
-310,-758,-1232,-356.0,-783.0,-1199.0,-329.0,-769.0,-1209.0,-344.0,-757.0,-1181.0
-323,-764,-1222,-356.0,-783.0,-1199.0,-331.0,-769.0,-1208.0,-347.0,-776.0,-1195.0
-339,-773,-1194,-356.0,-783.0,-1199.0,-331.0,-769.0,-1207.0,-353.0,-789.0,-1208.0
-350,-788,-1171,-356.0,-783.0,-1199.0,-331.0,-769.0,-1205.0,-349.0,-801.0,-1215.0
-356,-798,-1146,-356.0,-783.0,-1199.0,-331.0,-768.0,-1204.0,-348.0,-808.0,-1221.0
-383,-806,-1136,-356.0,-783.0,-1199.0,-331.0,-768.0,-1202.0,-346.0,-804.0,-1223.0
-359,-823,-1105,-356.0,-783.0,-1199.0,-332.0,-768.0,-1199.0,-344.0,-802.0,-1224.0
-352,-805,-1152,-356.0,-783.0,-1199.0,-333.0,-769.0,-1197.0,-343.0,-801.0,-1225.0
-342,-800,-1164,-356.0,-783.0,-1199.0,-334.0,-769.0,-1195.0,-343.0,-801.0,-1225.0
-326,-792,-1185,-356.0,-783.0,-1199.0,-334.0,-770.0,-1194.0,-342.0,-802.0,-1225.0
-317,-786,-1205,-356.0,-783.0,-1199.0,-336.0,-771.0,-1192.0,-342.0,-803.0,-1226.0
-309,-780,-1221,-356.0,-783.0,-1199.0,-338.0,-772.0,-1191.0,-342.0,-803.0,-1226.0
-300,-776,-1226,-356.0,-783.0,-1199.0,-339.0,-773.0,-1190.0,-341.0,-805.0,-1227.0
-306,-775,-1231,-356.0,-783.0,-1199.0,-340.0,-774.0,-1187.0,-340.0,-803.0,-1227.0
-307,-773,-1227,-356.0,-783.0,-1199.0,-342.0,-775.0,-1190.0,-340.0,-803.0,-1228.0
-310,-772,-1226,-356.0,-783.0,-1199.0,-343.0,-776.0,-1190.0,-340.0,-803.0,-1228.0
-312,-771,-1225,-356.0,-783.0,-1199.0,-345.0,-777.0,-1191.0,-339.0,-802.0,-1229.0
-314,-770,-1224,-356.0,-783.0,-1199.0,-346.0,-779.0,-1192.0,-339.0,-802.0,-1228.0
-316,-769,-1223,-356.0,-783.0,-1199.0,-349.0,-779.0,-1194.0,-339.0,-801.0,-1228.0
-317,-768,-1223,-356.0,-783.0,-1199.0,-347.0,-782.0,-1195.0,-338.0,-801.0,-1227.0
-318,-767,-1223,-356.0,-783.0,-1199.0,-346.0,-780.0,-1196.0,-337.0,-800.0,-1227.0
-318,-767,-1224,-356.0,-783.0,-1199.0,-345.0,-779.0,-1198.0,-337.0,-798.0,-1226.0
-319,-766,-1226,-356.0,-783.0,-1199.0,-344.0,-779.0,-1200.0,-336.0,-797.0,-1225.0
-319,-766,-1224,-356.0,-783.0,-1199.0,-342.0,-778.0,-1203.0,-336.0,-795.0,-1224.0
-320,-766,-1224,-356.0,-783.0,-1199.0,-340.0,-776.0,-1205.0,-335.0,-793.0,-1223.0
-320,-766,-1223,-356.0,-783.0,-1199.0,-338.0,-775.0,-1208.0,-334.0,-791.0,-1221.0
-320,-766,-1222,-356.0,-783.0,-1199.0,-336.0,-774.0,-1210.0,-333.0,-788.0,-1219.0
-321,-767,-1221,-356.0,-783.0,-1199.0,-333.0,-772.0,-1213.0,-332.0,-785.0,-1217.0
-322,-767,-1220,-356.0,-783.0,-1199.0,-330.0,-770.0,-1215.0,-331.0,-782.0,-1215.0
-323,-768,-1218,-356.0,-783.0,-1199.0,-328.0,-769.0,-1218.0,-329.0,-779.0,-1213.0
-324,-769,-1217,-356.0,-783.0,-1199.0,-326.0,-768.0,-1221.0,-328.0,-775.0,-1211.0
-324,-769,-1215,-356.0,-783.0,-1199.0,-324.0,-767.0,-1224.0,-328.0,-772.0,-1209.0
-325,-770,-1214,-356.0,-783.0,-1199.0,-323.0,-766.0,-1226.0,-327.0,-770.0,-1207.0
-326,-770,-1213,-356.0,-783.0,-1199.0,-322.0,-765.0,-1228.0,-326.0,-767.0,-1205.0
-327,-771,-1211,-356.0,-783.0,-1199.0,-321.0,-765.0,-1229.0,-326.0,-764.0,-1203.0
-328,-771,-1210,-356.0,-783.0,-1199.0,-321.0,-765.0,-1230.0,-325.0,-761.0,-1201.0
-329,-773,-1208,-356.0,-783.0,-1199.0,-320.0,-765.0,-1230.0,-325.0,-759.0,-1199.0
-330,-772,-1207,-356.0,-783.0,-1199.0,-320.0,-764.0,-1230.0,-325.0,-757.0,-1197.0
-332,-771,-1206,-356.0,-783.0,-1199.0,-318.0,-764.0,-1232.0,-325.0,-755.0,-1195.0
-334,-771,-1205,-356.0,-783.0,-1199.0,-320.0,-763.0,-1231.0,-325.0,-755.0,-1194.0
-335,-770,-1204,-356.0,-783.0,-1199.0,-320.0,-763.0,-1230.0,-324.0,-754.0,-1193.0
-337,-770,-1203,-356.0,-783.0,-1199.0,-321.0,-762.0,-1230.0,-322.0,-754.0,-1193.0
-339,-769,-1202,-356.0,-783.0,-1199.0,-320.0,-762.0,-1230.0,-324.0,-754.0,-1192.0
-340,-769,-1201,-356.0,-783.0,-1199.0,-317.0,-760.0,-1229.0,-325.0,-754.0,-1192.0
-341,-768,-1200,-356.0,-783.0,-1199.0,-314.0,-756.0,-1226.0,-326.0,-754.0,-1191.0
-342,-768,-1199,-356.0,-783.0,-1199.0,-308.0,-751.0,-1224.0,-327.0,-752.0,-1190.0
-343,-768,-1197,-356.0,-783.0,-1199.0,-304.0,-745.0,-1218.0,-328.0,-754.0,-1189.0
-344,-768,-1196,-356.0,-783.0,-1199.0,-292.0,-741.0,-1207.0,-329.0,-754.0,-1188.0
-345,-769,-1195,-356.0,-783.0,-1199.0,-304.0,-729.0,-1196.0,-330.0,-754.0,-1187.0
-346,-769,-1193,-356.0,-783.0,-1199.0,-312.0,-748.0,-1186.0,-331.0,-754.0,-1186.0
-347,-770,-1191,-356.0,-783.0,-1199.0,-322.0,-758.0,-1178.0,-332.0,-754.0,-1184.0
-348,-771,-1190,-356.0,-783.0,-1199.0,-340.0,-770.0,-1151.0,-332.0,-755.0,-1186.0
-349,-773,-1188,-356.0,-783.0,-1199.0,-359.0,-795.0,-1168.0,-333.0,-756.0,-1187.0
-350,-774,-1186,-356.0,-783.0,-1199.0,-368.0,-807.0,-1200.0,-333.0,-757.0,-1188.0
-352,-775,-1185,-356.0,-783.0,-1199.0,-379.0,-821.0,-1225.0,-334.0,-759.0,-1189.0
-350,-776,-1184,-356.0,-783.0,-1199.0,-403.0,-837.0,-1254.0,-334.0,-760.0,-1190.0
-349,-777,-1183,-356.0,-783.0,-1199.0,-389.0,-852.0,-1294.0,-335.0,-761.0,-1190.0
-347,-778,-1180,-356.0,-783.0,-1199.0,-383.0,-840.0,-1310.0,-335.0,-763.0,-1191.0
-346,-779,-1182,-356.0,-783.0,-1199.0,-374.0,-833.0,-1345.0,-336.0,-766.0,-1191.0
-345,-779,-1183,-356.0,-783.0,-1199.0,-364.0,-825.0,-1385.0,-337.0,-764.0,-1190.0
-344,-780,-1184,-356.0,-783.0,-1199.0,-355.0,-815.0,-1348.0,-337.0,-763.0,-1189.0
-343,-780,-1185,-356.0,-783.0,-1199.0,-347.0,-806.0,-1328.0,-338.0,-762.0,-1188.0
-341,-781,-1186,-356.0,-783.0,-1199.0,-341.0,-797.0,-1311.0,-338.0,-760.0,-1187.0
-340,-781,-1187,-356.0,-783.0,-1199.0,-335.0,-788.0,-1293.0,-340.0,-759.0,-1185.0
-340,-781,-1189,-356.0,-783.0,-1199.0,-330.0,-780.0,-1272.0,-338.0,-758.0,-1183.0
-339,-781,-1190,-356.0,-783.0,-1199.0,-327.0,-774.0,-1255.0,-338.0,-756.0,-1182.0
-338,-781,-1190,-356.0,-783.0,-1199.0,-325.0,-770.0,-1243.0,-338.0,-755.0,-1181.0
-337,-781,-1190,-356.0,-783.0,-1199.0,-322.0,-766.0,-1232.0,-337.0,-753.0,-1179.0
-335,-782,-1190,-356.0,-783.0,-1199.0,-321.0,-763.0,-1225.0,-337.0,-752.0,-1178.0
-337,-783,-1189,-356.0,-783.0,-1199.0,-319.0,-761.0,-1220.0,-337.0,-750.0,-1177.0
-338,-784,-1188,-356.0,-783.0,-1199.0,-316.0,-760.0,-1216.0,-337.0,-748.0,-1175.0
-339,-784,-1186,-356.0,-783.0,-1199.0,-319.0,-756.0,-1213.0,-336.0,-747.0,-1174.0
-340,-785,-1184,-356.0,-783.0,-1199.0,-320.0,-759.0,-1211.0,-336.0,-745.0,-1172.0
-341,-786,-1182,-356.0,-783.0,-1199.0,-321.0,-760.0,-1209.0,-336.0,-744.0,-1172.0
-342,-787,-1180,-356.0,-783.0,-1199.0,-322.0,-760.0,-1208.0,-336.0,-743.0,-1170.0
-343,-788,-1178,-356.0,-783.0,-1199.0,-323.0,-761.0,-1207.0,-335.0,-742.0,-1168.0
-345,-789,-1176,-356.0,-783.0,-1199.0,-323.0,-761.0,-1206.0,-335.0,-739.0,-1170.0
-346,-790,-1174,-356.0,-783.0,-1199.0,-322.0,-760.0,-1204.0,-335.0,-741.0,-1170.0
-347,-791,-1172,-356.0,-783.0,-1199.0,-321.0,-759.0,-1203.0,-335.0,-742.0,-1171.0
-348,-791,-1170,-356.0,-783.0,-1199.0,-319.0,-758.0,-1201.0,-335.0,-744.0,-1174.0
-350,-792,-1168,-356.0,-783.0,-1199.0,-321.0,-757.0,-1198.0,-335.0,-747.0,-1176.0
-351,-792,-1166,-356.0,-783.0,-1199.0,-322.0,-757.0,-1195.0,-335.0,-751.0,-1179.0
-352,-793,-1164,-356.0,-783.0,-1199.0,-322.0,-756.0,-1191.0,-335.0,-755.0,-1183.0
-353,-793,-1163,-356.0,-783.0,-1199.0,-322.0,-756.0,-1187.0,-336.0,-759.0,-1186.0
-354,-794,-1162,-356.0,-783.0,-1199.0,-323.0,-755.0,-1182.0,-337.0,-764.0,-1190.0
-356,-795,-1160,-356.0,-783.0,-1199.0,-323.0,-755.0,-1177.0,-338.0,-768.0,-1193.0
-354,-794,-1162,-356.0,-783.0,-1199.0,-323.0,-754.0,-1172.0,-339.0,-772.0,-1197.0
-354,-793,-1163,-356.0,-783.0,-1199.0,-323.0,-753.0,-1166.0,-340.0,-777.0,-1201.0
-353,-793,-1165,-356.0,-783.0,-1199.0,-324.0,-752.0,-1161.0,-341.0,-781.0,-1205.0
-352,-791,-1168,-356.0,-783.0,-1199.0,-325.0,-751.0,-1156.0,-342.0,-785.0,-1208.0
-350,-790,-1172,-356.0,-783.0,-1199.0,-326.0,-750.0,-1152.0,-344.0,-788.0,-1211.0
-348,-789,-1176,-356.0,-783.0,-1199.0,-327.0,-748.0,-1147.0,-342.0,-791.0,-1213.0
-346,-787,-1179,-356.0,-783.0,-1199.0,-328.0,-750.0,-1144.0,-341.0,-793.0,-1216.0
-343,-785,-1183,-356.0,-783.0,-1199.0,-329.0,-751.0,-1139.0,-341.0,-795.0,-1218.0
-341,-783,-1187,-356.0,-783.0,-1199.0,-330.0,-752.0,-1142.0,-341.0,-797.0,-1220.0
-338,-782,-1191,-356.0,-783.0,-1199.0,-331.0,-753.0,-1143.0,-342.0,-799.0,-1221.0
-335,-780,-1195,-356.0,-783.0,-1199.0,-333.0,-754.0,-1146.0,-342.0,-801.0,-1223.0
-333,-778,-1199,-356.0,-783.0,-1199.0,-334.0,-755.0,-1149.0,-346.0,-803.0,-1224.0
-331,-776,-1202,-356.0,-783.0,-1199.0,-334.0,-756.0,-1152.0,-344.0,-804.0,-1225.0
-329,-775,-1205,-356.0,-783.0,-1199.0,-335.0,-757.0,-1157.0,-343.0,-806.0,-1227.0
-328,-773,-1207,-356.0,-783.0,-1199.0,-335.0,-759.0,-1161.0,-343.0,-808.0,-1229.0
-327,-772,-1210,-356.0,-783.0,-1199.0,-336.0,-760.0,-1166.0,-342.0,-816.0,-1236.0
-326,-772,-1211,-356.0,-783.0,-1199.0,-336.0,-762.0,-1170.0,-342.0,-823.0,-1242.0
-325,-770,-1213,-356.0,-783.0,-1199.0,-337.0,-763.0,-1174.0,-343.0,-826.0,-1246.0
-323,-770,-1214,-356.0,-783.0,-1199.0,-336.0,-764.0,-1178.0,-346.0,-844.0,-1263.0
-322,-769,-1216,-356.0,-783.0,-1199.0,-336.0,-765.0,-1183.0,-344.0,-829.0,-1248.0
-321,-769,-1218,-356.0,-783.0,-1199.0,-335.0,-767.0,-1187.0,-343.0,-816.0,-1241.0
-321,-768,-1220,-356.0,-783.0,-1199.0,-335.0,-768.0,-1192.0,-341.0,-795.0,-1220.0
-319,-767,-1222,-356.0,-783.0,-1199.0,-334.0,-768.0,-1197.0,-339.0,-764.0,-1193.0
-317,-765,-1225,-356.0,-783.0,-1199.0,-333.0,-768.0,-1201.0,-337.0,-744.0,-1165.0
-315,-762,-1232,-356.0,-783.0,-1199.0,-333.0,-768.0,-1204.0,-335.0,-713.0,-1143.0
-312,-758,-1240,-356.0,-783.0,-1199.0,-332.0,-769.0,-1207.0,-336.0,-665.0,-1092.0
-308,-756,-1244,-356.0,-783.0,-1199.0,-332.0,-769.0,-1209.0,-339.0,-697.0,-1152.0
-300,-752,-1247,-356.0,-783.0,-1199.0,-332.0,-769.0,-1211.0,-342.0,-714.0,-1093.0
-307,-744,-1264,-356.0,-783.0,-1199.0,-332.0,-769.0,-1213.0,-345.0,-736.0,-1152.0
-313,-754,-1237,-356.0,-783.0,-1199.0,-332.0,-769.0,-1214.0,-350.0,-758.0,-1169.0
-325,-762,-1220,-356.0,-783.0,-1199.0,-330.0,-770.0,-1215.0,-353.0,-779.0,-1190.0
-337,-769,-1203,-356.0,-783.0,-1199.0,-332.0,-770.0,-1217.0,-358.0,-794.0,-1203.0
-351,-784,-1178,-356.0,-783.0,-1199.0,-332.0,-770.0,-1215.0,-354.0,-805.0,-1214.0
-363,-798,-1145,-356.0,-783.0,-1199.0,-332.0,-771.0,-1214.0,-352.0,-809.0,-1221.0
-374,-804,-1096,-356.0,-783.0,-1199.0,-332.0,-771.0,-1213.0,-349.0,-814.0,-1224.0
-390,-825,-1150,-356.0,-783.0,-1199.0,-332.0,-771.0,-1212.0,-346.0,-808.0,-1226.0
-364,-810,-1096,-356.0,-783.0,-1199.0,-333.0,-771.0,-1210.0,-343.0,-807.0,-1228.0
-352,-804,-1148,-356.0,-783.0,-1199.0,-334.0,-771.0,-1209.0,-341.0,-806.0,-1229.0
-342,-797,-1167,-356.0,-783.0,-1199.0,-335.0,-771.0,-1207.0,-338.0,-806.0,-1230.0
-332,-788,-1187,-356.0,-783.0,-1199.0,-336.0,-772.0,-1204.0,-337.0,-805.0,-1233.0
-317,-781,-1204,-356.0,-783.0,-1199.0,-338.0,-773.0,-1202.0,-336.0,-804.0,-1230.0
-311,-776,-1221,-356.0,-783.0,-1199.0,-340.0,-774.0,-1200.0,-336.0,-802.0,-1230.0
-303,-772,-1227,-356.0,-783.0,-1199.0,-341.0,-775.0,-1198.0,-335.0,-801.0,-1229.0
-309,-770,-1229,-356.0,-783.0,-1199.0,-343.0,-776.0,-1196.0,-335.0,-800.0,-1228.0
-310,-768,-1229,-356.0,-783.0,-1199.0,-344.0,-777.0,-1195.0,-335.0,-799.0,-1226.0
-312,-766,-1230,-356.0,-783.0,-1199.0,-345.0,-778.0,-1194.0,-335.0,-798.0,-1226.0
-313,-765,-1231,-356.0,-783.0,-1199.0,-347.0,-779.0,-1191.0,-335.0,-797.0,-1225.0
-314,-763,-1232,-356.0,-783.0,-1199.0,-348.0,-780.0,-1194.0,-335.0,-796.0,-1224.0
-315,-762,-1233,-356.0,-783.0,-1199.0,-349.0,-781.0,-1195.0,-335.0,-795.0,-1224.0
-316,-761,-1234,-356.0,-783.0,-1199.0,-350.0,-782.0,-1196.0,-335.0,-794.0,-1224.0
-316,-761,-1236,-356.0,-783.0,-1199.0,-353.0,-783.0,-1198.0,-335.0,-794.0,-1223.0
-316,-761,-1234,-356.0,-783.0,-1199.0,-351.0,-785.0,-1199.0,-334.0,-793.0,-1223.0
-316,-759,-1234,-356.0,-783.0,-1199.0,-350.0,-783.0,-1201.0,-333.0,-792.0,-1222.0
-316,-761,-1233,-356.0,-783.0,-1199.0,-349.0,-782.0,-1203.0,-333.0,-791.0,-1222.0
-313,-761,-1233,-356.0,-783.0,-1199.0,-347.0,-780.0,-1206.0,-332.0,-790.0,-1221.0
-316,-761,-1232,-356.0,-783.0,-1199.0,-345.0,-779.0,-1208.0,-332.0,-788.0,-1221.0
-317,-761,-1231,-356.0,-783.0,-1199.0,-343.0,-778.0,-1210.0,-331.0,-786.0,-1220.0
-317,-762,-1230,-356.0,-783.0,-1199.0,-341.0,-777.0,-1213.0,-330.0,-784.0,-1219.0
-318,-762,-1229,-356.0,-783.0,-1199.0,-339.0,-775.0,-1215.0,-329.0,-782.0,-1218.0
-319,-762,-1227,-356.0,-783.0,-1199.0,-337.0,-774.0,-1218.0,-327.0,-780.0,-1216.0
-320,-762,-1226,-356.0,-783.0,-1199.0,-334.0,-772.0,-1221.0,-326.0,-777.0,-1215.0
-321,-763,-1224,-356.0,-783.0,-1199.0,-332.0,-771.0,-1223.0,-325.0,-774.0,-1213.0
-322,-763,-1223,-356.0,-783.0,-1199.0,-331.0,-770.0,-1224.0,-325.0,-772.0,-1212.0
-324,-763,-1221,-356.0,-783.0,-1199.0,-329.0,-769.0,-1227.0,-323.0,-770.0,-1210.0
-325,-764,-1220,-356.0,-783.0,-1199.0,-328.0,-769.0,-1228.0,-323.0,-767.0,-1207.0
-326,-764,-1218,-356.0,-783.0,-1199.0,-328.0,-768.0,-1229.0,-323.0,-764.0,-1205.0
-328,-764,-1217,-356.0,-783.0,-1199.0,-328.0,-768.0,-1231.0,-321.0,-762.0,-1203.0
-330,-764,-1215,-356.0,-783.0,-1199.0,-327.0,-768.0,-1232.0,-323.0,-759.0,-1200.0
-331,-765,-1213,-356.0,-783.0,-1199.0,-326.0,-768.0,-1232.0,-323.0,-757.0,-1197.0
-333,-765,-1211,-356.0,-783.0,-1199.0,-322.0,-767.0,-1233.0,-323.0,-754.0,-1194.0
-335,-765,-1209,-356.0,-783.0,-1199.0,-325.0,-766.0,-1233.0,-324.0,-752.0,-1191.0
-338,-765,-1207,-356.0,-783.0,-1199.0,-326.0,-766.0,-1234.0,-324.0,-749.0,-1189.0
-339,-765,-1204,-356.0,-783.0,-1199.0,-326.0,-765.0,-1233.0,-324.0,-747.0,-1187.0
-342,-766,-1202,-356.0,-783.0,-1199.0,-324.0,-764.0,-1233.0,-324.0,-745.0,-1184.0
-343,-767,-1200,-356.0,-783.0,-1199.0,-320.0,-760.0,-1231.0,-325.0,-744.0,-1182.0
-344,-768,-1198,-356.0,-783.0,-1199.0,-317.0,-757.0,-1229.0,-325.0,-741.0,-1181.0
-346,-769,-1195,-356.0,-783.0,-1199.0,-314.0,-753.0,-1224.0,-326.0,-743.0,-1180.0
-346,-770,-1193,-356.0,-783.0,-1199.0,-310.0,-748.0,-1217.0,-327.0,-744.0,-1178.0
-347,-771,-1191,-356.0,-783.0,-1199.0,-302.0,-744.0,-1207.0,-328.0,-745.0,-1180.0
-347,-771,-1190,-356.0,-783.0,-1199.0,-312.0,-735.0,-1194.0,-329.0,-746.0,-1181.0
-348,-772,-1189,-356.0,-783.0,-1199.0,-321.0,-753.0,-1184.0,-330.0,-748.0,-1182.0
-350,-773,-1188,-356.0,-783.0,-1199.0,-329.0,-764.0,-1177.0,-331.0,-750.0,-1183.0
-348,-774,-1187,-356.0,-783.0,-1199.0,-347.0,-778.0,-1153.0,-331.0,-752.0,-1185.0
-348,-774,-1187,-356.0,-783.0,-1199.0,-364.0,-795.0,-1189.0,-332.0,-754.0,-1186.0
-347,-775,-1187,-356.0,-783.0,-1199.0,-372.0,-814.0,-1210.0,-332.0,-756.0,-1188.0
-347,-776,-1187,-356.0,-783.0,-1199.0,-385.0,-825.0,-1246.0,-333.0,-758.0,-1190.0
-346,-777,-1185,-356.0,-783.0,-1199.0,-400.0,-851.0,-1282.0,-333.0,-760.0,-1191.0
-346,-777,-1187,-356.0,-783.0,-1199.0,-384.0,-841.0,-1316.0,-333.0,-761.0,-1192.0
-345,-778,-1187,-356.0,-783.0,-1199.0,-379.0,-836.0,-1353.0,-333.0,-762.0,-1193.0
-344,-778,-1187,-356.0,-783.0,-1199.0,-372.0,-829.0,-1373.0,-333.0,-764.0,-1195.0
-343,-779,-1187,-356.0,-783.0,-1199.0,-361.0,-820.0,-1402.0,-333.0,-762.0,-1193.0
-341,-780,-1187,-356.0,-783.0,-1199.0,-355.0,-811.0,-1364.0,-333.0,-762.0,-1193.0
-340,-780,-1188,-356.0,-783.0,-1199.0,-348.0,-802.0,-1339.0,-335.0,-760.0,-1191.0
-339,-781,-1189,-356.0,-783.0,-1199.0,-343.0,-794.0,-1321.0,-333.0,-759.0,-1190.0
-339,-781,-1190,-356.0,-783.0,-1199.0,-338.0,-787.0,-1302.0,-333.0,-758.0,-1189.0
-338,-781,-1191,-356.0,-783.0,-1199.0,-334.0,-779.0,-1284.0,-333.0,-756.0,-1187.0
-337,-781,-1192,-356.0,-783.0,-1199.0,-330.0,-773.0,-1266.0,-333.0,-754.0,-1185.0
-337,-781,-1192,-356.0,-783.0,-1199.0,-328.0,-769.0,-1251.0,-332.0,-752.0,-1183.0
-334,-781,-1192,-356.0,-783.0,-1199.0,-326.0,-765.0,-1241.0,-332.0,-750.0,-1181.0
-337,-781,-1191,-356.0,-783.0,-1199.0,-325.0,-763.0,-1234.0,-332.0,-748.0,-1180.0
-337,-781,-1190,-356.0,-783.0,-1199.0,-324.0,-762.0,-1228.0,-332.0,-746.0,-1178.0
-338,-782,-1188,-356.0,-783.0,-1199.0,-321.0,-760.0,-1224.0,-332.0,-745.0,-1177.0
-339,-783,-1186,-356.0,-783.0,-1199.0,-323.0,-757.0,-1221.0,-332.0,-743.0,-1176.0
-340,-784,-1183,-356.0,-783.0,-1199.0,-324.0,-760.0,-1219.0,-332.0,-741.0,-1173.0
-342,-786,-1180,-356.0,-783.0,-1199.0,-324.0,-761.0,-1217.0,-332.0,-743.0,-1175.0
-344,-787,-1177,-356.0,-783.0,-1199.0,-325.0,-761.0,-1215.0,-332.0,-744.0,-1176.0
-345,-789,-1174,-356.0,-783.0,-1199.0,-325.0,-762.0,-1213.0,-330.0,-745.0,-1178.0
-347,-790,-1171,-356.0,-783.0,-1199.0,-325.0,-761.0,-1211.0,-332.0,-747.0,-1180.0
-349,-792,-1168,-356.0,-783.0,-1199.0,-326.0,-761.0,-1209.0,-332.0,-749.0,-1183.0
-350,-793,-1166,-356.0,-783.0,-1199.0,-326.0,-760.0,-1206.0,-332.0,-752.0,-1186.0
-352,-794,-1163,-356.0,-783.0,-1199.0,-326.0,-760.0,-1203.0,-332.0,-755.0,-1189.0
-353,-795,-1161,-356.0,-783.0,-1199.0,-326.0,-760.0,-1200.0,-332.0,-759.0,-1192.0
-353,-797,-1158,-356.0,-783.0,-1199.0,-326.0,-759.0,-1197.0,-332.0,-763.0,-1196.0
-354,-795,-1160,-356.0,-783.0,-1199.0,-326.0,-759.0,-1193.0,-332.0,-767.0,-1200.0
-356,-794,-1161,-356.0,-783.0,-1199.0,-326.0,-758.0,-1188.0,-332.0,-771.0,-1203.0
-354,-793,-1162,-356.0,-783.0,-1199.0,-326.0,-758.0,-1183.0,-332.0,-775.0,-1207.0
-353,-792,-1165,-356.0,-783.0,-1199.0,-326.0,-757.0,-1179.0,-333.0,-779.0,-1210.0
-353,-790,-1168,-356.0,-783.0,-1199.0,-326.0,-757.0,-1173.0,-333.0,-783.0,-1213.0
-351,-788,-1172,-356.0,-783.0,-1199.0,-327.0,-756.0,-1167.0,-334.0,-785.0,-1215.0
-350,-786,-1176,-356.0,-783.0,-1199.0,-328.0,-756.0,-1162.0,-334.0,-788.0,-1218.0
-347,-784,-1181,-356.0,-783.0,-1199.0,-329.0,-756.0,-1157.0,-334.0,-790.0,-1219.0
-345,-782,-1186,-356.0,-783.0,-1199.0,-330.0,-754.0,-1153.0,-334.0,-792.0,-1221.0
-342,-779,-1190,-356.0,-783.0,-1199.0,-331.0,-756.0,-1150.0,-334.0,-793.0,-1222.0
-339,-777,-1195,-356.0,-783.0,-1199.0,-332.0,-756.0,-1147.0,-336.0,-794.0,-1224.0
-336,-775,-1199,-356.0,-783.0,-1199.0,-333.0,-756.0,-1142.0,-335.0,-796.0,-1226.0
-333,-772,-1203,-356.0,-783.0,-1199.0,-334.0,-757.0,-1145.0,-334.0,-797.0,-1227.0
-330,-771,-1207,-356.0,-783.0,-1199.0,-335.0,-758.0,-1146.0,-334.0,-799.0,-1229.0
-328,-769,-1211,-356.0,-783.0,-1199.0,-336.0,-759.0,-1149.0,-334.0,-802.0,-1231.0
-326,-768,-1214,-356.0,-783.0,-1199.0,-337.0,-760.0,-1152.0,-333.0,-805.0,-1234.0
-324,-766,-1217,-356.0,-783.0,-1199.0,-337.0,-762.0,-1155.0,-333.0,-809.0,-1238.0
-323,-766,-1220,-356.0,-783.0,-1199.0,-338.0,-763.0,-1160.0,-334.0,-815.0,-1244.0
-322,-765,-1222,-356.0,-783.0,-1199.0,-338.0,-765.0,-1165.0,-335.0,-822.0,-1250.0
-322,-764,-1223,-356.0,-783.0,-1199.0,-339.0,-766.0,-1170.0,-336.0,-827.0,-1254.0
-321,-764,-1223,-356.0,-783.0,-1199.0,-339.0,-767.0,-1174.0,-340.0,-843.0,-1268.0
-321,-764,-1224,-356.0,-783.0,-1199.0,-340.0,-768.0,-1179.0,-337.0,-827.0,-1252.0
-321,-764,-1224,-356.0,-783.0,-1199.0,-339.0,-769.0,-1184.0,-335.0,-812.0,-1243.0
-321,-764,-1225,-356.0,-783.0,-1199.0,-339.0,-771.0,-1188.0,-333.0,-791.0,-1221.0
-320,-764,-1225,-356.0,-783.0,-1199.0,-338.0,-772.0,-1193.0,-332.0,-775.0,-1205.0
-318,-763,-1227,-356.0,-783.0,-1199.0,-338.0,-772.0,-1198.0,-330.0,-746.0,-1176.0
-314,-761,-1232,-356.0,-783.0,-1199.0,-337.0,-773.0,-1201.0,-326.0,-712.0,-1146.0
-311,-759,-1239,-356.0,-783.0,-1199.0,-337.0,-773.0,-1206.0,-330.0,-666.0,-1133.0
-307,-756,-1244,-356.0,-783.0,-1199.0,-336.0,-774.0,-1210.0,-333.0,-698.0,-1100.0
-304,-753,-1263,-356.0,-783.0,-1199.0,-336.0,-774.0,-1214.0,-336.0,-714.0,-1142.0
-295,-747,-1248,-356.0,-783.0,-1199.0,-335.0,-774.0,-1217.0,-339.0,-730.0,-1156.0
-308,-755,-1242,-356.0,-783.0,-1199.0,-335.0,-775.0,-1220.0,-343.0,-761.0,-1179.0
-319,-766,-1224,-356.0,-783.0,-1199.0,-334.0,-775.0,-1222.0,-347.0,-778.0,-1197.0
-329,-772,-1211,-356.0,-783.0,-1199.0,-334.0,-776.0,-1223.0,-350.0,-792.0,-1212.0
-344,-784,-1181,-356.0,-783.0,-1199.0,-334.0,-775.0,-1224.0,-353.0,-808.0,-1222.0
-357,-797,-1152,-356.0,-783.0,-1199.0,-334.0,-775.0,-1227.0,-349.0,-818.0,-1226.0
-367,-807,-1137,-356.0,-783.0,-1199.0,-334.0,-775.0,-1225.0,-347.0,-810.0,-1227.0
-387,-826,-1095,-356.0,-783.0,-1199.0,-334.0,-774.0,-1224.0,-345.0,-808.0,-1227.0
-363,-811,-1132,-356.0,-783.0,-1199.0,-334.0,-774.0,-1222.0,-342.0,-805.0,-1227.0
-353,-806,-1146,-356.0,-783.0,-1199.0,-334.0,-774.0,-1221.0,-339.0,-803.0,-1228.0
-340,-799,-1167,-356.0,-783.0,-1199.0,-334.0,-774.0,-1219.0,-337.0,-802.0,-1229.0
-328,-791,-1184,-356.0,-783.0,-1199.0,-335.0,-774.0,-1217.0,-336.0,-802.0,-1230.0
-318,-783,-1201,-356.0,-783.0,-1199.0,-336.0,-774.0,-1215.0,-335.0,-803.0,-1231.0
-310,-777,-1214,-356.0,-783.0,-1199.0,-337.0,-775.0,-1213.0,-336.0,-803.0,-1232.0
-300,-774,-1227,-356.0,-783.0,-1199.0,-339.0,-776.0,-1210.0,-336.0,-804.0,-1233.0
-306,-771,-1234,-356.0,-783.0,-1199.0,-340.0,-777.0,-1208.0,-336.0,-803.0,-1233.0
-309,-769,-1231,-356.0,-783.0,-1199.0,-341.0,-778.0,-1206.0,-337.0,-803.0,-1235.0
-310,-768,-1230,-356.0,-783.0,-1199.0,-343.0,-780.0,-1204.0,-336.0,-803.0,-1233.0
-312,-766,-1229,-356.0,-783.0,-1199.0,-344.0,-781.0,-1202.0,-336.0,-802.0,-1233.0
-314,-765,-1229,-356.0,-783.0,-1199.0,-346.0,-782.0,-1202.0,-336.0,-802.0,-1232.0
-316,-764,-1229,-356.0,-783.0,-1199.0,-347.0,-783.0,-1198.0,-335.0,-800.0,-1231.0
-317,-763,-1229,-356.0,-783.0,-1199.0,-348.0,-784.0,-1200.0,-335.0,-799.0,-1229.0
-318,-762,-1228,-356.0,-783.0,-1199.0,-349.0,-784.0,-1201.0,-335.0,-798.0,-1228.0
-318,-762,-1228,-356.0,-783.0,-1199.0,-351.0,-787.0,-1202.0,-334.0,-796.0,-1227.0
-318,-762,-1228,-356.0,-783.0,-1199.0,-349.0,-785.0,-1203.0,-334.0,-793.0,-1225.0
-318,-762,-1228,-356.0,-783.0,-1199.0,-348.0,-784.0,-1205.0,-334.0,-791.0,-1223.0
-318,-762,-1228,-356.0,-783.0,-1199.0,-347.0,-784.0,-1206.0,-333.0,-789.0,-1221.0
-318,-759,-1228,-356.0,-783.0,-1199.0,-346.0,-783.0,-1208.0,-333.0,-786.0,-1219.0
-318,-761,-1227,-356.0,-783.0,-1199.0,-344.0,-781.0,-1210.0,-333.0,-784.0,-1217.0
-319,-762,-1226,-356.0,-783.0,-1199.0,-342.0,-780.0,-1212.0,-332.0,-781.0,-1215.0
-319,-763,-1225,-356.0,-783.0,-1199.0,-340.0,-779.0,-1214.0,-332.0,-778.0,-1213.0
-320,-763,-1223,-356.0,-783.0,-1199.0,-338.0,-778.0,-1217.0,-331.0,-775.0,-1211.0
-322,-764,-1221,-356.0,-783.0,-1199.0,-337.0,-777.0,-1220.0,-331.0,-773.0,-1209.0
-323,-764,-1220,-356.0,-783.0,-1199.0,-335.0,-776.0,-1222.0,-330.0,-770.0,-1206.0
-324,-765,-1218,-356.0,-783.0,-1199.0,-334.0,-775.0,-1224.0,-328.0,-767.0,-1204.0
-326,-765,-1217,-356.0,-783.0,-1199.0,-332.0,-774.0,-1227.0,-327.0,-763.0,-1201.0
-327,-765,-1215,-356.0,-783.0,-1199.0,-331.0,-773.0,-1230.0,-327.0,-760.0,-1198.0
-328,-766,-1214,-356.0,-783.0,-1199.0,-330.0,-773.0,-1232.0,-326.0,-757.0,-1196.0
-329,-766,-1212,-356.0,-783.0,-1199.0,-330.0,-773.0,-1234.0,-326.0,-753.0,-1193.0
-330,-766,-1211,-356.0,-783.0,-1199.0,-329.0,-773.0,-1236.0,-326.0,-750.0,-1190.0
-331,-767,-1209,-356.0,-783.0,-1199.0,-328.0,-773.0,-1237.0,-324.0,-747.0,-1188.0
-333,-768,-1207,-356.0,-783.0,-1199.0,-328.0,-773.0,-1238.0,-326.0,-745.0,-1186.0
-334,-768,-1205,-356.0,-783.0,-1199.0,-327.0,-773.0,-1239.0,-326.0,-744.0,-1184.0
-336,-769,-1202,-356.0,-783.0,-1199.0,-327.0,-772.0,-1239.0,-326.0,-742.0,-1183.0
-338,-770,-1201,-356.0,-783.0,-1199.0,-326.0,-772.0,-1242.0,-326.0,-740.0,-1183.0
-339,-770,-1198,-356.0,-783.0,-1199.0,-326.0,-771.0,-1240.0,-327.0,-742.0,-1181.0
-340,-771,-1196,-356.0,-783.0,-1199.0,-324.0,-769.0,-1239.0,-328.0,-743.0,-1183.0
-341,-772,-1193,-356.0,-783.0,-1199.0,-321.0,-766.0,-1237.0,-328.0,-744.0,-1183.0
-343,-773,-1191,-356.0,-783.0,-1199.0,-317.0,-762.0,-1234.0,-329.0,-745.0,-1183.0
-344,-774,-1189,-356.0,-783.0,-1199.0,-312.0,-757.0,-1230.0,-329.0,-746.0,-1184.0
-345,-775,-1187,-356.0,-783.0,-1199.0,-307.0,-752.0,-1223.0,-330.0,-747.0,-1185.0
-346,-776,-1185,-356.0,-783.0,-1199.0,-296.0,-747.0,-1215.0,-330.0,-749.0,-1186.0
-346,-776,-1184,-356.0,-783.0,-1199.0,-307.0,-736.0,-1203.0,-330.0,-751.0,-1187.0
-347,-777,-1183,-356.0,-783.0,-1199.0,-314.0,-751.0,-1195.0,-331.0,-752.0,-1189.0
-349,-777,-1182,-356.0,-783.0,-1199.0,-328.0,-763.0,-1185.0,-331.0,-754.0,-1191.0
-347,-778,-1182,-356.0,-783.0,-1199.0,-343.0,-778.0,-1167.0,-331.0,-756.0,-1193.0
-347,-778,-1180,-356.0,-783.0,-1199.0,-358.0,-796.0,-1196.0,-331.0,-757.0,-1194.0
-346,-779,-1182,-356.0,-783.0,-1199.0,-369.0,-815.0,-1218.0,-331.0,-759.0,-1196.0
-346,-779,-1182,-356.0,-783.0,-1199.0,-380.0,-827.0,-1246.0,-330.0,-760.0,-1198.0
-345,-779,-1182,-356.0,-783.0,-1199.0,-393.0,-840.0,-1284.0,-330.0,-762.0,-1199.0
-343,-780,-1183,-356.0,-783.0,-1199.0,-379.0,-851.0,-1317.0,-329.0,-763.0,-1201.0
-342,-780,-1184,-356.0,-783.0,-1199.0,-372.0,-837.0,-1326.0,-329.0,-763.0,-1202.0
-341,-780,-1185,-356.0,-783.0,-1199.0,-365.0,-831.0,-1365.0,-329.0,-765.0,-1204.0
-340,-780,-1186,-356.0,-783.0,-1199.0,-357.0,-823.0,-1399.0,-327.0,-763.0,-1202.0
-339,-780,-1188,-356.0,-783.0,-1199.0,-351.0,-815.0,-1362.0,-329.0,-763.0,-1201.0
-338,-780,-1189,-356.0,-783.0,-1199.0,-346.0,-808.0,-1341.0,-329.0,-762.0,-1200.0
-337,-780,-1190,-356.0,-783.0,-1199.0,-340.0,-800.0,-1320.0,-329.0,-760.0,-1198.0
-336,-780,-1191,-356.0,-783.0,-1199.0,-335.0,-792.0,-1298.0,-330.0,-759.0,-1197.0
-335,-780,-1192,-356.0,-783.0,-1199.0,-332.0,-785.0,-1281.0,-330.0,-757.0,-1194.0
-334,-780,-1192,-356.0,-783.0,-1199.0,-329.0,-780.0,-1265.0,-330.0,-754.0,-1192.0
-332,-780,-1192,-356.0,-783.0,-1199.0,-326.0,-775.0,-1250.0,-330.0,-752.0,-1189.0
-334,-780,-1192,-356.0,-783.0,-1199.0,-325.0,-772.0,-1241.0,-330.0,-749.0,-1186.0
-335,-780,-1190,-356.0,-783.0,-1199.0,-324.0,-770.0,-1234.0,-330.0,-746.0,-1183.0
-336,-781,-1189,-356.0,-783.0,-1199.0,-324.0,-768.0,-1230.0,-331.0,-743.0,-1179.0
-336,-782,-1187,-356.0,-783.0,-1199.0,-323.0,-767.0,-1226.0,-331.0,-739.0,-1176.0
-338,-782,-1185,-356.0,-783.0,-1199.0,-323.0,-766.0,-1222.0,-331.0,-737.0,-1173.0
-340,-783,-1182,-356.0,-783.0,-1199.0,-322.0,-765.0,-1220.0,-331.0,-734.0,-1170.0
-341,-783,-1180,-356.0,-783.0,-1199.0,-321.0,-765.0,-1217.0,-331.0,-732.0,-1168.0
-343,-784,-1178,-356.0,-783.0,-1199.0,-321.0,-765.0,-1215.0,-332.0,-730.0,-1166.0
-344,-785,-1175,-356.0,-783.0,-1199.0,-321.0,-764.0,-1214.0,-332.0,-727.0,-1162.0
-346,-785,-1173,-356.0,-783.0,-1199.0,-319.0,-764.0,-1212.0,-332.0,-730.0,-1165.0
-347,-786,-1172,-356.0,-783.0,-1199.0,-321.0,-764.0,-1210.0,-332.0,-732.0,-1167.0
-348,-787,-1170,-356.0,-783.0,-1199.0,-321.0,-764.0,-1208.0,-333.0,-736.0,-1170.0
-349,-788,-1169,-356.0,-783.0,-1199.0,-321.0,-763.0,-1206.0,-333.0,-741.0,-1174.0
-350,-788,-1168,-356.0,-783.0,-1199.0,-321.0,-763.0,-1204.0,-333.0,-747.0,-1180.0
-350,-790,-1167,-356.0,-783.0,-1199.0,-322.0,-762.0,-1201.0,-333.0,-752.0,-1186.0
-352,-788,-1165,-356.0,-783.0,-1199.0,-323.0,-762.0,-1197.0,-334.0,-758.0,-1192.0
-350,-788,-1167,-356.0,-783.0,-1199.0,-323.0,-762.0,-1194.0,-334.0,-763.0,-1198.0
-350,-787,-1169,-356.0,-783.0,-1199.0,-324.0,-761.0,-1189.0,-334.0,-770.0,-1203.0
-349,-786,-1171,-356.0,-783.0,-1199.0,-325.0,-761.0,-1185.0,-335.0,-775.0,-1208.0
-348,-785,-1173,-356.0,-783.0,-1199.0,-326.0,-760.0,-1180.0,-335.0,-779.0,-1212.0
-346,-784,-1175,-356.0,-783.0,-1199.0,-327.0,-760.0,-1175.0,-335.0,-783.0,-1215.0
-344,-783,-1179,-356.0,-783.0,-1199.0,-328.0,-759.0,-1170.0,-336.0,-786.0,-1218.0
-342,-782,-1182,-356.0,-783.0,-1199.0,-329.0,-759.0,-1166.0,-336.0,-789.0,-1220.0
-340,-781,-1186,-356.0,-783.0,-1199.0,-330.0,-757.0,-1163.0,-336.0,-790.0,-1222.0
-337,-779,-1189,-356.0,-783.0,-1199.0,-331.0,-759.0,-1160.0,-336.0,-791.0,-1224.0
-334,-778,-1193,-356.0,-783.0,-1199.0,-332.0,-759.0,-1158.0,-337.0,-793.0,-1225.0
-332,-777,-1196,-356.0,-783.0,-1199.0,-334.0,-760.0,-1154.0,-336.0,-794.0,-1226.0
-330,-776,-1200,-356.0,-783.0,-1199.0,-334.0,-761.0,-1157.0,-336.0,-795.0,-1228.0
-328,-774,-1203,-356.0,-783.0,-1199.0,-335.0,-762.0,-1160.0,-336.0,-795.0,-1228.0
-326,-773,-1205,-356.0,-783.0,-1199.0,-336.0,-763.0,-1162.0,-336.0,-796.0,-1229.0
-323,-773,-1208,-356.0,-783.0,-1199.0,-336.0,-764.0,-1165.0,-336.0,-800.0,-1233.0
-321,-772,-1211,-356.0,-783.0,-1199.0,-337.0,-765.0,-1168.0,-335.0,-806.0,-1239.0
-320,-772,-1213,-356.0,-783.0,-1199.0,-337.0,-766.0,-1173.0,-335.0,-811.0,-1244.0
-319,-771,-1214,-356.0,-783.0,-1199.0,-338.0,-767.0,-1176.0,-334.0,-816.0,-1249.0
-315,-770,-1216,-356.0,-783.0,-1199.0,-338.0,-768.0,-1180.0,-334.0,-834.0,-1267.0
-317,-769,-1218,-356.0,-783.0,-1199.0,-338.0,-770.0,-1185.0,-333.0,-819.0,-1256.0
-318,-769,-1219,-356.0,-783.0,-1199.0,-339.0,-771.0,-1188.0,-331.0,-800.0,-1236.0
-319,-768,-1220,-356.0,-783.0,-1199.0,-338.0,-772.0,-1193.0,-330.0,-787.0,-1225.0
-319,-767,-1221,-356.0,-783.0,-1199.0,-338.0,-773.0,-1196.0,-328.0,-770.0,-1205.0
-319,-765,-1224,-356.0,-783.0,-1199.0,-338.0,-774.0,-1200.0,-325.0,-743.0,-1180.0
-316,-763,-1230,-356.0,-783.0,-1199.0,-337.0,-776.0,-1203.0,-327.0,-706.0,-1148.0
-313,-759,-1239,-356.0,-783.0,-1199.0,-337.0,-777.0,-1206.0,-328.0,-693.0,-1136.0
-309,-755,-1245,-356.0,-783.0,-1199.0,-337.0,-777.0,-1209.0,-331.0,-664.0,-1103.0
-304,-751,-1250,-356.0,-783.0,-1199.0,-336.0,-778.0,-1211.0,-334.0,-714.0,-1142.0
-293,-747,-1272,-356.0,-783.0,-1199.0,-336.0,-778.0,-1214.0,-338.0,-731.0,-1158.0
-304,-739,-1255,-356.0,-783.0,-1199.0,-335.0,-779.0,-1216.0,-342.0,-753.0,-1177.0
-309,-752,-1240,-356.0,-783.0,-1199.0,-335.0,-779.0,-1217.0,-346.0,-783.0,-1202.0
-321,-759,-1229,-356.0,-783.0,-1199.0,-334.0,-779.0,-1219.0,-349.0,-799.0,-1214.0
-337,-774,-1203,-356.0,-783.0,-1199.0,-334.0,-779.0,-1220.0,-352.0,-808.0,-1226.0
-353,-787,-1174,-356.0,-783.0,-1199.0,-334.0,-779.0,-1222.0,-349.0,-817.0,-1234.0
-363,-795,-1149,-356.0,-783.0,-1199.0,-334.0,-779.0,-1220.0,-347.0,-810.0,-1230.0
-390,-804,-1134,-356.0,-783.0,-1199.0,-334.0,-779.0,-1220.0,-345.0,-807.0,-1229.0
-370,-824,-1096,-356.0,-783.0,-1199.0,-334.0,-779.0,-1219.0,-343.0,-805.0,-1229.0
-359,-807,-1141,-356.0,-783.0,-1199.0,-334.0,-779.0,-1217.0,-341.0,-803.0,-1229.0
-346,-799,-1155,-356.0,-783.0,-1199.0,-334.0,-779.0,-1216.0,-339.0,-802.0,-1230.0
-335,-791,-1180,-356.0,-783.0,-1199.0,-335.0,-779.0,-1214.0,-338.0,-800.0,-1232.0
-323,-783,-1199,-356.0,-783.0,-1199.0,-336.0,-779.0,-1212.0,-337.0,-799.0,-1230.0
-314,-776,-1213,-356.0,-783.0,-1199.0,-337.0,-779.0,-1210.0,-336.0,-798.0,-1230.0
-309,-771,-1227,-356.0,-783.0,-1199.0,-338.0,-779.0,-1207.0,-336.0,-797.0,-1229.0
-304,-769,-1233,-356.0,-783.0,-1199.0,-339.0,-779.0,-1205.0,-336.0,-796.0,-1228.0
-308,-766,-1234,-356.0,-783.0,-1199.0,-340.0,-780.0,-1203.0,-336.0,-795.0,-1227.0
-310,-764,-1236,-356.0,-783.0,-1199.0,-342.0,-781.0,-1201.0,-336.0,-794.0,-1226.0
-311,-762,-1237,-356.0,-783.0,-1199.0,-344.0,-782.0,-1200.0,-336.0,-792.0,-1225.0
-312,-760,-1238,-356.0,-783.0,-1199.0,-345.0,-784.0,-1198.0,-335.0,-791.0,-1224.0
-314,-759,-1239,-356.0,-783.0,-1199.0,-347.0,-785.0,-1197.0,-335.0,-790.0,-1223.0
-314,-758,-1241,-356.0,-783.0,-1199.0,-348.0,-786.0,-1194.0,-335.0,-789.0,-1222.0
-314,-755,-1239,-356.0,-783.0,-1199.0,-349.0,-788.0,-1196.0,-334.0,-787.0,-1221.0
-315,-757,-1238,-356.0,-783.0,-1199.0,-351.0,-789.0,-1197.0,-334.0,-786.0,-1221.0
-316,-758,-1237,-356.0,-783.0,-1199.0,-351.0,-790.0,-1198.0,-333.0,-785.0,-1220.0
-317,-758,-1236,-356.0,-783.0,-1199.0,-352.0,-790.0,-1199.0,-332.0,-783.0,-1220.0
-317,-759,-1235,-356.0,-783.0,-1199.0,-354.0,-792.0,-1201.0,-331.0,-781.0,-1219.0
-318,-759,-1233,-356.0,-783.0,-1199.0,-352.0,-791.0,-1204.0,-331.0,-780.0,-1218.0
-319,-760,-1232,-356.0,-783.0,-1199.0,-351.0,-790.0,-1206.0,-330.0,-778.0,-1217.0
-320,-761,-1230,-356.0,-783.0,-1199.0,-349.0,-789.0,-1209.0,-329.0,-776.0,-1216.0
-321,-761,-1229,-356.0,-783.0,-1199.0,-348.0,-789.0,-1211.0,-328.0,-774.0,-1215.0
-322,-762,-1227,-356.0,-783.0,-1199.0,-346.0,-788.0,-1214.0,-327.0,-772.0,-1213.0
-324,-763,-1225,-356.0,-783.0,-1199.0,-344.0,-786.0,-1217.0,-327.0,-770.0,-1212.0
-325,-763,-1223,-356.0,-783.0,-1199.0,-341.0,-785.0,-1220.0,-326.0,-767.0,-1210.0
-327,-764,-1221,-356.0,-783.0,-1199.0,-339.0,-784.0,-1223.0,-325.0,-765.0,-1208.0
-328,-765,-1219,-356.0,-783.0,-1199.0,-337.0,-783.0,-1226.0,-325.0,-762.0,-1206.0
-330,-765,-1217,-356.0,-783.0,-1199.0,-335.0,-781.0,-1228.0,-324.0,-760.0,-1204.0
-331,-766,-1215,-356.0,-783.0,-1199.0,-333.0,-781.0,-1230.0,-324.0,-757.0,-1202.0
-333,-766,-1213,-356.0,-783.0,-1199.0,-332.0,-780.0,-1232.0,-323.0,-754.0,-1200.0
-335,-767,-1212,-356.0,-783.0,-1199.0,-331.0,-779.0,-1233.0,-323.0,-752.0,-1198.0
-336,-767,-1210,-356.0,-783.0,-1199.0,-330.0,-778.0,-1235.0,-323.0,-750.0,-1196.0
-338,-767,-1208,-356.0,-783.0,-1199.0,-329.0,-777.0,-1236.0,-321.0,-748.0,-1195.0
-340,-769,-1206,-356.0,-783.0,-1199.0,-328.0,-777.0,-1237.0,-323.0,-747.0,-1193.0
-341,-767,-1205,-356.0,-783.0,-1199.0,-328.0,-777.0,-1238.0,-323.0,-745.0,-1192.0
-343,-767,-1203,-356.0,-783.0,-1199.0,-328.0,-777.0,-1238.0,-323.0,-745.0,-1191.0
-344,-767,-1202,-356.0,-783.0,-1199.0,-328.0,-777.0,-1239.0,-323.0,-745.0,-1190.0
-345,-767,-1201,-356.0,-783.0,-1199.0,-328.0,-776.0,-1240.0,-324.0,-742.0,-1189.0
-347,-767,-1200,-356.0,-783.0,-1199.0,-327.0,-775.0,-1240.0,-324.0,-745.0,-1189.0
-348,-767,-1199,-356.0,-783.0,-1199.0,-326.0,-773.0,-1243.0,-325.0,-745.0,-1189.0
-349,-767,-1198,-356.0,-783.0,-1199.0,-323.0,-771.0,-1240.0,-326.0,-745.0,-1189.0
-350,-767,-1197,-356.0,-783.0,-1199.0,-318.0,-766.0,-1238.0,-327.0,-746.0,-1186.0
-350,-767,-1197,-356.0,-783.0,-1199.0,-315.0,-763.0,-1236.0,-327.0,-747.0,-1189.0
-350,-767,-1197,-356.0,-783.0,-1199.0,-309.0,-756.0,-1231.0,-328.0,-749.0,-1190.0
-352,-767,-1195,-356.0,-783.0,-1199.0,-304.0,-751.0,-1223.0,-329.0,-751.0,-1190.0
-350,-768,-1197,-356.0,-783.0,-1199.0,-297.0,-741.0,-1213.0,-330.0,-753.0,-1191.0
-350,-768,-1197,-356.0,-783.0,-1199.0,-308.0,-750.0,-1202.0,-331.0,-754.0,-1192.0
-349,-768,-1197,-356.0,-783.0,-1199.0,-323.0,-767.0,-1194.0,-331.0,-756.0,-1193.0
-349,-768,-1197,-356.0,-783.0,-1199.0,-335.0,-777.0,-1186.0,-332.0,-758.0,-1194.0
-348,-768,-1198,-356.0,-783.0,-1199.0,-352.0,-797.0,-1171.0,-333.0,-759.0,-1195.0
-347,-768,-1198,-356.0,-783.0,-1199.0,-368.0,-819.0,-1204.0,-334.0,-759.0,-1196.0
-346,-769,-1199,-356.0,-783.0,-1199.0,-379.0,-831.0,-1237.0,-334.0,-761.0,-1195.0
-345,-770,-1201,-356.0,-783.0,-1199.0,-394.0,-844.0,-1265.0,-335.0,-759.0,-1194.0
-344,-769,-1202,-356.0,-783.0,-1199.0,-381.0,-855.0,-1299.0,-335.0,-758.0,-1193.0
-343,-768,-1203,-356.0,-783.0,-1199.0,-375.0,-844.0,-1337.0,-336.0,-757.0,-1191.0
-342,-768,-1204,-356.0,-783.0,-1199.0,-367.0,-838.0,-1357.0,-336.0,-756.0,-1190.0
-341,-768,-1205,-356.0,-783.0,-1199.0,-359.0,-829.0,-1382.0,-337.0,-755.0,-1189.0
-340,-768,-1206,-356.0,-783.0,-1199.0,-354.0,-822.0,-1355.0,-336.0,-754.0,-1188.0
-340,-767,-1207,-356.0,-783.0,-1199.0,-348.0,-813.0,-1338.0,-336.0,-753.0,-1186.0
-339,-767,-1207,-356.0,-783.0,-1199.0,-343.0,-806.0,-1319.0,-336.0,-752.0,-1185.0
-339,-767,-1208,-356.0,-783.0,-1199.0,-339.0,-798.0,-1300.0,-335.0,-750.0,-1184.0
-337,-767,-1210,-356.0,-783.0,-1199.0,-334.0,-792.0,-1284.0,-335.0,-749.0,-1183.0
-339,-767,-1208,-356.0,-783.0,-1199.0,-331.0,-785.0,-1268.0,-334.0,-748.0,-1183.0
-339,-767,-1208,-356.0,-783.0,-1199.0,-328.0,-781.0,-1256.0,-333.0,-747.0,-1182.0
-339,-768,-1206,-356.0,-783.0,-1199.0,-326.0,-777.0,-1246.0,-333.0,-745.0,-1182.0
-340,-768,-1205,-356.0,-783.0,-1199.0,-325.0,-774.0,-1240.0,-333.0,-745.0,-1180.0
-341,-769,-1203,-356.0,-783.0,-1199.0,-324.0,-772.0,-1235.0,-333.0,-745.0,-1182.0
-342,-770,-1201,-356.0,-783.0,-1199.0,-324.0,-771.0,-1231.0,-333.0,-745.0,-1182.0
-343,-770,-1200,-356.0,-783.0,-1199.0,-323.0,-770.0,-1228.0,-338.0,-744.0,-1182.0
-344,-771,-1198,-356.0,-783.0,-1199.0,-323.0,-769.0,-1226.0,-343.0,-784.0,-1183.0
-345,-772,-1196,-356.0,-783.0,-1199.0,-322.0,-768.0,-1224.0,-345.0,-782.0,-1183.0
-346,-773,-1195,-356.0,-783.0,-1199.0,-322.0,-768.0,-1222.0,-343.0,-781.0,-1184.0
-346,-773,-1194,-356.0,-783.0,-1199.0,-322.0,-767.0,-1221.0,-342.0,-780.0,-1185.0
-347,-774,-1193,-356.0,-783.0,-1199.0,-322.0,-767.0,-1219.0,-340.0,-779.0,-1188.0
-348,-774,-1191,-356.0,-783.0,-1199.0,-322.0,-766.0,-1217.0,-339.0,-777.0,-1191.0
-348,-775,-1190,-356.0,-783.0,-1199.0,-322.0,-766.0,-1216.0,-336.0,-775.0,-1194.0
-349,-775,-1190,-356.0,-783.0,-1199.0,-320.0,-766.0,-1213.0,-333.0,-773.0,-1199.0
-350,-777,-1188,-356.0,-783.0,-1199.0,-322.0,-765.0,-1210.0,-331.0,-771.0,-1204.0
-350,-775,-1190,-356.0,-783.0,-1199.0,-322.0,-765.0,-1208.0,-329.0,-769.0,-1208.0
-350,-775,-1190,-356.0,-783.0,-1199.0,-322.0,-764.0,-1204.0,-326.0,-767.0,-1213.0
-352,-775,-1190,-356.0,-783.0,-1199.0,-322.0,-764.0,-1201.0,-324.0,-766.0,-1218.0
-350,-774,-1191,-356.0,-783.0,-1199.0,-323.0,-763.0,-1196.0,-322.0,-764.0,-1222.0
-350,-774,-1192,-356.0,-783.0,-1199.0,-323.0,-763.0,-1191.0,-320.0,-762.0,-1227.0
-348,-773,-1194,-356.0,-783.0,-1199.0,-324.0,-762.0,-1186.0,-333.0,-767.0,-1203.0
-346,-773,-1197,-356.0,-783.0,-1199.0,-325.0,-762.0,-1182.0,-333.0,-767.0,-1203.0
-344,-772,-1199,-356.0,-783.0,-1199.0,-325.0,-761.0,-1176.0,-333.0,-767.0,-1203.0
-342,-771,-1202,-356.0,-783.0,-1199.0,-326.0,-761.0,-1172.0,-333.0,-767.0,-1203.0
-340,-770,-1206,-356.0,-783.0,-1199.0,-327.0,-761.0,-1168.0,-333.0,-767.0,-1203.0
-337,-769,-1209,-356.0,-783.0,-1199.0,-328.0,-759.0,-1165.0,-333.0,-767.0,-1203.0
-335,-768,-1213,-356.0,-783.0,-1199.0,-329.0,-761.0,-1163.0,-333.0,-767.0,-1203.0
-332,-767,-1216,-356.0,-783.0,-1199.0,-330.0,-761.0,-1162.0,-333.0,-767.0,-1203.0
-330,-765,-1220,-356.0,-783.0,-1199.0,-332.0,-761.0,-1159.0,-333.0,-767.0,-1203.0
-328,-765,-1222,-356.0,-783.0,-1199.0,-332.0,-762.0,-1163.0,-333.0,-767.0,-1203.0
-326,-764,-1225,-356.0,-783.0,-1199.0,-333.0,-763.0,-1164.0,-333.0,-767.0,-1203.0
-324,-763,-1227,-356.0,-783.0,-1199.0,-334.0,-764.0,-1167.0,-333.0,-767.0,-1203.0
-323,-763,-1228,-356.0,-783.0,-1199.0,-337.0,-765.0,-1170.0,-333.0,-767.0,-1203.0
-322,-763,-1229,-356.0,-783.0,-1199.0,-335.0,-766.0,-1172.0,-333.0,-767.0,-1203.0
-322,-763,-1230,-356.0,-783.0,-1199.0,-334.0,-766.0,-1194.0,-333.0,-767.0,-1203.0
-322,-763,-1230,-356.0,-783.0,-1199.0,-303.0,-749.0,-1195.0,-333.0,-767.0,-1203.0
-321,-763,-1230,-356.0,-783.0,-1199.0,-306.0,-749.0,-1194.0,-333.0,-767.0,-1203.0
-321,-763,-1230,-356.0,-783.0,-1199.0,-306.0,-747.0,-1194.0,-333.0,-767.0,-1203.0
-320,-763,-1231,-356.0,-783.0,-1199.0,-308.0,-749.0,-1194.0,-333.0,-767.0,-1203.0
-319,-763,-1235,-356.0,-783.0,-1199.0,-310.0,-749.0,-1194.0,-333.0,-767.0,-1203.0
-316,-760,-1240,-356.0,-783.0,-1199.0,-312.0,-750.0,-1192.0,-333.0,-767.0,-1203.0
-313,-757,-1245,-356.0,-783.0,-1199.0,-315.0,-751.0,-1194.0,-333.0,-767.0,-1203.0
-310,-754,-1250,-356.0,-783.0,-1199.0,-317.0,-752.0,-1194.0,-333.0,-767.0,-1203.0
-306,-750,-1257,-356.0,-783.0,-1199.0,-319.0,-754.0,-1194.0,-333.0,-767.0,-1203.0
-298,-742,-1273,-356.0,-783.0,-1199.0,-320.0,-755.0,-1194.0,-333.0,-767.0,-1203.0
-309,-747,-1252,-356.0,-783.0,-1199.0,-322.0,-757.0,-1195.0,-333.0,-767.0,-1203.0
-316,-756,-1235,-356.0,-783.0,-1199.0,-324.0,-758.0,-1196.0,-333.0,-767.0,-1203.0
-330,-763,-1220,-356.0,-783.0,-1199.0,-325.0,-760.0,-1196.0,-333.0,-767.0,-1203.0
-344,-774,-1200,-356.0,-783.0,-1199.0,-327.0,-761.0,-1197.0,-333.0,-767.0,-1203.0
-355,-786,-1167,-356.0,-783.0,-1199.0,-328.0,-762.0,-1197.0,-333.0,-767.0,-1203.0
-365,-794,-1149,-356.0,-783.0,-1199.0,-329.0,-762.0,-1198.0,-333.0,-767.0,-1203.0
-385,-803,-1114,-356.0,-783.0,-1199.0,-330.0,-763.0,-1198.0,-333.0,-767.0,-1203.0
-358,-815,-1145,-356.0,-783.0,-1199.0,-330.0,-763.0,-1198.0,-333.0,-767.0,-1203.0
-349,-798,-1169,-356.0,-783.0,-1199.0,-330.0,-763.0,-1198.0,-333.0,-767.0,-1203.0
-341,-792,-1181,-356.0,-783.0,-1199.0,-329.0,-763.0,-1197.0,-333.0,-767.0,-1203.0
-332,-784,-1195,-356.0,-783.0,-1199.0,-328.0,-762.0,-1196.0,-333.0,-767.0,-1203.0
-316,-778,-1217,-356.0,-783.0,-1199.0,-328.0,-761.0,-1195.0,-333.0,-767.0,-1203.0
-308,-772,-1233,-356.0,-783.0,-1199.0,-327.0,-760.0,-1194.0,-333.0,-767.0,-1203.0
-304,-769,-1238,-356.0,-783.0,-1199.0,-325.0,-759.0,-1193.0,-333.0,-767.0,-1203.0
-304,-767,-1240,-356.0,-783.0,-1199.0,-324.0,-757.0,-1192.0,-333.0,-767.0,-1203.0
-768,-767,-1240,-356.0,-783.0,-1199.0,-322.0,-756.0,-1191.0,-333.0,-767.0,-1203.0
-327,-767,-1260,-356.0,-783.0,-1199.0,-321.0,-755.0,-1190.0,-333.0,-767.0,-1203.0
-327,-767,-1253,-356.0,-783.0,-1199.0,-320.0,-753.0,-1189.0,-333.0,-767.0,-1203.0
-326,-780,-1251,-356.0,-783.0,-1199.0,-319.0,-752.0,-1187.0,-333.0,-767.0,-1203.0
-325,-772,-1249,-356.0,-783.0,-1199.0,-317.0,-751.0,-1186.0,-333.0,-767.0,-1203.0
-321,-770,-1245,-356.0,-783.0,-1199.0,-317.0,-750.0,-1185.0,-333.0,-767.0,-1203.0
-324,-768,-1240,-356.0,-783.0,-1199.0,-317.0,-749.0,-1184.0,-333.0,-767.0,-1203.0
-324,-767,-1237,-356.0,-783.0,-1199.0,-315.0,-749.0,-1183.0,-333.0,-767.0,-1203.0
-324,-766,-1236,-356.0,-783.0,-1199.0,-317.0,-749.0,-1183.0,-333.0,-767.0,-1203.0
-324,-766,-1234,-356.0,-783.0,-1199.0,-317.0,-747.0,-1182.0,-333.0,-767.0,-1203.0
-325,-766,-1233,-356.0,-783.0,-1199.0,-317.0,-749.0,-1182.0,-333.0,-767.0,-1203.0
-325,-766,-1232,-356.0,-783.0,-1199.0,-317.0,-749.0,-1182.0,-333.0,-767.0,-1203.0
-325,-765,-1230,-356.0,-783.0,-1199.0,-318.0,-749.0,-1180.0,-333.0,-767.0,-1203.0
-325,-765,-1228,-356.0,-783.0,-1199.0,-319.0,-750.0,-1182.0,-333.0,-767.0,-1203.0
-325,-764,-1227,-356.0,-783.0,-1199.0,-321.0,-751.0,-1182.0,-333.0,-767.0,-1203.0
-325,-764,-1224,-356.0,-783.0,-1199.0,-323.0,-753.0,-1182.0,-333.0,-767.0,-1203.0
-325,-763,-1222,-356.0,-783.0,-1199.0,-326.0,-755.0,-1184.0,-333.0,-767.0,-1203.0
-325,-762,-1219,-356.0,-783.0,-1199.0,-331.0,-768.0,-1207.0,-333.0,-767.0,-1203.0
-325,-761,-1216,-356.0,-783.0,-1199.0,-331.0,-768.0,-1207.0,-333.0,-767.0,-1203.0
-324,-761,-1213,-356.0,-783.0,-1199.0,-331.0,-768.0,-1207.0,-333.0,-767.0,-1203.0
-324,-759,-1209,-356.0,-783.0,-1199.0,-331.0,-768.0,-1207.0,-333.0,-767.0,-1203.0
-322,-758,-1205,-356.0,-783.0,-1199.0,-331.0,-768.0,-1207.0,-333.0,-767.0,-1203.0
-324,-757,-1201,-356.0,-783.0,-1199.0,-331.0,-768.0,-1207.0,-333.0,-767.0,-1203.0
-324,-755,-1197,-356.0,-783.0,-1199.0,-331.0,-768.0,-1207.0,-333.0,-767.0,-1203.0
-324,-754,-1193,-356.0,-783.0,-1199.0,-331.0,-768.0,-1207.0,-333.0,-767.0,-1203.0
-325,-753,-1190,-356.0,-783.0,-1199.0,-331.0,-768.0,-1207.0,-333.0,-767.0,-1203.0
-325,-751,-1186,-356.0,-783.0,-1199.0,-331.0,-768.0,-1207.0,-333.0,-767.0,-1203.0
-326,-751,-1184,-356.0,-783.0,-1199.0,-331.0,-768.0,-1207.0,-333.0,-767.0,-1203.0
-327,-749,-1181,-356.0,-783.0,-1199.0,-331.0,-768.0,-1207.0,-333.0,-767.0,-1203.0
-328,-747,-1180,-356.0,-783.0,-1199.0,-331.0,-768.0,-1207.0,-333.0,-767.0,-1203.0
-329,-749,-1177,-356.0,-783.0,-1199.0,-331.0,-768.0,-1207.0,-333.0,-767.0,-1203.0
-329,-749,-1179,-356.0,-783.0,-1199.0,-331.0,-768.0,-1207.0,-333.0,-767.0,-1203.0
-330,-750,-1180,-356.0,-783.0,-1199.0,-331.0,-768.0,-1207.0,-333.0,-767.0,-1203.0
-331,-750,-1182,-356.0,-783.0,-1199.0,-331.0,-768.0,-1207.0,-333.0,-767.0,-1203.0
-332,-751,-1184,-356.0,-783.0,-1199.0,-331.0,-768.0,-1207.0,-333.0,-767.0,-1203.0
-333,-752,-1187,-356.0,-783.0,-1199.0,-331.0,-768.0,-1207.0,-333.0,-767.0,-1203.0
-333,-754,-1190,-356.0,-783.0,-1199.0,-331.0,-768.0,-1207.0,-333.0,-767.0,-1203.0
-334,-755,-1193,-356.0,-783.0,-1199.0,-331.0,-768.0,-1207.0,-333.0,-767.0,-1203.0
-335,-757,-1195,-356.0,-783.0,-1199.0,-331.0,-768.0,-1207.0,-333.0,-767.0,-1203.0
-335,-759,-1198,-356.0,-783.0,-1199.0,-331.0,-768.0,-1207.0,-333.0,-767.0,-1203.0
-336,-760,-1200,-356.0,-783.0,-1199.0,-331.0,-768.0,-1207.0,-333.0,-767.0,-1203.0
-336,-762,-1203,-356.0,-783.0,-1199.0,-331.0,-768.0,-1207.0,-333.0,-767.0,-1203.0
